ба 	баба		ба'ба, къ ба'бѣ	^
 	бабёнка		бабёнка, о бабёнкѣ	 
 	бабушка		ба'бушка, о ба'бушкѣ	 
 	бабье		ба'бье (лѣ'то), но бабьё (гpуб.)	 
 	бабьё		бабьё (гpуб.), но ба'бье (лѣ'то)	 
 	Баб-эль-Мандебский		Бабельманде'бскій (проли'въ)	 
 	баварец		бава'рецъ, бава'рцемъ, о бава'рцѣ	 
 	Бавария		Бава'рія, бава'рецъ, бава'рцемъ, бава'рскій, бава'рскихъ	 
 	багет		баге'тъ (рѣзна'я пла'нка для изготовле'нія рамъ и карни'зовъ)	 
 	багор		баго'ръ	 
 	багрение		багре'ніе и багре'нье	 
 	багрец		багре'цъ (багря'нецъ), багрецо'вый	 
 	багровое		багро'вое	 
 	багровые		багро'вые (м. р.), багро'выя (ж. р. и ср. р.)	 
 	багровый		багро'вый, багро'ваго	 
 	багроветь		багровѣ'ть, багровѣ'етъ	 
 	багрянеть		багрянѣ'ть, багрянѣ'етъ	 
 	багрянец		багря'нецъ, багря'нцемъ, въ багря'нцѣ	 
 	багряница		багряни'ца (ма'нтія багря'наго цвѣ'та, порфи'ра), въ багряни'цѣ	 
 	багряное		багря'ное	 
 	багряные		багря'ные (м. р.), багря'ныя (ж. р. и ср. р.)	 
 	багряный		багря'ный, багря'наго	 
 	бадеечка		баде'ечка	 
 	бадейка		баде'йка, бадьёй, бадьёю	 
 	Баден-Баден		Ба'денъ-Ба'денъ	 
 	баять		ба'ять (говори'ть), ба'етъ, ба'ешь, ба'емъ, ба'ютъ	 
 	базамент		базаме'нтъ (постаме'нтъ, фунда'ментъ)	 
 	базар		база'ръ, на база'рѣ	 
 	Базедова		Базе'дова (болѣ'знь)	 
 	Базель		Ба'зель	 
 	бакалавр		бакала'връ (учёная сте'пень)	 
 	бакалейщик		бакале'йщикъ	 
 	бакалея		бакале'я, въ бакале'ѣ	 
 	бакен		ба'кенъ, на ба'кенѣ	 
 	бакенбарды		бакенба'рды, ед. ч. — бакенба'рда и бакенба'рдъ	 
 	бактерия		бакте'рія	 
 	бал		балъ (ве'черъ та'нцевъ)	 
 	балаган		балага'нъ, въ балага'нѣ	 
 	балагурить		балагу'рить	 
 	балалаечник		балала'ечникъ	 
 	балалайка		балала'йка, на балала'йкѣ	 
 	баланец		балане'цъ	 
 	баланс		бала'нсъ, на бала'нсѣ	 
 	балансёр		балансёръ	 
 	балбес		балбе'съ, о балбе'сѣ	 
 	балдахин		балдахи'нъ	 
 	балдеть		балдѣ'ть, балдѣ'ю, балдѣ'ешь	 
 	Балеарские		Балеа'рскіе (острова')	 
 	балерина		балери'на	 
 	балестра		бале'стра	 
 	балет		бале'тъ, въ бале'тѣ (театра'льное представле'ніе, состоя'щее изъ та'нцевъ съ пантоми'мами)	 
 	балетмейстер		балетме'йстеръ (сочини'тель бале'товъ; учи'тель бале'тныхъ та'нцевъ)	 
 	балкон		балко'нъ, на балко'нѣ, балко'нное	 
 	балл		баллъ (отмѣ'тка)	 
 	баллада		балла'да, въ балла'дѣ	 
 	балласт		балла'стъ	 
 	баллотировка		баллотиро'вка	 
 	баловаться		балова'ться	 
 	баловень		ба'ловень, ба'ловнемъ, о ба'ловнѣ	 
 	балтийский		балті'йскій	 
 	Балтийское		Балті'йское (мо'ре)	 
 	балуешь		балу'ешь, балу'етъ, балу'емъ	 
 	балуешься		балу'ешься, балу'ется, балу'емся	 
 	бальнеология		бальнеоло'гія (раздѣ'лъ медици'ны, изуча'ющій минера'льныя во'ды и лѣче'бныя гря'зи)	 
 	банальнее		бана'льнѣе	 
 	банальнейший		бана'льнѣйшій	 
 	банального		бана'льнаго	 
 	банальные		бана'льные (м. р.), бана'льныя (ж. р. и ср. р.)	 
 	банальный		бана'льный, бана'льнаго	 
 	бандерильеро		бандерилье'ро	 
 	бандерилья		бандери'лья	 
 	бандероль		бандеро'ль	 
 	бандлет		бандле'тъ	 
 	банк		ба'нкъ, въ ба'нкѣ (ва'у, вотъ онъ я'ть-то! :)	 
 	банка		ба'нка, въ ба'нкѣ	 
 	банкет		банке'тъ, на банке'тѣ	 
 	банкёр		банкёръ	 
 	банкир		банки'ръ	 
 	банковские		ба'нковскіе (м. р.), ба'нковскія (ж. р. и ср. р.)	 
 	банковский		ба'нковскій, ба'нковскаго	 
 	банковского		ба'нковскаго	 
 	банковское		ба'нковское	 
 	банкомёт		банкомётъ	 
 	банкрот		банкро'тъ и банкру'тъ	 
 	банкротство		банкро'тство, о банкро'тствѣ	 
 	баннер		ба'ннеръ	 
 	баннерьер		баннерье'ръ	 
 	банщик		ба'нщикъ	 
 	банщица		ба'нщица	 
 	баня		ба'ня, въ ба'нѣ, ба'нное	 
 	баптистерий		баптисте'рій	 
 	бар		баръ, въ ба'рѣ	 
 	баратерия		барате'рія (те'рминъ торго'во-морско'го пра'ва)	 
 	барахтаться		бара'хтаться	 
 	барашек		бара'шекъ	 
 	барбет		барбе'тъ (защи'тное сооруже'ніе вокру'гъ артиллері'йскаго ору'дія)	 
 	барбетка		барбе'тка	 
 	баре		ба'ре (господа'), въ ба'рѣ (заведе'ніи)	 
 	бареж		баре'жъ (лёгкая прозра'чная ткань), баре'жевый	 
 	барельеф		барелье'фъ, на барелье'фѣ	 
 	баржа		ба'ржа, на ба'ржѣ, мн. баржъ, тв. ба'ржей	 
 	баржа		баржа' (пpоcт.), на баржѣ', мн. барже'й, тв. баржо'й	 
 	баржевый		ба'ржевый	 
 	барин		ба'ринъ, им. п. мн. ч. ба'ра и ба'ре	 
 	баркас		барка'съ, на барка'сѣ	 
 	барометр		баро'метръ	 
 	баронесса		бароне'сса	 
 	баронет		бароне'тъ	 
 	баррель		ба'ррель	 
 	баррет		барре'тъ, баре'тъ	 
 	баррикада		баррика'да, на баррика'дѣ	 
 	барристер		ба'рристеръ (катего'рія адвока'товъ въ Великобрита'ніи)	 
 	Барселона		Барсело'на	 
 	бартер		ба'ртеръ	 
 	барчонок		барчо'нокъ, барчу'къ	 
 	барыня		ба'рыня, ба'рыней, о ба'рынѣ	 
 	барыш		бары'шъ, барышо'мъ, въ барышѣ'	 
 	барышня		ба'рышня, ба'рышней, къ ба'рышнѣ, род. п. мн. ч. ба'рышень	 
 	барьер		барье'ръ, къ барье'ру	 
 	басенка		ба'сенка, въ ба'сенкѣ	 
 	басенник		ба'сенникъ	 
 	басенный		ба'сенный	 
 	басище		баси'ще (басъ)	 
 	баской		баско'й (краси'вый), баско'го	 
 	баснописец		баснопи'сецъ	 
 	басня		ба'сня и ба'снь, въ ба'снѣ	 
 	бассейн		бассе'йнъ, въ бассе'йнѣ	 
 	бастион		бастіо'нъ, на бастіо'нѣ	 
 	басурман		басурма'нъ и бусурма'нъ, басурма'не, басурма'нскій	 
 	баталёр		баталёръ	 
 	баталия		бата'лія	 
 	батальон		батальо'нъ и баталіо'нъ, въ батальо'нѣ	 
 	батарея		батаре'я, на батаре'ѣ	 
 	батенька		ба'тенька	 
 	батрачество		батра'чество, батра'ческій	 
 	батюшка		ба'тюшка, къ ба'тюшкѣ, по ба'тюшкѣ	 
 	баулец		бау'лецъ	 
 	бахча		бахча' и бакча', на бахчѣ'	 
 	бацилла		баци'лла	 
 	башенка		ба'шенка	 
 	башенный		ба'шенный	 
 	башня		ба'шня, на ба'шнѣ, род. п. мн. ч. ба'шенъ	 
 	баядерка		баяде'рка (танцо'вщица, же'нщина лёгкаго поведе'нія, куртиза'нка)	 
 	Баязет		Баязе'тъ	 
 	баян		бая'нъ, на бая'нѣ	 
 	Баян		Боя'нъ, Бая'нъ, о Боя'нѣ	 
бд 	бдение		бдѣ'ніе	^
 	бденного		бдѣ'ннаго	 
 	бденное		бдѣ'нное	 
 	бденные		бдѣ'нные (м. р.), бдѣ'нныя (ж. р. и ср. р.)	 
 	бденный		бдѣ'нный, бдѣ'ннаго	 
 	бдеть		бдѣ'ть, бдѣ'ніе, бди'тъ, бди'шь, бдя'тъ, (не бдю' и, темъ бо'лѣе бжу'!)	 
 	бдительность		бди'тельность	 
 	бдительный		бди'тельный	 
бе 	беби		бе'би (безхара'ктерный человѣ'къ, несамостоя'тельный какъ ребёнокъ)	^
 	бег		бѣгъ, при бѣ'гѣ, на бѣгу'	 
 	бегал		бѣ'галъ, бѣ'гала, бѣ'гали, бѣ'гало	 
 	бегать		бѣ'гать, бѣ'гаетъ, бѣ'гаешь, бѣ'гаемъ, бѣ'гаютъ	 
 	бегемот		бегемо'тъ	 
 	беги		бѣги'	 
 	бегите		бѣги'те	 
 	беглец		бѣгле'цъ, о бѣглецѣ', бѣглеца'	 
 	бегло		бѣ'гло (вско'льзь, мимохо'домъ, коро'ткое вре'мя, недо'лго)	 
 	беглого		бѣ'глаго	 
 	беглое		бѣ'глое	 
 	беглые		бѣ'глые (м. р.), бѣ'глыя (ж. р. и ср. р.)	 
 	беглый		бѣ'глый, бѣ'глаго, бѣ'глыхъ	 
 	беглым		бѣ'глымъ, бѣ'глыми	 
 	беглянка		бѣгля'нка	 
 	бегом		бѣго'мъ	 
 	бегония		бего'нія	 
 	беготнёй		бѣготнёй, бѣготнёю	 
 	бегство		бѣ'гство, въ бѣ'гствѣ	 
 	бегу		бѣгу'	 
 	бегун		бѣгу'нъ, бѣгуны'	 
 	бегунок		бѣгуно'къ	 
 	бегунья		бѣгу'нья, бѣгу'ньи	 
 	бегут		бѣгу'тъ	 
 	беда		бѣда', въ бѣдѣ', бѣдо'й и бѣдо'ю, на бѣду', это не бѣда'	 
 	бедекер		бе'декеръ (путеводи'тель)	 
 	бедлам		бедла'мъ (большо'й шумъ, безпоря'докъ, неразбери'ха, ха'осъ)	 
 	беднее		бѣднѣ'е	 
 	беднейший		бѣднѣ'йшій, бѣднѣ'йшаго	 
 	бедненький		бѣ'дненькій, бѣ'дненькаго	 
 	беднеть		бѣднѣ'ть, бѣднѣ'ютъ, бѣднѣ'ешь	 
 	бедноватый		бѣднова'тый, бѣднова'таго	 
 	бедного		бѣ'днаго	 
 	бедное		бѣ'дное	 
 	бедность		бѣ'дность	 
 	беднота		бѣднота'	 
 	бедные		бѣ'дные (м. р.), бѣ'дныя (ж. р. и ср. р.)	 
 	бедный		бѣ'дный, бѣ'денъ, бѣдна', бѣ'дно, бѣ'дное, бѣ'днаго	 
 	бедняга		бѣдня'га, о бѣдня'гѣ	 
 	бедняжечка		бѣдня'жечка	 
 	бедняжка		бѣдня'жка	 
 	бедняк		бѣдня'къ, о бѣднякѣ'	 
 	бедняцкий		бѣдня'цкій, бѣдня'цкаго	 
 	беднячка		бѣдня'чка	 
 	бедовые		бѣдо'вые (м. р.), бѣдо'выя (ж. р. и ср. р.)	 
 	бедовый		бѣдо'вый, бѣдо'ваго (безстра'шный, озорно'й)	 
 	бедокурить		бѣдоку'рить	 
 	бедолага		бѣдола'га (бѣдня'га, неуда'чникъ), о бѣдола'гѣ	 
 	бёдра		бёдра	 
 	бедренец		бедрене'цъ (расте'ніе)	 
 	бедренный		бе'дреный	 
 	бедро		бедро', бёдра, на бедрѣ'	 
 	бедственного		бѣ'дственнаго	 
 	бедственное		бѣ'дственное	 
 	бедственные		бѣ'дственные (м. р.), бѣ'дственныя (ж. р. и ср. р.)	 
 	бедственный		бѣ'дственный, бѣ'дственнаго, бѣ'дственъ и бѣ'дствененъ, бѣ'дственна	 
 	бедствие		бѣ'дствіе, бѣ'дствія, въ бѣ'дствіяхъ, бѣ'дствіемъ	 
 	бедствовать		бѣ'дствовать	 
 	бедствует		бѣ'дствуетъ, бѣ'дствуете, бѣ'дствуемъ, бѣ'дствуешь, бѣ'дствуютъ	 
 	бедуин		бедуи'нъ (обита'тель пусты'ни, коче'вникъ)	 
 	беды		бѣ'ды (мно'гія бѣ'ды), но ждать бѣды'	 
 	беж		бе'жъ	 
 	бежать		бѣжа'ть	 
 	бежевый		бе'жевый, бе'жеваго, бе'жевое	 
 	беженец		бѣ'женецъ	 
 	Бежецк		Бѣ'жецкъ	 
 	бежим		бѣжи'мъ	 
 	бежит		бѣжи'тъ	 
 	бежишь		бѣжи'шь	 
 	без		безъ, бе'зо — предло'гъ, безъ го'ду недѣ'ля	 
 	безалаберный		безала'берный, безола'берный (неорганизо'ванный, безпоря'дочный, легкомы'сленный въ о'бразѣ жи'зни, въ посту'пкахъ)	 
 	безапелляционно		безапелляціо'нно (не допуска'я возраже'ній, сомнѣ'ній, категори'чно)	 
 	безбожие		безбо'жіе	 
 	безболезненный		безболѣ'зненный	 
 	безбоязненный		безбоя'зненный	 
 	безбрачие		безбра'чіе	 
 	безбрежный		безбре'жный, безбре'жнаго, безбре'жное	 
 	безбедный		безбѣ'дный	 
 	безвинный		безви'нный, безви'ннаго	 
 	без ведома		безъ вѣ'дома	 
 	безверие		безвѣ'ріе	 
 	безвестие		безвѣ'стіе	 
 	безветрие		безвѣ'тріе	 
 	безвкусный		безвку'сный, безвку'снаго	 
 	безвластие		безвла'стіе	 
 	безвозвратный		безвозвра'тный	 
 	безвозмездно		безвозме'здно (то'-есть да'ромъ :)	 
 	безвозмездный		безвозме'здный	 
 	безвредный		безвре'дный, безвре'днаго	 
 	безвременье		безвре'менье и безвре'мянье	 
 	безвыходный		безвы'ходный	 
 	безглавие		безгла'віе	 
 	безглазие		безгла'зіе	 
 	безгласие		безгла'сіе	 
 	безгневный		безгнѣ'вный	 
 	безгнёздный		безгнѣ'здный	 
 	безгнёздый		безгнѣ'здый	 
 	безголовый		безголо'вый, безголо'ваго	 
 	безголосый		безголо'сый	 
 	безграмотный		безгра'мотный	 
 	безграничный		безграни'чный, безграни'чнаго, безграни'чное	 
 	безгрешный		безгрѣ'шный, безгрѣ'шнаго	 
 	безданно		безда'нно (безпо'шлинно — безполе'зное, за что не беру'тъ ни да'ни, ни по'шлины)	 
 	бездарнее		безда'рнѣе	 
 	бездарное		безда'рное	 
 	бездарные		безда'рные (м. р.), безда'рныя (ж. р. и ср. р.)	 
 	бездарный		безда'рный, безда'рнаго	 
 	бездарь		бе'здарь, бе'здаремъ, о бе'здарѣ	 
 	бездействие		бездѣ'йствіе	 
 	без дел		безъ дѣ'лъ, безъ дѣ'ла	 
 	безделица		бездѣ'лица	 
 	безделка		бездѣ'лка, что то'лку въ э'такой бездѣ'лкѣ	 
 	безделушка		бездѣлу'шка, бездѣлу'шечка	 
 	безделье		бездѣ'лье	 
 	бездельник		бездѣ'льникъ, бездѣ'льница	 
 	бездельничанье		бездѣ'льничанье	 
 	бездельничать		бездѣ'льничать	 
 	бездельничество		бездѣ'льничество	 
 	бездельного		бездѣ'льнаго	 
 	бездельное		бездѣ'льное	 
 	бездельные		бездѣ'льные (м. р.), бездѣ'льныя (ж. р. и ср. р.)	 
 	бездельный		бездѣ'льный, бездѣ'льнаго	 
 	безденежье		безде'нежье	 
 	бездетный		бездѣ'тный	 
 	бездна		бе'здна, въ бе'зднѣ	 
 	бездоказательный		бездоказа'тельный	 
 	бездомный		бездо'мный, бездо'мнаго	 
 	бездонный		бездо'нный, бездо'ннаго	 
 	бездорожье		бездоро'жье	 
 	бездумный		безду'мный, безду'мнаго	 
 	бездушный		безду'шный, безду'шнаго	 
 	бездымный		безды'мный, безды'мнаго	 
 	бездыханный		бездыха'нный, бездыха'ннаго	 
 	безе		безе' (мере'нги)	 
 	безжалостный		безжа'лостный, безжа'лостнаго	 
 	безжизненный		безжи'зненный, безжи'зненнаго	 
 	беззаботный		беззабо'тный, беззабо'тнаго	 
 	беззаветнее		беззавѣ'тнѣе	 
 	беззаветно		беззавѣ'тно	 
 	беззаветного		беззавѣ'тнаго	 
 	беззаветное		беззавѣ'тное	 
 	беззаветные		беззавѣ'тные (м. р.), беззавѣ'тныя (ж. р. и ср. р.)	 
 	беззаветный		беззавѣ'тный, беззавѣ'тнаго	 
 	беззаконие		беззако'ніе	 
 	без замедления		безъ замедле'нія	 
 	беззастенчивый		беззастѣ'нчивый	 
 	беззатейливый		беззатѣ'йливый	 
 	беззатейный		беззатѣ'йный, беззатѣ'йнаго	 
 	беззачётный		беззачётный, беззачётнаго	 
 	беззащитный		беззащи'тный, беззащи'тнаго	 
 	беззвёздный		беззвѣ'здный, беззвѣ'зднаго (подъ ударе'ніемъ произно'сится ё)	 
 	беззвучие		беззву'чіе	 
 	безземельный		безземе'льный, безземе'льнаго	 
 	беззлобно		беззло'бно	 
 	беззлобный		беззло'бный, беззло'бнаго	 
 	беззубый		беззу'бый, беззу'баго	 
 	безик		бези'къ	 
 	безленостный		безлѣ'ностный, безлѣ'ностнаго	 
 	безлесный		безлѣ'сный, безлѣ'снаго	 
 	безлистный		безли'стный и безли'стый, безли'стнаго	 
 	безлошадный		безлоша'дный, безлоша'днаго	 
 	безлунный		безлу'нный, безлу'ннаго	 
 	безлюдеть		безлю'дѣть, безлю'дѣетъ (станови'ться безлю'днымъ)	 
 	безлюдный		безлю'дный, безлю'днаго	 
 	безмен		безме'нъ, на безме'нѣ	 
 	безмерен		безмѣ'ренъ	 
 	безмерно		безмѣ'рно	 
 	безмерное		безмѣ'рное	 
 	безмерность		безмѣ'рность	 
 	безмерные		безмѣ'рные (м. р.), безмѣ'рныя (ж. р. и ср. р.)	 
 	безмерный		безмѣ'рный, безмѣ'рнаго	 
 	безместный		безмѣ'стный, безмѣ'стнаго	 
 	безмозглый		безмо'зглый, безмо'зглаго	 
 	безмолвие		безмо'лвіе	 
 	безмятежный		безмяте'жный, безмяте'жнаго	 
 	безнадёжный		безнадёжный, безнадёжнаго	 
 	безнаказанный		безнака'занный, безнака'заннаго	 
 	безначалие		безнача'ліе	 
 	безневестный		безневѣ'стный, безневѣ'стнаго	 
 	безногий		безно'гій, безно'гаго	 
 	безнравственный		безнра'вственный, безнра'вственнаго	 
 	безо		бе'зо, безъ — предло'гъ, бе'зо вся'кихъ сожалѣ'ній	 
 	безоар		безоа'ръ	 
 	безобидный		безоби'дный, безоби'днаго	 
 	безоблачный		безо'блачный, безо'блачнаго	 
 	безобразен		безобра'зенъ	 
 	безобразие		безобра'зіе	 
 	безобразнее		безобра'знѣе	 
 	безобразный		безобра'зный, безобра'знѣйшій, безобра'знаго	 
 	безоговорочный		безогово'рочный, безогово'рочнаго	 
 	безопасность		безопа'сность	 
 	безопасный		безопа'сный, безопа'снаго	 
 	безоружен		безору'женъ	 
 	безоружный		безору'жный, безору'жнаго	 
 	безостановочный		безостано'вочный, безостано'вочнаго	 
 	безответный		безотвѣ'тный, безотвѣ'тнаго	 
 	безответственный		безотвѣ'тственный, безотвѣ'тственнаго	 
 	безотлагательный		безотлага'тельный, безотлага'тельнаго (не безотлога'тельный!)	 
 	безотлучный		безотлу'чный, безотлу'чнаго	 
 	безотносительно		безотноси'тельно	 
 	безотносительный		безотноси'тельный, безотноси'тельнаго	 
 	безотрадно		безотра'дно	 
 	безотходный		безотхо'дный, безотхо'днаго	 
 	безотчётный		безотчётный, безотчётнаго	 
 	безошибочный		безоши'бочный, безоши'бочнаго	 
 	без просыпа		безпросы'па	 
 	безработица		безрабо'тица	 
 	безраздельный		безраздѣ'льный, безраздѣ'льнаго	 
 	безразличие		безразли'чіе	 
 	безрассудный		безразсу'дный, безразсу'днаго	 
 	безрассчётливый		безразсчётливый, безразсчётливаго, но расчётъ	 
 	безрогий		безро'гій, безро'гаго	 
 	безродные		безро'дные (м. р.), безро'дныя (ж. р. и ср. р.)	 
 	безродный		безро'дный, безро'днаго	 
 	безропотный		безро'потный, безро'потнаго	 
 	безрукий		безру'кій	 
 	безрыбье		безры'бье	 
 	безудержен		безу'держенъ	 
 	безудержнее		безу'держнѣе	 
 	безудержное		безу'держное	 
 	безудержный		безу'держный, безу'держнаго	 
 	безукоризненный		безукори'зненный, безукори'зненнаго	 
 	безумен		безу'менъ	 
 	безуметь		безу'мѣть, безу'мѣю, безу'мѣетъ	 
 	безумец		безу'мецъ, безу'мца, безу'мцевъ, безу'мцемъ	 
 	безумие		безу'міе	 
 	безумнее		безу'мнѣе	 
 	безумные		безу'мные (м. р.), безу'мныя (ж. р. и ср. р.)	 
 	безумный		безу'мный, безу'мнаго	 
 	без умолку		безъ у'молку	 
 	безумолчный		безумо'лчный, безумо'лчнаго	 
 	безумствовать		безу'мствовать	 
 	безупречный		безупре'чный, безупре'чнаго	 
 	безусловен		безусло'венъ	 
 	безусловное		безусло'вное	 
 	безусловный		безусло'вный, безусло'внаго	 
 	безуспешный		безуспѣ'шный, безуспѣ'шнаго	 
 	безутешный		безутѣ'шный, безутѣ'шнаго	 
 	безухий		безу'хій, безу'химъ, безу'хаго	 
 	Безухов		Безу'ховъ Пье'ръ, о Пье'рѣ Безу'ховѣ	 
 	безучастный		безуча'стный, безуча'стнаго	 
 	безызвестный		безызвѣ'стный (ра'нѣе — безъизвѣ'стный), безызвѣ'стнаго	 
 	безымённый		безымённый, безымённаго	 
 	безымянный		безъимя'нный, безъимя'ннаго	 
 	безынтересный		безынтере'сный (ра'нѣе — безъинтере'сный)	 
 	безыскусный		безыску'сный, безыску'сенъ	 
 	безыскусственный		безыску'сственный (ра'нѣе — безъиску'сственный), безыску'сственнаго	 
 	безысходный		безысхо'дный и безъисхо'дный, безысхо'днаго, безысхо'денъ	 
 	безъядерный		безъя'дерный	 
 	безъязыкий		безъя'зыкій	 
 	безъязычие		безъязы'чіе	 
 	безъякорный		безъя'корный	 
 	безъятевый		безъя'тевый	 
 	безъызъянный		безъизъя'нный	 
 	бей		бе'й (ти'тулъ), бе'я, мн. бе'и, бе'евъ	 
 	бей		бе'й (бить), бе'йте, бьётъ	 
 	бейте		бе'йте	 
 	бейдевинд		бейдеви'ндъ	 
 	бейфут		бе'йфутъ	 
 	бекар		бека'ръ (но'тный зна'къ, отмѣня'ющій дѣ'йствіе предше'ствующаго діе'за или бемо'ля)	 
 	бекас		бека'съ	 
 	бекасинник		бекаси'нникъ (руже'йная дробь)	 
 	бекеша		беке'ша, беке'шъ (родъ кафта'на на мѣху')	 
 	бекон		беко'нъ	 
 	бекрень		бекре'нь, набекре'нь	 
 	бел		бѣ'лъ (тѣ'ломъ бѣ'лъ, а ка'ломъ бу'ръ :)	 
 	бела		бѣла' (бѣлы'мъ-бѣла')	 
 	беладонна		беладо'нна (сoвp. прав. — белладо'нна)	 
 	Беларусь		Бѣлару'сь (тра'кторъ), по-ру'сски — Бѣлору'ссія	 
 	Белая		Бѣ'лая (рѣка')	 
 	Белая Церковь		Бѣ'лая-Це'рковь (назва'ніе го'рода)	 
 	Белгород		Бѣ'лгородъ	 
 	Белград		Бѣлгра'дъ	 
 	Белёв		Бѣлёвъ	 
 	белевой		бѣлево'й	 
 	белее		бѣлѣ'е, бѣлѣ'й но бѣле'ніе	 
 	белеет		бѣлѣ'етъ, но бѣ'ленькій	 
 	белеется		бѣлѣ'ется	 
 	белевший		бѣлѣ'вшій	 
 	белейший		бѣлѣ'йшій	 
 	белёк		бѣлёкъ (дѣтёнышъ тюле'ня)	 
 	белемнит		белемни'тъ	 
 	белена		бѣ'лена (ткань), но белена' (расте'ніе)	 
 	белена		белена' (расте'ніе), но бѣ'лена (ткань)	 
 	беление		бѣле'ніе, но бѣлѣ'е	 
 	беленькие		бѣ'ленькіе (м. р.), бѣ'ленькія (ж. р. и ср. р.)	 
 	беленький		бѣ'ленькій, но бѣлѣ'етъ, бѣ'ленькаго	 
 	беленько		бѣ'ленько	 
 	беленького		бѣ'ленькаго	 
 	беленькое		бѣ'ленькое	 
 	белёный		бѣлёный, бѣлёнаго, бѣле'ніе	 
 	белёсый		бѣлёсый, бѣлёсаго	 
 	белеть		бѣлѣ'ть, бѣлѣ'ться, бѣлѣ'е	 
 	белец		бѣле'цъ (человѣ'къ, живу'щій въ монастырѣ', но ещё не постри'женный въ мона'хи)	 
 	белёхонек		бѣлёхонекъ	 
 	белёшенек		бѣлёшенекъ	 
 	бели		бѣ'ли (выдѣле'нія), бѣли' (отъ бѣли'ть)	 
 	белиберда		белиберда' (вздо'ръ, безсмы'слица, чепуха')	 
 	белизна		бѣлизна'	 
 	белила		бѣли'ла	 
 	Белинский		Бѣли'нскій	 
 	белить		бѣли'ть	 
 	беличий		бѣ'личій	 
 	белка		бѣ'лка, бѣ'лочка, бѣ'локъ	 
 	белковина		бѣлкови'на	 
 	белковый		бѣлко'вый	 
 	белладонна		белладо'нна и беладо'нна	 
 	беллетристика		беллетри'стика	 
 	Беллона		Белло'на	 
 	бело		бѣло' (бѣлы'мъ-бѣло')	 
 	белобрысый		бѣлобры'сый, бѣлобры'саго	 
 	беловатый		бѣлова'тый, бѣлова'таго	 
 	Беловежская		Бѣловѣ'жская (Пу'ща)	 
 	беловик		бѣлови'къ (въ противополо'жность черновику'), въ бѣловикѣ'	 
 	белогвардеец		бѣлогварде'ецъ, бѣлогварде'йцемъ, бѣлогварде'йцевъ, о бѣлогварде'йцѣ	 
 	белого		бѣ'лаго (бѣлѣ'е бѣ'лаго)	 
 	Белое		Бѣ'лое (мо'ре)	 
 	Белозёрск		Бѣлозёрскъ	 
 	Белозерский		Бѣлозе'рскій	 
 	белок		бѣло'къ, въ бѣлкѣ' и бѣ'локъ (отъ бѣ'лка)	 
 	Белокаменная		Бѣлока'менная	 
 	белокурый		бѣлоку'рый	 
 	белолицый		бѣлоли'цый	 
 	беломорский		бѣломо'рскій	 
 	Белоозеро		Бѣлоо'зеро	 
 	Белоостров		Бѣлоо'стровъ	 
 	белопёрый		бѣлопёрый	 
 	Белополье		Бѣлопо'лье	 
 	белорус		бѣлору'съ	 
 	Белоруссия		Бѣлору'ссія, не Бѣлару'сь (э'то тра'кторъ)	 
 	белорусские		бѣлору'сскіе (м. р.), бѣлору'сскія (ж. р. и ср. р.)	 
 	белорусский		бѣлору'сскій, бѣлору'сскаго	 
 	белорусского		бѣлору'сскаго	 
 	белорусское		бѣлору'сское	 
 	белорусы		бѣлору'сы	 
 	белоручка		бѣлору'чка	 
 	белорыбица		бѣлоры'бица	 
 	Белосельский		Бѣлосе'льскій	 
 	Белосельских-Белозерских		Бѣлосе'льскихъ-Бѣлозе'рскихъ (дворе'цъ)	 
 	белоснежный		бѣлоснѣ'жный	 
 	белостенный		белостѣ'нный	 
 	Белосток		Бѣлосто'къ	 
 	белотал		бѣлота'лъ	 
 	белотурка		бѣлоту'рка	 
 	белотелый		бѣлотѣ'лый	 
 	белоус		бѣлоу'съ	 
 	белохвост		бѣлохво'стъ	 
 	белочка		бѣ'лочка	 
 	белошвейка		бѣлошве'йка, бѣлошве'я	 
 	белошейка		бѣлоше'йка	 
 	белощёкий		бѣлощёкій	 
 	белуга		бѣлу'га	 
 	белуха		бѣлу'ха	 
 	Белуха		Бѣлу'ха (гора')	 
 	Белфаст		Бельфа'стъ	 
 	белы		бѣлы'	 
 	белые		бѣ'лые (м. р.), бѣ'лыя (ж. р. и ср. р.)	 
 	белый		бѣ'лый, бѣлѣ'е	 
 	белым-бело		бѣлы'мъ-бѣло'	 
 	белыми		бѣ'лыми	 
 	бель		бѣ'ль	 
 	бельведер		бельведе'ръ (ба'шенка надъ зда'ніемъ и'ли павильо'нъ, бесѣ'дка)	 
 	бельвю		бельвю' (фр. — краси'вый видъ)	 
 	Бельгия		Бе'льгія	 
 	бельдюга		бельдю'га (ры'ба)	 
 	бельё		бѣльё	 
 	бельевой		бѣльево'й	 
 	бельецо		бѣльецо'	 
 	бельишко		бѣльи'шко	 
 	бельмес		бельме'съ (ни бельме'са не смы'слитъ)	 
 	бельмо		бѣльмо'	 
 	бельмонтин		бельмонти'нъ	 
 	Бельск		Бѣ'льскъ	 
 	бель-фам		бель-фа'мъ (хорошо' сло'женная же'нщина), бельфа'мистая	 
 	бельфлёр		бельфлёръ (со'ртъ я'блокъ)	 
 	Бельцы		Бѣльцы'	 
 	бельчонок		бѣльчо'нокъ, бѣльча'та	 
 	бельэтаж		бельэта'жъ, бэль-эта'жъ (второ'й, пара'дный эта'жъ зда'нія; я'русъ въ зри'тельномъ за'лѣ)	 
 	белявый		бѣля'вый, бѣля'ваго	 
 	Беляев		Бѣля'евъ	 
 	беляк		бѣля'къ	 
 	беляна		бѣля'на	 
 	белянка		бѣля'нка	 
 	белящий		бѣ'лящій, бѣ'лящаго	 
 	Бембо		Бе'мбо	 
 	бемоль		бемо'ль (но'тный зна'къ, обознача'ющій пониже'ніе зву'ка на полуто'нъ)	 
 	бемское		бе'мское (боге'мское) стекло'	 
 	Бенгалия		Бенга'лія	 
 	бенгальский		бенга'льскій (ого'нь, тигръ)	 
 	Бендеры		Бенде'ры	 
 	бендюг		бендю'гъ (ломови'къ, порто'вый гру'зчикъ), сoвp. прав. — биндю'жникъ	 
 	бенедиктин		бенедикти'нъ (сортъ ликёра)	 
 	бенефис		бенефи'съ (спекта'кль въ че'сть одного' изъ его уча'стниковъ)	 
 	бенефициант		бенефиціа'нтъ	 
 	бензель		бе'нзель (перевя'зка двухъ то'лстыхъ тро'совъ то'нкимъ)	 
 	бензин		бензи'нъ, на бензи'нѣ	 
 	бензол		бензо'лъ	 
 	Бенкендорф		Бенкендо'рфъ Алекса'ндръ Христофо'ровичъ	 
 	бенуар		бенуа'ръ (ни'жній я'русъ ложъ въ зри'тельномъ за'лѣ), въ бенуа'рѣ	 
 	Бергамо		Берга'мо	 
 	бергамот		бергамо'тъ и баргамо'тъ	 
 	бергмейстер		бергме'йстеръ (зва'ніе въ ко'рпусѣ го'рныхъ инжене'ровъ)	 
 	берданка		берда'нка (однозаря'дная винто'вка, охо'тничье ружьё)	 
 	Бердичев		Берди'чевъ	 
 	бёрдо		бёрдо (ча'сть тка'цкаго станка')	 
 	бердыш		берды'шъ (стари'нное ору'жіе — широ'кій дли'нный топо'ръ съ ле'звіемъ въ ви'дѣ полумѣ'сяца)	 
 	Бердянск		Бердя'нскъ	 
 	берег		бе'регъ, но берёгъ	 
 	берёг		берёгъ, но бе'регъ	 
 	берега		берега' и бе'рега	 
 	береги		береги'	 
 	берегись		береги'сь	 
 	берегитесь		береги'тесь	 
 	берегла		берегла'	 
 	береглась		берегла'сь	 
 	берегли		берегли'	 
 	береглись		берегли'сь	 
 	береговище		берегови'ще	 
 	берегом		бе'регомъ	 
 	берёгся		берёгся	 
 	берегу		берегу' и бе'регу	 
 	берегут		берегу'тъ	 
 	берегутся		берегу'тся	 
 	бередить		береди'ть (причиня'ть боль, заставля'ть пережива'ть вно'вь)	 
 	бережёный		бережёный (пpил.), но сбережённый (пpич.)	 
 	бережёт		бережётъ, бережёмъ, бережёшь	 
 	бережётся		бережётся, бережёмся, бережёшься	 
 	бережливый		бережли'вый, бережли'ваго	 
 	бережного		бе'режнаго	 
 	бережнее		бе'режнѣе	 
 	бережное		бе'режное	 
 	бережные		бе'режные (м. р.), бе'режныя (ж. р. и ср. р.)	 
 	бережный		бе'режный, бе'режнаго	 
 	бережок		бережо'къ, о бережкѣ', по бережку' и по бе'режку	 
 	берёза		берёза, на берёзѣ	 
 	Березина		Березина'	 
 	берёзка		берёзка, на берёзкѣ	 
 	березник		бере'зникъ (лѣсъ изъ однѣ'хъ берёзъ), но березня'къ (ме'лкія молоды'я берёзки)	 
 	березничек		бере'зничекъ (лѣсо'къ изъ однѣ'хъ берёзъ)	 
 	березняк		березня'къ (ме'лкія молоды'я берёзки), но бере'зникъ (лѣсъ изъ однѣ'хъ берёзъ)	 
 	Берёзов		Берёзовъ	 
 	берёзовик		берёзовикъ, подберёзовикъ (грибъ)	 
 	берейтор		бере'йторъ (объѣ'здчикъ верховы'хъ лошаде'й)	 
 	беременеть		бере'менѣть	 
 	беременность		бере'менность	 
 	беременные		бере'менныя	 
 	берендей		берендѣ'й (колду'нъ-о'боротень, миѳи'ческій царь въ ру'сской литерату'рѣ)	 
 	береста		береста' и берёста, въ берестѣ'	 
 	берёста		берёста и береста'	 
 	берет		бере'тъ, въ бере'тѣ (головно'й убо'ръ), но берётъ (отъ брать)	 
 	берёт		берётъ (отъ брать), но бере'тъ (головно'й убо'ръ)	 
 	берёте		берёте (отъ брать), но въ бере'тѣ (въ головно'мъ убо'рѣ)	 
 	беретик		бере'тикъ	 
 	беретка		бере'тка	 
 	беречь		бере'чь, бережёшь	 
 	бержерка		берже'рка	 
 	бери		бери', бери'те, бери'тесь	 
 	Беринг		Бе'рингъ	 
 	берковец		бе'рковецъ (стари'нная ру'сская мѣ'ра вѣ'са), бе'рковцемъ	 
 	беркут		бе'ркутъ (кру'пная хи'щная пти'ца)	 
 	Берлин		Берли'нъ (го'родъ), въ Берли'нѣ	 
 	Берлин		Бе'рлинъ (фами'лія)	 
 	берлога		берло'га (зи'мнее ло'гово медвѣ'дя), въ берло'гѣ	 
 	берма		бе'рма	 
 	Бертолет		Бертоле'тъ	 
 	бертолетовая		бертоле'товая (соль)	 
 	беру		беру', берётъ, берётся	 
 	беру		беру', берёмъ, берётъ, берёте, берёшь, беру'тъ	 
 	берусь		беру'сь, берёмся, берётся, берётесь, берёшься, беру'тся	 
 	беруши		беру'ши, беру'шей	 
 	бёрце		бёрце и берцо', бёрца, бёрецъ	 
 	берцо		берцо' и бёрце, бёрца, бёрецъ	 
 	берцовая		берцо'вая (кость)	 
 	берцовый		берцо'вый, берцо'ваго	 
 	бес		бѣсъ, бѣсёнокъ (де'монъ, злой духъ, дья'волъ, сатана', чо'ртъ, нечи'стая си'ла, лука'вый, вра'гъ, искуси'тель, злой ге'ній, а'ггелъ, шайта'нъ)	 
 	беседа		бесѣ'да, въ бесѣ'дѣ, бесѣ'ды, бесѣ'дой	 
 	беседка		бесѣ'дка, въ бесѣ'дкѣ	 
 	беседовать		бесѣ'довать	 
 	беседует		бесѣ'дуетъ, бесѣ'дуете, бесѣ'дуемъ, бесѣ'дуешь, бесѣ'дуютъ	 
 	бесёнок		бѣсёнокъ, бѣсеня'та	 
 	бесит		бѣ'ситъ, бѣ'сите, бѣ'сишь, бѣ'сятъ, бѣ'симъ	 
 	бесится		бѣ'сится, бѣ'ситесь, бѣ'сишься, бѣ'сятся, бѣ'симся	 
 	бесить		бѣси'ть	 
 	беситься		бѣси'ться	 
 	бескозырный		безкозы'рный	 
 	бесколёсный		безколёсный, безколёсый	 
 	бесколосный		безколо'сный, безколо'сый	 
 	бесконечного		безконе'чнаго	 
 	бесконечное		безконе'чное	 
 	бесконечность		безконе'чность	 
 	бесконечные		безконе'чные (м. р.), безконе'чныя (ж. р. и ср. р.)	 
 	бесконечный		безконе'чный, безконе'чнаго	 
 	бесконтрольный		безконтро'льный	 
 	бескормица		безко'рмица	 
 	бескорыстие		безкоры'стіе	 
 	бескосный		безко'сный (не имѣ'ющій косы' на головѣ')	 
 	бескостный		безко'стный (не имѣ'ющій въ себѣ' ко'сти)	 
 	бескрайний		безкра'йній, безкра'йняго	 
 	бескровный		безкро'вный, безкро'внаго	 
 	бескрылый		безкры'лый, безкры'лаго	 
 	бесноватые		бѣснова'тые (м. р.), бѣснова'тыя (ж. р. и ср. р.)	 
 	бесноватый		бѣснова'тый, бѣснова'таго	 
 	беснуется		бѣсну'ется	 
 	беснующегося		бѣсну'ющагося	 
 	бесовски		бѣсо'вски	 
 	бесовские		бѣсо'вскіе (м. р.), бѣсо'вскія (ж. р. и ср. р.)	 
 	бесовский		бѣсо'вскій, бѣсо'вскаго	 
 	бесовского		бѣсо'вскаго	 
 	бесовское		бѣсо'вское	 
 	беспалый		безпа'лый, безпа'лаго	 
 	беспамятство		безпа'мятство	 
 	беспардонный		безпардо'нный, безпардо'ннаго	 
 	беспаспортный		безпа'спортный, безпа'спортнаго	 
 	бесперебойный		безперебо'йный	 
 	беспеременный		безперемѣ'нный	 
 	беспечного		безпе'чнаго	 
 	беспечное		безпе'чное	 
 	беспечные		безпе'чные (м. р.), безпе'чныя (ж. р. и ср. р.)	 
 	беспечный		безпе'чный, безпе'чнаго	 
 	бесплатно		безпла'тно	 
 	бесплатное		безпла'тное	 
 	бесплатные		безпла'тные (м. р.), безпла'тныя (ж. р. и ср. р.)	 
 	бесплатный		безпла'тный, безпла'тнаго	 
 	бесплодие		безпло'діе	 
 	бесплодный		безпло'дный	 
 	бесплотный		безпло'тный	 
 	бесповоротно		безповоро'тно	 
 	бесподобный		безподо'бный	 
 	беспозвоночные		безпозвоно'чныя (живо'тныя)	 
 	беспокоится		безпоко'ится	 
 	беспокоиться		безпоко'иться	 
 	беспокойнее		безпоко'йнѣе	 
 	беспокойнейший		безпоко'йнѣйшій	 
 	беспокойство		безпоко'йство	 
 	бесполезнее		безполе'знѣе	 
 	бесполезнейший		безполе'знѣйшій	 
 	бесполезно		безполе'зно	 
 	бесполезное		безполе'зное	 
 	бесполезные		безполе'зные (м. р.), безполе'зныя (ж. р. и ср. р.)	 
 	бесполезный		безполе'зный	 
 	беспомощный		безпо'мощный	 
 	беспородные		безпоро'дные (м. р.), безпоро'дныя (ж. р. и ср. р.)	 
 	беспорочный		безпоро'чный	 
 	беспорядок		безпоря'докъ	 
 	беспочвенный		безпо'чвенный	 
 	беспошлинный		безпо'шлинный	 
 	беспощадный		безпоща'дный	 
 	бесправие		безпра'віе	 
 	беспредел		безпредѣ'лъ	 
 	беспредельный		безпредѣ'льный	 
 	беспрекословный		безпрекосло'вный	 
 	беспременный		безпремѣ'нный	 
 	беспрепятственно		безпрепя'тственно	 
 	беспрерывный		безпреры'вный	 
 	беспрецедентный		безпрецеде'нтный (не безпреценде'нтный!)	 
 	бесприданница		безприда'нница	 
 	беспримерный		безпримѣ'рный	 
 	беспримесный		безпри'мѣсный	 
 	беспринципный		безпринци'пный	 
 	беспристрастен		безпристра'стенъ	 
 	беспристрастный		безпристра'стный, безпристра'стнаго	 
 	беспричинный		безпричи'нный	 
 	беспробудный		безпробу'дный	 
 	беспроигрышный		безпро'игрышный	 
 	беспросветный		безпросвѣ'тный	 
 	беспутный		безпу'тный	 
 	Бессарабия		Бессара'бія	 
 	бессвязный		безсвя'зный	 
 	бессемейный		безсеме'йный	 
 	бессеменной		безсѣ'менный (происше'дшій безъ сѣ'мени, не даю'щій сѣ'мени), но безсѣмя'нный (не имѣ'ющій сѣмя'нъ для посѣ'ва)	 
 	Бессемер		Бессеме'ръ	 
 	бессемянный		безсѣмя'нный (не имѣ'ющій сѣмя'нъ для посѣ'ва), но безсѣ'менный (происше'дшій безъ сѣ'мени, не даю'щій сѣ'мени)	 
 	бессердечен		безсерде'ченъ	 
 	бессердечный		безсерде'чный, безсерде'чнаго	 
 	бессилен		безси'ленъ	 
 	бессилие		безси'ліе, въ безси'ліи	 
 	бессильный		безси'льный, безси'льнаго	 
 	бесславный		безсла'вный, безсла'внаго	 
 	бесславнейший		безсла'внѣйшій, безсла'внѣйшаго	 
 	бесследный		безслѣ'дный, безслѣ'днаго	 
 	бесслёзный		безслёзный	 
 	бессловесно		безслове'сно	 
 	бессловесное		безслове'сное	 
 	бессловесные		безслове'сные (м. р.), безслове'сныя (ж. р. и ср. р.)	 
 	бессловесный		безслове'сный	 
 	бессловный		безсло'вный	 
 	бессменный		безсмѣ'нный	 
 	бессмертие		безсме'ртіе, безсме'ртіемъ	 
 	бессмертник		безсме'ртникъ	 
 	бессмертные		безсме'ртные (м. р.), безсме'ртныя (ж. р. и ср. р.)	 
 	бессмертный		безсме'ртный, безсме'ртнаго	 
 	бессмысленные		безсмы'сленные (м. р.), безсмы'сленныя (ж. р. и ср. р.)	 
 	бессмысленный		безсмы'сленный, безсмы'сленнаго, безсмы'сленное	 
 	бессмыслие		безсмы'сліе	 
 	бессмыслица		безсмы'слица, въ безсмы'слицѣ	 
 	бесснежье		безснѣ'жье	 
 	бессовестный		безсо'вѣстный	 
 	бессознательно		безсозна'тельно	 
 	бессонница		безсо'нница	 
 	бесспорно		безспо'рно	 
 	бесспорное		безспо'рное	 
 	бесспорный		безспо'рный	 
 	бессребреник		безсре'бренникъ (не безсере'бренникъ!)	 
 	бессрочный		безсро'чный	 
 	бесстрастный		безстра'стный	 
 	бесстрашие		безстра'шіе	 
 	бесстрашный		безстра'шный	 
 	бесстыдный		безсты'дный	 
 	бесстыжего		безсты'жаго	 
 	бесстыжее		безсты'жее	 
 	бесстыжие		безсты'жіе (м. р.), безсты'жія (ж. р. и ср. р.)	 
 	бесстыжий		безсты'жій (не бесты'жій!), безсты'жаго	 
 	бессчётный		безсчётный	 
 	бестактно		безта'ктно, безта'ктное	 
 	бестактные		безта'ктные (м. р.), безта'ктныя (ж. р. и ср. р.)	 
 	бестактный		безта'ктный, безта'ктнаго	 
 	бесталанный		безтала'нный (неуда'чливый)	 
 	бесталантный		безтала'нтный (безда'рный)	 
 	бестелесный		безтѣле'сный	 
 	бестиарий		бестіа'рій (сбо'рникъ нравоучи'тельныхъ стате'й о живо'тныхъ, въ томъ числѣ', несуществу'ющихъ)	 
 	бестия		бе'стія (плутъ, пройдо'ха, моше'нникъ, авантюри'стъ)	 
 	бестолковый		безтолко'вый, безтолко'ваго	 
 	бестолочь		бе'зтолочь	 
 	бестрепетный		безтре'петный	 
 	Бестужев		Бесту'жевъ	 
 	бесформенный		безфо'рменный	 
 	бесхарактерный		безхара'ктерный	 
 	бесхвостый		безхво'стый	 
 	бесхитростный		безхи'тростный	 
 	бесхлебье		безхлѣ'бье	 
 	бесхлопотный		безхло'потный	 
 	бесцветный		безцвѣ'тный	 
 	бесцельные		безцѣ'льные (м. р.), безцѣ'льныя (ж. р. и ср. р.)	 
 	бесцельный		безцѣ'льный	 
 	бесценное		безцѣ'нное	 
 	бесценные		безцѣ'нные (м. р.), безцѣ'нныя (ж. р. и ср. р.)	 
 	бесценный		безцѣ'нный, безцѣ'ннаго	 
 	бесценок		безцѣ'нокъ	 
 	бесцеремонный		безцеремо'нный	 
 	бесчеловечный		безчеловѣ'чный	 
 	бесчестие		безче'стіе	 
 	бесчестный		безче'стный, безче'стнаго	 
 	бесчинствовать		безчи'нствовать	 
 	бесчисленный		безчи'сленный	 
 	бесчувственный		безчу'вственный	 
 	бесшёрстный		безшёрстный и безшёрстый	 
 	бесшумный		безшу'мный	 
 	бесы		бѣ'сы	 
 	бетель		бе'тель (тропи'ческое расте'ніе)	 
 	бетон		бето'нъ, въ бето'нѣ	 
 	бетонировать		бетони'ровать	 
 	Бетховен		Бетхо'венъ	 
 	бечева		бечева', на бечевѣ'	 
 	бечёвка		бечёвка	 
 	бешамель		бешаме'ль (густо'й со'усъ изъ яи'цъ, молока' и муки')	 
 	бешеного		бѣ'шенаго	 
 	бешенство		бѣ'шенство, въ бѣ'шенствѣ	 
 	бешеные		бѣ'шеные (м. р.), бѣ'шеныя (ж. р. и ср. р.)	 
 	бешеный		бѣ'шеный, бѣ'шенаго, бѣ'шеное, бѣ'шено (не бѣ'шаный!)	 
 	бешмет		бешме'тъ (ве'рхняя мужска'я оде'жда у кавка'зскихъ наро'довъ)	 
би 	библейский		библе'йскій, библе'йскаго	^
 	библиография		библіогра'фія	 
 	библиотека		библіоте'ка, въ библіоте'кѣ	 
 	библиотекарь		библіоте'карь	 
 	библиотекарша		библіоте'карша	 
 	библиотечка		библіоте'чка	 
 	библиотечного		библіоте'чнаго	 
 	библиотечное		библіоте'чное	 
 	библиотечные		библіоте'чные (м. р.), библіоте'чныя (ж. р. и ср. р.)	 
 	библиотечный		библіоте'чный	 
 	библиофил		библіофи'лъ (люби'тель и знато'къ книгъ)	 
 	Библия		Би'блія	 
 	бивень		би'вень, би'внемъ	 
 	биде		биде' (гигіени'ческое устро'йство для мытья' ни'жней ча'сти тѣ'ла)	 
 	биение		біе'ніе	 
 	бизань		биза'нь (ма'чта на кораблѣ')	 
 	бизнес		би'знесъ, въ би'знесѣ	 
 	билатеральный		билатера'льный (двусторо'нній, симметри'чный)	 
 	билет		биле'тъ, въ биле'тѣ, биле'ты	 
 	билетёр		билетёръ	 
 	билетёрша		билетёрша	 
 	билетик		биле'тикъ	 
 	билетная		биле'тная ка'сса	 
 	биллион		билліо'нъ (милліа'рдъ)	 
 	бильбоке		бильбоке' (игру'шка)	 
 	бильярд		билья'рдъ, билліа'рдъ, на билья'рдѣ	 
 	биметаллизм		биметалли'змъ	 
 	биографический		біографи'ческій, біографи'ческаго	 
 	биография		біогра'фія, біогра'фіей, біографи'ческій	 
 	биологией		біоло'гіей, въ біоло'гіи, біологи'ческій	 
 	биологические		біологи'ческіе (м. р.), біологи'ческія (ж. р. и ср. р.)	 
 	биологический		біологи'ческій, біологи'ческаго	 
 	биология		біоло'гія, въ біоло'гіи, біологи'ческій, біо'логъ, біо'логи	 
 	биржа		би'ржа, би'ржей, на би'ржѣ, мн. би'ржъ	 
 	биржевик		биржеви'къ	 
 	биржевой		биржево'й, биржево'го, биржево'е	 
 	биржевые		биржевы'е (м. р.), биржевы'я (ж. р. и ср. р.)	 
 	биржевый		би'ржевый, би'ржеваго, би'ржевое	 
 	бисексуал		бисексуа'лъ	 
 	бисер		би'серъ	 
 	биссектриса		биссектри'са	 
 	битком		битко'мъ	 
 	бить		бить, бе'й, бія', бьётъ	 
 	битьё		битьё, битьёмъ, битіё, при битьѣ'	 
 	бифштекс		бифште'ксъ и бифсте'ксъ	 
 	бицепс		би'цепсъ	 
 	бициклет		бицикле'тъ	 
 	бичевание		бичева'ніе	 
 	бия		бія' (дѣепр. бія' себя' въ грудь)	 
бл 	благер		бла'геръ (лгунъ, враль, хвасту'нъ)	^
 	благоверен		благовѣ'ренъ	 
 	благие		благі'е (м. р.), благі'я (ж. р. и ср. р.)	 
 	благовернее		благовѣ'рнѣе	 
 	благоверного		благовѣ'рнаго	 
 	благоверное		благовѣ'рное	 
 	благоверные		благовѣ'рные (м. р.), благовѣ'рныя (ж. р. и ср. р.)	 
 	благоверный		благовѣ'рный, благовѣ'рнаго	 
 	благовест		благовѣ'стъ (колоко'льный зво'нъ пе'редъ нача'ломъ и'ли во вре'мя церко'вной слу'жбы)	 
 	Благовещение		Благовѣ'щеніе (въ правосла'вной це'ркви — оди'нъ изъ двунадеся'тыхъ пра'здниковъ)	 
 	благоволение		благоволе'ніе	 
 	благоволите		благоволи'те	 
 	благовоние		благово'ніе	 
 	благоговейный		благоговѣ'йный	 
 	благоговение		благоговѣ'ніе	 
 	благоговеть		благоговѣ'ть	 
 	благодарен		благода'ренъ, благодаре'ніе	 
 	благодарить		благодари'ть	 
 	благодарственный		благода'рственный, благода'рственнаго	 
 	благодарствуем		благода'рствуемъ, благода'рствуешь, благода'рствуетъ	 
 	благодарствуйте		благода'рствуйте	 
 	благодаря		благодаря'	 
 	благодатель		благода'тель	 
 	благодать		благода'ть	 
 	благоденствие		благоде'нствіе	 
 	благодетель		благодѣ'тель (не благодѣ'ятель!)	 
 	благодеяние		благодѣя'ніе	 
 	благодушие		благоду'шіе, благоду'шенъ	 
 	благое		благо'е, благо'го	 
 	благожелатель		благожела'тель	 
 	благозвучие		благозву'чіе	 
 	благой		благо'й, благо'го, цeрк. благі'й	 
 	благолепие		благолѣ'піе (вели'чественная, торже'ственная красота'; великолѣ'піе)	 
 	благолепнее		благолѣ'пнѣе (бо'лѣе благолѣ'пно)	 
 	благолепно		благолѣ'пно, благолѣ'пенъ	 
 	благолепного		благолѣ'пнаго	 
 	благолепное		благолѣ'пное	 
 	благолепные		благолѣ'пные (м. р.), благолѣ'пныя (ж. р. и ср. р.)	 
 	благолепный		благолѣ'пный, благолѣ'пнаго	 
 	благонадёжен		благонадёженъ	 
 	благонадёжность		благонадёжность	 
 	благонамеренность		благонамѣ'ренность	 
 	благонравие		благонра'віе	 
 	благообразие		благообра'зіе	 
 	благополучен		благополу'ченъ	 
 	благополучие		благополу'чіе, благополу'чіемъ, въ благополу'чіи, жела'ю вся'ческаго благополу'чія	 
 	благополучнее		благополу'чнѣе	 
 	благополучное		благополу'чное	 
 	благополучные		благополу'чные (м. р.), благополу'чныя (ж. р. и ср. р.)	 
 	благополучный		благополу'чный, благополу'чнаго	 
 	благопоспешествовать		благопоспѣ'шествовать	 
 	благоприобретение		благопріобрѣте'ніе	 
 	благоприобретённый		благопріобрѣтённый	 
 	благоприятный		благопрія'тный, благопрія'тное, благопрія'тнаго	 
 	благорастворение		благорастворе'ніе (церк. благорастворе'ніе возду'ховъ — хоро'шій во'здухъ, хоро'шая пого'да, здоро'вый кли'матъ), благорастворе'ннѣйшій	 
 	благоречие		благорѣ'чіе	 
 	благородие		благоро'діе (титулова'ніе офице'ровъ и чино'вниковъ отъ четы'рнадцатаго до девя'таго кла'сса по та'бели о ра'нгахъ, а та'кже ихъ жёнъ — ва'ше, его', ея', ихъ благоро'діе), мн. ихъ благоро'дія	 
 	благороднее		благоро'днѣе	 
 	благороднейшего		благоро'днѣйшаго	 
 	благороднейшее		благоро'днѣйшее	 
 	благороднейшие		благоро'днѣйшіе (м. р.), благоро'днѣйшія (ж. р. и ср. р.)	 
 	благороднейший		благоро'днѣйшій, благоро'днѣйшаго	 
 	благородного		благоро'днаго	 
 	благородное		благоро'дное	 
 	благородные		благоро'дные (м. р.), благоро'дныя (ж. р. и ср. р.)	 
 	благородный		благоро'дный, благоро'днаго	 
 	благословение		благослове'ніе	 
 	благословенное		благослове'нное	 
 	благословенные		благослове'нные (м. р.), благослове'нныя (ж. р. и ср. р.)	 
 	благословенный		благослове'нный, благослове'ннаго	 
 	благотворительность		благотвори'тельность	 
 	благотворительный		благотвори'тельный	 
 	благочестивый		благочести'вый, благочести'ваго	 
 	благочестие		благоче'стіе	 
 	блажен		блаже'нъ, блаже'ненъ, блаже'нна, блаже'нны	 
 	блаженная		блаже'нная	 
 	блаженно		блаже'нно	 
 	блаженного		блаже'ннаго	 
 	блаженное		блаже'нное	 
 	блаженные		блаже'нные (м. р.), блаже'нныя (ж. р. и ср. р.)	 
 	блаженный		блаже'нный (благополу'чный; чудно'й, со стра'нностями; церк. — отказа'вшійся отъ всѣ'хъ мірски'хъ цѣ'нностей, юро'дивый)	 
 	Блаженный		Блаже'нный (традиціо'нный эпи'тетъ свято'го), Василій Блаже'нный, Блаже'нная Ксе'нія	 
 	блаженство		блаже'нство, блаже'нствовать, въ блаже'нствѣ	 
 	бланжевый		бла'нжевый	 
 	бланжетки		бланже'тки	 
 	бланкет		бланке'тъ (рагу' изъ свѣ'тлаго мя'са)	 
 	бланманже		бланманже' (желе' изъ сли'вокъ и'ли минда'льнаго молока')	 
 	блевать		блева'ть, блевну'ть, блёвывать, блюётъ	 
 	блевота		блево'та	 
 	блевотина		блево'тина, въ блево'тинѣ	 
 	бледен		блѣ'денъ, блѣдна', блѣдны'	 
 	бледнее		блѣднѣ'е, блѣднѣ'йшій	 
 	бледненький		блѣ'дненькій, блѣ'дненькаго	 
 	бледнеть		блѣднѣ'ть, блѣ'денъ, блѣднѣ'е	 
 	бледнея		блѣднѣ'я	 
 	бледное		блѣ'дное	 
 	бледнозелёный		блѣднозелёный	 
 	бледность		блѣ'дность	 
 	бледные		блѣ'дные (м. р.), блѣ'дныя (ж. р. и ср. р.)	 
 	бледный		блѣ'дный, блѣ'дненькій	 
 	блеем		бле'емъ	 
 	блеет		бле'етъ	 
 	блеешь		бле'ешь	 
 	блезир		блези'ръ (для блези'ра — для ви'да, напока'зъ)	 
 	блёклый		блёклый и бле'клый, блёклаго	 
 	блёкнуть		блёкнуть и бле'кнуть, блёкнетъ	 
 	блеск		бле'скъ, бле'скѣ	 
 	блесна		блесна'	 
 	блестеть		блестѣ'ть, блести'тъ, блесну'ть, бле'щетъ	 
 	блёстки		блёстки	 
 	блестяще		блестя'ще	 
 	блестящего		блестя'щаго	 
 	блестящее		блестя'щее	 
 	блестящие		блестя'щіе (м. р.), блестя'щія (ж. р. и ср. р.)	 
 	блестящий		блестя'щій, блестя'щаго, блестя'щихъ, блестя'щимъ, блестя'щее	 
 	блеф		бле'фъ (обма'нъ съ цѣ'лью созда'нія преувели'ченнаго представле'нія о свои'хъ си'лахъ, возмо'жностяхъ, зна'чимости)	 
 	блещет		бле'щетъ, бле'щу, бле'щутъ	 
 	блещущего		бле'щущаго	 
 	блещущее		бле'щущее	 
 	блещущие		бле'щущіе (м. р.), бле'щущія (ж. р. и ср. р.)	 
 	блещущий		бле'щущій, бле'щущаго	 
 	блею		бле'ю	 
 	блеют		бле'ютъ и бле'ятъ	 
 	блеющего		бле'ющаго	 
 	блеющее		бле'ющее	 
 	блеющие		бле'ющіе (м. р.), бле'ющія (ж. р. и ср. р.)	 
 	блеющий		бле'ющій, бле'ющаго	 
 	блеяние		бле'яніе	 
 	блеять		бле'ять, бле'ешь, бле'ютъ и бле'ятъ	 
 	ближайшее		ближа'йшее, въ ближа'йшемъ бу'дущемъ, но ближа'йшимъ ро'дственникамъ	 
 	ближайшем		ближа'йшемъ, въ ближа'йшемъ бу'дущемъ, но ближа'йшимъ ро'дственникамъ	 
 	ближайшие		ближа'йшіе (м. р.), ближа'йшія (ж. р. и ср. р.)	 
 	ближайший		ближа'йшій, ближа'йшаго	 
 	ближайшим		ближа'йшимъ, ближа'йшимъ ро'дственникамъ, но въ ближа'йшемъ бу'дущемъ	 
 	ближе		бли'же	 
 	ближнего		бли'жняго	 
 	ближнее		бли'жнее, бли'жнему, бли'жняго	 
 	близ		бли'зъ (ря'домъ)	 
 	близкие		бли'зкіе (м. р.), бли'зкія (ж. р. и ср. р.)	 
 	близкий		бли'зкій, бли'зкаго	 
 	близкое		бли'зкое	 
 	близлежащие		близлежа'щіе (м. р.), близлежа'щія (ж. р. и ср. р.)	 
 	близлежащий		близлежа'щій	 
 	близнец		близне'цъ	 
 	близь		бли'зь, бли'зью, въ сравни'тельной бли'зи, для да'ли и для бли'зи, но вблизи'	 
 	блистает		блиста'етъ	 
 	блистателен		блиста'теленъ	 
 	блистательнее		блиста'тельнѣе	 
 	блистательнейший		блиста'тельнѣйшій, блиста'тельнѣйшаго	 
 	блистательно		блиста'тельно	 
 	блистательного		блиста'тельнаго	 
 	блистательное		блиста'тельное	 
 	блистательные		блиста'тельные (м. р.), блиста'тельныя (ж. р. и ср. р.)	 
 	блистательный		блиста'тельный, блиста'тельнаго	 
 	блокнот		бло'къ-но'тъ	 
 	блуд		блудъ, о блу'дѣ	 
 	блюдёт		блюдётъ	 
 	блюдечко		блю'дечко, на блю'дечкѣ	 
 	блудни		блу'дни, блу'дней	 
 	блудница		блудни'ца, о блудни'цѣ, блудни'цей	 
 	блудодей		блудодѣ'й, блудодѣ'йка, блудодѣ'йство — уcтap.	 
 	блюдо		блю'до, на блю'дѣ	 
 	блюдце		блю'дце	 
 	блюёт		блюётъ	 
 	блюститель		блюсти'тель	 
бо 	бобелина		бобели'на (энерги'чная, крѣ'пкая по нату'рѣ же'нщина)	^
 	бобёр		бобёръ, бобро'вый (живо'тное, мѣ'хъ); бо'бръ, бобри'ный (живо'тное); о бобрѣ'	 
 	бобинет		бобине'тъ	 
 	бобрёнок		бобрёнокъ	 
 	Бобруйск		Бобру'йскъ, (не Бабру'йскъ :)	 
 	бобылём		бобылёмъ (оста'ться бобылёмъ, бобы'ль — одино'кій, безсеме'йный человѣ'къ), о бобылѣ'	 
 	Бог		Богъ, но язы'ческіе бо'ги, о Бо'гѣ	 
 	богадельня		богадѣ'льня и богодѣ'льня (домъ для престарѣ'лыхъ и инвали'довъ)	 
 	богатеем		богатѣ'емъ, богатѣ'ешь, богатѣ'етъ, богатѣ'ютъ	 
 	богатей		богате'й, богате'я, богате'емъ	 
 	богатейшее		богатѣ'йшее	 
 	богатейший		богатѣ'йшій	 
 	богатейших		богатѣ'йшихъ	 
 	богател		богатѣ'лъ	 
 	богатенек		богате'некъ	 
 	богатеть		богатѣ'ть	 
 	богатею		богатѣ'ю	 
 	богатеют		богатѣ'ютъ	 
 	богатеющее		богатѣ'ющее	 
 	богатеющие		богатѣ'ющіе (м. р.), богатѣ'ющія (ж. р. и ср. р.)	 
 	богатеющий		богатѣ'ющій, богатѣ'ющаго	 
 	богатого		бога'таго	 
 	богатое		бога'тое	 
 	богатство		бога'тство, въ бога'тствѣ	 
 	богатые		бога'тые (м. р.), бога'тыя (ж. р. и ср. р.)	 
 	богаче		бога'че	 
 	богема		боге'ма (сло'й тво'рческой интеллиге'нціи, не имѣ'ющей усто'йчиваго дохо'да, веду'щей безпоря'дочную жи'знь)	 
 	Богемия		Боге'мія	 
 	боговедец		боговѣ'децъ — зна'ющій Бо'га	 
 	боговидец		богови'децъ — ви'дѣвшій Бо'га, Моисе'й	 
 	богоданный		богода'нный, богода'ный	 
 	боголепие		боголѣ'піе	 
 	Богоматерь		Богома'терь	 
 	богомерзкий		богоме'рзкій	 
 	богомолец		богомо'лецъ	 
 	богоначалие		богонача'ліе	 
 	Богоневеста		Богоневѣ'ста	 
 	Богоотец		Богооте'цъ	 
 	богоприимец		богопріи'мецъ	 
 	Богородица		Богоро'дица	 
 	богословие		богосло'віе	 
 	богослужебный		богослуже'бный	 
 	богослужение		богослуже'ніе	 
 	богоспасаемый		богоспаса'емый	 
 	боготворённый		боготворённый	 
 	богохуление		богохуле'ніе	 
 	богочеловек		богочеловѣ'къ	 
 	Богоявление		Богоявле'ніе	 
 	Богоявленская		Богоявле'нская	 
 	Богоявленский		Богоявле'нскій, Богоявле'нскаго	 
 	Боденское		Бо'денское (о'зеро)	 
 	боднёт		боднётъ	 
 	боднёшь		боднёшь	 
 	бодяга		бодя'га и бадя'га (прѣсново'дная гу'бка; до'лгія пусты'я разсужде'нія, болтовня')	 
 	боевая		боева'я	 
 	боевик		боеви'къ	 
 	боевое		боево'е	 
 	боевой		боево'й, боево'го	 
 	боевые		боевы'е (м. р.), боевы'я (ж. р. и ср. р.)	 
 	боёк		боёкъ	 
 	боец		бое'цъ, о бойцѣ'	 
 	Боже		Бо'же (зва'тельный паде'жъ)	 
 	боженька		бо'женька, о бо'женькѣ	 
 	божески		бо'жески, по-бо'жески	 
 	божественный		боже'ственный	 
 	божество		божество'	 
 	Божией Милостью		Бо'жіею Ми'лостію	 
 	божий		бо'жій, бо'жьяго, им. п. мн. ч. бо'жіи и бо'жьи,	 
 	божий дом		бо'жій-домъ (богадѣ'льня)	 
 	божоле		божоле' (со'ртъ вина')	 
 	божье		бо'жье и бо'жіе	 
 	божьего		бо'жьяго и бо'жія	 
 	божьей		бо'жьей и бо'жіей	 
 	божьему		бо'жьему и бо'жію	 
 	божьи		бо'жьи и бо'жіи	 
 	божья		бо'жья и бо'жія	 
 	бозе		почи'ть въ Бо'зѣ (цeрк. умере'ть ми'рно, вѣ'руя, отда'ть свою' ду'шу Бо'гу)	 
 	боитесь		бои'тесь	 
 	бой		бой, бои', боёвъ, объ э'томъ бо'ѣ, съ бо'емъ	 
 	бойня		бо'йня, род. п. мн. ч. бо'енъ, на бо'йнѣ	 
 	бойтесь		бо'йтесь	 
 	бойчее		бойчѣ'е	 
 	бокал		бока'лъ, въ бока'лѣ	 
 	Бокаччио		Бока'ччіо	 
 	Бокаччо		Бока'ччіо	 
 	боксёр		боксёръ, о боксёрѣ	 
 	болван		болва'нъ, о болва'нѣ	 
 	болгарин		болга'ринъ, им. п. мн. ч. болга'ры и болга'ре	 
 	Болгария		Болга'рія	 
 	болгарские		болга'рскіе (м. р.), болга'рскія (ж. р. и ср. р.)	 
 	болгарский		болга'рскій, болга'рскаго	 
 	боле		бо'лѣ	 
 	болевой		болево'й, болево'го (отъ боль)	 
 	более		бо'лѣе, бо'лѣ, бо'льше, тѣмъ бо'лѣе	 
 	болезненного		болѣ'зненнаго	 
 	болезненное		болѣ'зненное	 
 	болезненные		болѣ'зненные (м. р.), болѣ'зненныя (ж. р. и ср. р.)	 
 	болезненный		болѣ'зненный, болѣ'зненнаго	 
 	болезнетворный		болѣзнетво'рный, болѣзнетво'рнаго	 
 	болезного		болѣ'знаго	 
 	болезнь		болѣ'знь, но бо'ленъ (отъ больно'й), отъ всѣ'хъ болѣ'зней	 
 	болезные		болѣ'зные (м. р.), болѣ'зныя (ж. р. и ср. р.)	 
 	болезный		болѣ'зный, болѣ'знаго	 
 	болей		бо'лей и боле'й (отъ боль), но не болѣ'й, болѣ'я	 
 	болельщик		болѣ'льщикъ	 
 	болен		бо'ленъ (отъ больно'й), но болѣ'етъ, болѣ'знь, болѣ'зненный	 
 	болеро		болеро' (испа'нскій наро'дный та'нецъ; коро'ткая безрука'вка и'ли коро'ткій жаке'тъ безъ застёжки)	 
 	Болеслав		Болесла'въ	 
 	болеет		болѣ'етъ	 
 	болеть		болѣ'ть, болѣ'ющій, болѣ'я, но бо'ленъ (отъ бо'льной)	 
 	болеючи		болѣ'ючи	 
 	болонка		боло'нка, о боло'нкѣ	 
 	болото		боло'то, въ боло'тѣ	 
 	болотце		боло'тце, въ боло'тцѣ	 
 	боль		боль, бо'лей и боле'й, но не болѣ'й	 
 	больверк		бо'льверкъ	 
 	больнее		больнѣ'е	 
 	больненько		больне'нько	 
 	больной		больно'й, больно'го	 
 	больше		бо'льше, бо'льшее, бо'льшій, бо'лѣе, бо'лѣ, бо'льшей, бо'льшаго, большо'е	 
 	большевик		большеви'къ, о большевикѣ', большеви'стскій и прoст. большеви'цкій	 
 	большеглазый		большегла'зый, большегла'заго	 
 	большего		бо'льшаго но большо'го	 
 	большеголовый		большеголо'вый, большеголо'ваго	 
 	большее		бо'льшее, бо'льшемъ, бо'льшей, бо'льшею, бо'льшихъ	 
 	большей		бо'льшей	 
 	большекрылый		большекры'лый	 
 	большелобый		большело'бый	 
 	большенный		больше'нный	 
 	большенький		бо'льшенькій	 
 	большие		бо'льшіе (м. р.), бо'льшія (ж. р. и ср. р.)	 
 	больший		бо'льшій, бо'льшаго	 
 	большинство		большинство', въ большинствѣ'	 
 	большого		большо'го но бо'льшаго	 
 	большое		большо'е, большо'го	 
 	большой		большо'й, большо'го	 
 	болящего		боля'щаго (больно'го)	 
 	болящей		боля'щей (больно'й)	 
 	болящий		боля'щій (больно'й), боля'щаго	 
 	болящие		боля'щіе (м. р.), боля'щія (ж. р. и ср. р.)	 
 	бомбардир		бомбарди'ръ (солда'тскій чинъ)	 
 	бомбёжка		бомбёжка, при бомбёжкѣ	 
 	Бомбей		Бомбе'й	 
 	бомонд		бо-мо'ндъ (вы'сшій свѣ'тъ, аристократи'ческое о'бщество)	 
 	бонбоньерка		бонбонье'рка (небольша'я наря'дная коро'бка для конфе'тъ)	 
 	бонвиван		бонвива'нъ (тотъ, кто растра'чиваетъ свои' си'лы и де'ньги на удово'льствія, развлече'нія, кутежи')	 
 	боперчик		бопе'рчикъ (ласк. те'стюшка)	 
 	бордеро		бордеро' (пе'речень ри'сковъ въ страхова'ніи)	 
 	бордюр		бордю'ръ и бордю'ра, на бордю'рѣ	 
 	Борей		Боре'й	 
 	борение		боре'нье, боре'ніе	 
 	борец		боре'цъ, о борцѣ'	 
 	борзой		борзо'й пёсъ (поро'да), бо'рзый конь (бы'стрый)	 
 	борзописец		борзопи'сецъ (писа'тель и'ли журнали'стъ, пи'шущій мно'го, но на'спѣхъ, на ни'зкомъ профессіона'льномъ у'ровнѣ)	 
 	борзые		борзы'е, борзо'й (м. р. — кобеля'), борзы'я, борза'я (ж. р. — су'ки)	 
 	борзые		борзы'я (поро'да соба'къ)	 
 	борзый		бо'рзый конь (бы'стрый), борзо'й пёсъ (поро'да)	 
 	Борисоглебск		Борисоглѣ'бскъ	 
 	Борисфен		Борисѳе'нъ	 
 	Борнео		Борне'о	 
 	бородавчатый		борода'вчатый	 
 	бородёнка		бородёнка	 
 	Бородино		Бородино', въ Бородинѣ', подъ Бородино'мъ, день Бородина'	 
 	боронёный		боронёный	 
 	бороться		боро'ться, бо'рется, бо'рются, бо'ремся, бо'решься	 
 	борщ		бо'рщъ, въ борщѣ', борще'цъ	 
 	борщевик		борщеви'къ (со'рное расте'ніе)	 
 	борьба		борьба', въ борьбѣ'	 
 	босиком		босико'мъ	 
 	боскет		боске'тъ (сплошна'я стѣ'нка изъ куста'рника)	 
 	Босния		Бо'снія и Герцегови'на	 
 	Босфор		Босфо'ръ	 
 	ботаник		бота'никъ	 
 	ботанический		ботани'ческій	 
 	ботвинья		ботви'нья и ботви'нье (холо'дный супъ изъ ква'са и варёной зе'лени)	 
 	Ботнический		Ботни'ческій (зали'въ)	 
 	ботфорт		ботфо'ртъ, ботфо'рта	 
 	бочение		боче'ніе	 
 	бочечный		бо'чечный	 
 	бочка		бо'чка, въ бо'чкѣ, бо'чечка, бо'чечный, бо'чекъ	 
 	бочок		бочо'къ	 
 	бочонок		бочёнокъ, бочёночекъ, бочёночный	 
 	боязно		бо'язно	 
 	Боян		Боя'нъ, Бая'нъ, о Боя'нѣ	 
 	боярин		боя'ринъ, им. п. мн. ч. боя'ре и боя'ра	 
 	бояре		боя'ре	 
 	боярские		боя'рскіе (м. р.), боя'рскія (ж. р. и ср. р.)	 
 	боярский		боя'рскій, боя'рскаго	 
 	боярского		боя'рскаго	 
 	боярское		боя'рское	 
 	бояться		боя'ться	 
бр 	брадобрей		брадобре'й	^
 	бразилец		бразилья'нецъ	 
 	Бразилия		Брази'лія	 
 	бракёр		бракёръ (браковщи'къ)	 
 	браконьер		браконье'ръ	 
 	бракосочетание		бракосочета'ніе	 
 	брамсель		бра'мсель (па'русъ)	 
 	брам-стеньга		брамсте'ньга	 
 	брандебур		брандебу'ръ	 
 	Бранденбург		Бранденбу'ргъ	 
 	брандер		бра'ндеръ	 
 	брандмауэр		брандма'уеръ (глуха'я огнесто'йкая стѣна')	 
 	брандмейстер		брандме'йстеръ (нача'льникъ пожа'рной кома'нды)	 
 	бранный		бра'нный (отъ брань)	 
 	браный		бра'ный (отъ брать — ткать узо'рами — убра'нство, самобра'нка)	 
 	браслет		брасле'тъ, брасле'тка	 
 	брат		братъ, бра'тьевъ, бра'тецъ, о бра'тѣ	 
 	братец		бра'тецъ, бра'тцемъ, бра'тцевъ, о бра'тцѣ	 
 	братия		бра'тія (мона'хи одно'й общи'ны, монастыря'; лю'ди, свя'занныя о'бщимъ дѣ'ломъ), бра'тіей	 
 	братний		бра'тній, бра'тняя, бра'тнее	 
 	братнин		бра'тнинъ	 
 	братские		бра'тскіе (м. р.), бра'тскія (ж. р. и ср. р.)	 
 	братское		бра'тское	 
 	братственный		бра'тственный	 
 	братьев		бра'тьевъ	 
 	Брауншвейг		Брауншве'йгъ	 
 	бреве		бре'ве (кра'тка — надстро'чный знакъ, напримѣ'ръ Й)	 
 	брёвен		брёвенъ	 
 	бревенчатый		бреве'нчатый	 
 	бревешко		бреве'шко	 
 	бревиарий		бревіа'рій (моли'твенникъ)	 
 	бревнище		бревни'ще	 
 	бревно		бревно', бреве'нчатый, на бревнѣ'	 
 	брёвнышко		брёвнышко	 
 	брегет		бреге'тъ, бреге' (стари'нные карма'нные часы' съ бо'емъ)	 
 	бред		бре'дъ, въ бреду', о бре'дѣ	 
 	бредём		бредёмъ	 
 	бредень		бре'день (небольшо'й не'водъ)	 
 	бредёшь		бредёшь	 
 	бредить		бре'дить, бре'жу	 
 	бредни		бре'дни	 
 	бреду		бреду', брести', брёлъ	 
 	бреем		бре'емъ	 
 	бреемся		бре'емся	 
 	бреет		бре'етъ	 
 	бреетесь		бре'етесь	 
 	бреется		бре'ется	 
 	бреешь		бре'ешь	 
 	бреешься		бре'ешься	 
 	брежу		бре'жу, бре'дить	 
 	брезгать		бре'згать, бре'зговать	 
 	брезгаю		бре'згаю, бре'згую	 
 	брезгливец		брезгли'вецъ	 
 	брезгливый		брезгли'вый	 
 	брезговать		бре'зговать, бре'згать	 
 	брезгун		брезгу'нъ	 
 	брезгуша		брезгу'ша	 
 	брезгую		бре'згую, бре'згаю	 
 	брезендук		брезенду'къ (паруси'на)	 
 	брезент		брезе'нтъ	 
 	брезжить		бре'зжить	 
 	брезжиться		бре'зжиться, бре'зжилъ, забре'зжилъ	 
 	брей		бре'й	 
 	брейся		бре'йся	 
 	брейд-вымпел		бре'йдъ-вы'мпелъ	 
 	Брейзах		Брейза'хъ	 
 	брекватер		бреква'теръ (волноло'мъ)	 
 	брёл		брёлъ, бреду', брести'	 
 	брелок		брело'къ, брело'ки, брело'ка (рaзг. брелки', брелка')	 
 	брелочек		брело'чекъ, брело'чка, брело'чный, брело'чное	 
 	Бремен		Бре'менъ	 
 	бремени		бре'мени, бре'мя	 
 	бременить		бремени'ть, обремени'ть	 
 	бремя		бре'мя, бре'мени, бре'менемъ	 
 	брение		бре'ніе (гли'на, грязь)	 
 	бренн		бре'ннъ (ти'тулъ князе'й)	 
 	бренный		бре'нный, бре'нность	 
 	бренчать		бренча'ть	 
 	Бреславль		Бресла'вль	 
 	Брест-Литовск		Бре'стъ-Литовскъ	 
 	брести		брести', бреду', брёлъ	 
 	брестский		бре'стскій, бре'стскаго	 
 	Бретань		Брета'нь	 
 	бретёр		бретёръ, бреттёръ (дуэля'нтъ, зади'ра, скандали'стъ), бретёрство	 
 	брёх		брёхъ	 
 	брехать		бреха'ть, бреху'нъ	 
 	брехня		брехня', брехнёй	 
 	брешут		бре'шутъ, бре'шешь, бре'шетъ, бре'шемъ	 
 	брешь		бре'шь и бре'шъ	 
 	брею		бре'ю	 
 	бреюсь		бре'юсь	 
 	бреют		бре'ютъ	 
 	бреются		бре'ются	 
 	бреющего		бре'ющаго	 
 	бреющие		бре'ющіе (м. р.), бре'ющія (ж. р. и ср. р.)	 
 	бреющий		бре'ющій, бре'ющаго	 
 	бригада		брига'да, въ брига'дѣ	 
 	бридель		бри'дель	 
 	брикет		брике'тъ, въ брике'тѣ	 
 	бриллиант		брилья'нтъ, бриліа'нтъ	 
 	бриллиантовое		брилья'нтовое, бриліа'нтовое	 
 	бриллиантовые		брилья'нтовые, бриліа'нтовые (м. р.), брилья'нтовыя, бриліа'нтовыя (ж. р. и ср. р.)	 
 	Британия		Брита'нія	 
 	бритвенный		бри'твенный	 
 	бритьё		бритьё, о бритьѣ'	 
 	бриолин		бріоли'нъ	 
 	бриония		бріо'нія	 
 	бриошь		бріо'шь (сдо'бная кру'глая бу'лочка)	 
 	бричка		бри'чка, въ бри'чкѣ, бри'чекъ	 
 	бродяжество		бродя'жество	 
 	бродячие		бродя'чіе (м. р.), бродя'чія (ж. р. и ср. р.)	 
 	брожение		броже'ніе	 
 	брокатель		брокате'ль	 
 	Брокен		Бро'кенъ	 
 	броневик		броневи'къ, на броневикѣ'	 
 	броневой		бронево'й, бронево'го	 
 	бронедивизион		бронедивизіо'нъ	 
 	бронёй		бронёй	 
 	броненосец		бронено'сецъ, на бронено'сцѣ	 
 	броненосный		бронено'сный	 
 	бросать		броса'ть, бро'шу, броса'етъ	 
 	бросьте		бро'сьте	 
 	брошенный		бро'шенный, бро'шеннаго	 
 	брошу		бро'шу, броса'ть, броса'етъ	 
 	брошюра		брошю'ра, въ брошю'рѣ	 
 	брошюровка		броширо'вка	 
 	брудершафт		брудерша'фтъ (пить на брудерша'фтъ)	 
 	брульон		брульо'нъ (черново'е сочине'ніе)	 
 	бруствер		бру'стверъ	 
 	брыжейка		брыжже'йка	 
 	брыкать		брыка'ть, брыка'ніе	 
 	брыкнёт		брыкнётъ	 
 	брюзжать		брюзжа'ть, брюзжа'ніе	 
 	брюнет		брюне'тъ, брюне'тикъ	 
 	брюнетка		брюне'тка, брюне'точка	 
 	Брюссель		Брюссе'ль	 
 	брюхо		брю'хо, брюшко', въ брю'хѣ	 
 	брюхоногий		брюхоно'гій	 
 	брюшко		брюшко'	 
бу 	бубен		бу'бенъ (музыка'льный инструме'нтъ), бубёнъ и бу'бенъ (ка'рточная ма'сть)	^
 	бубён		бубёнъ и бу'бенъ (ка'рточная ма'сть), бу'бенъ (музыка'льный инструме'нтъ)	 
 	бубенить		бубе'нить (звони'ть, разглаша'ть)	 
 	бубенчик		бубе'нчикъ, бубене'цъ	 
 	бугель		бу'гель	 
 	бугорочек		бугоро'чекъ, буго'ръ, на бугрѣ'	 
 	буде		бу'де (е'сли)	 
 	будем		бу'демъ	 
 	буден		бу'денъ (бу'дни)	 
 	будет		бу'детъ	 
 	будете		бу'дете	 
 	будешь		бу'дешь, бу'детъ, бу'демъ	 
 	будировать		буди'ровать (ду'ться, серди'ться)	 
 	будка		бу'дка, въ бу'дкѣ	 
 	будничный		бу'днишній	 
 	будочник		бу'дочникъ	 
 	будто		бу'дто	 
 	будучи		бу'дучи	 
 	будущего		бу'дущаго (не бу'дующаго!)	 
 	будущее		бу'дущее, въ бу'дущемъ (не бу'дующее!)	 
 	будущие		бу'дущіе (м. р.), бу'дущія (ж. р. и ср. р.)	 
 	будущий		бу'дущій, бу'дущаго (не бу'дующій!)	 
 	будьте		бу'дьте (не бу'дте!)	 
 	буевать		буева'ть, бую'ю, бую'ешь	 
 	буёк		буёкъ	 
 	буер		бу'еръ, на бу'ерѣ	 
 	буерак		буера'къ, буера'чистый, въ буера'кѣ	 
 	буженина		бужени'на	 
 	бузотёр		бузотёръ	 
 	буйреп		бу'йрепъ	 
 	буканьер		буканье'ръ	 
 	букашечка		бука'шечка	 
 	буквенный		бу'квенный	 
 	буквоед		буквоѣ'дъ (педа'нтъ, формали'стъ, кото'рый де'ржится то'лько бу'квы зако'на)	 
 	букет		буке'тъ, въ буке'тѣ	 
 	буки		Б — бу'ки — вто'рая бу'ква ру'сской а'збуки	 
 	букле		букле'	 
 	буклет		букле'тъ, въ букле'тѣ	 
 	букмекер		букме'керъ (лицо', принима'ющее де'нежныя ста'вки на ска'чкахъ и бѣга'хъ)	 
 	буколический		буколи'ческій (пастора'льный)	 
 	буле		буле'	 
 	булеверсия		булеве'рсія (разстро'йство)	 
 	бултыхнёт		бултыхнётъ	 
 	бульвар		бульва'ръ, на бульва'рѣ	 
 	бульварное		бульва'рное, бульва'рнаго	 
 	бульварные		бульва'рные (м. р.), бульва'рныя (ж. р. и ср. р.)	 
 	бульон		бульо'нъ, буліо'нъ, въ бульо'нѣ	 
 	бультерьер		буль-террье'ръ	 
 	бумага		бума'га, на бума'гѣ	 
 	бумазея		бумазе'я, бомазе'я (хлопча'то-бума'жная ткань съ начёсомъ на одно'й сторонѣ')	 
 	бумеранг		бумера'нгъ	 
 	бундесрат		бундесра'тъ	 
 	бункер		бу'нкеръ, въ бу'нкерѣ	 
 	бунтарём		бунтарёмъ	 
 	бургомистр		бургоми'стръ (глава' городско'го управле'нія)	 
 	буревестник		буревѣ'стникъ	 
 	буреет		бурѣ'етъ, бурѣ'ешь, бурѣ'емъ, бурѣ'ютъ	 
 	бурелом		бурело'мъ, въ бурело'мѣ	 
 	бурение		буре'ніе	 
 	бурёнка		бурёнка	 
 	бурёнушка		бурёнушка	 
 	буреть		бурѣ'ть	 
 	Бурже		Бурже'	 
 	буржуазия		буржуазі'я	 
 	буржуазные		буржуа'зные (м. р.), буржуа'зныя (ж. р. и ср. р.)	 
 	буржуй		буржу'й, буржу'емъ, о буржу'ѣ	 
 	буржуйские		буржу'йскіе (м. р.), буржу'йскія (ж. р. и ср. р.)	 
 	буржуйское		буржу'йское	 
 	буриме		буриме' (игра' — составле'ніе стихо'въ на за'данныя ри'ѳмы)	 
 	бурлеск		бюрле'скъ (музыка'льная пье'са шутли'ваго хара'ктера, жа'нръ пароді'йной поэ'зіи и драматургі'и)	 
 	бурмет		бурме'тъ (бума'жный хо'лстъ, бя'зь)	 
 	бурное		бу'рное, бу'рнаго	 
 	бурные		бу'рные (м. р.), бу'рныя (ж. р. и ср. р.)	 
 	Буслаев		Бусла'евъ	 
 	бутерброд		бу'тербро'дъ, бу'ттербро'дъ	 
 	бутоньерка		бутонье'рка (цвѣто'къ, буке'тикъ цвѣто'въ, прика'лываемый къ пла'тью и'ли вдѣва'емый въ петли'цу)	 
 	буфет		буфе'тъ, въ буфе'тѣ	 
 	буфер		бу'феръ, бу'фферъ	 
 	буффонада		буффона'да	 
 	Бухарест		Букаре'стъ	 
 	бухгалтер		бухга'лтеръ, о бухга'лтерѣ	 
 	бухгалтерия		бухгалте'рія, въ бухгалте'ріи, бухгалте'ріей	 
 	бухгалтерские		бухга'лтерскіе (м. р.), бухга'лтерскія (ж. р. и ср. р.)	 
 	бухгалтерское		бухга'лтерское дѣ'ло	 
 	бухучёт		бухучётъ, въ бухучётѣ	 
 	Буцефал		Буцефа'лъ	 
 	бученный		бу'ченный	 
 	буше		буше' (бискви'тное пиро'жное)	 
 	бушевать		бушева'ть	 
 	бушель		бу'шель (мѣ'ра объёма жи'дкостей, сыпу'чихъ веще'ствъ)	 
 	бушмен		бушме'нъ (ю'жно-африка'нскій тузе'мецъ)	 
 	бушмет		бушме'тъ	 
 	Буян		Буя'нъ, на о'стровѣ Буя'нѣ	 
 	буяните		буя'ните	 
бь 	Бьернеборг		Бьернебо'ргъ	^
 	бьёт		бьётъ	 
 	бьёте		бьёте	 
 	бьеф		бье'фъ, въ бье'фѣ (ве'рхній и ни'жній бье'фы — ча'сти рѣки' и'ли кана'ла, примыка'ющія къ плоти'нѣ, шлю'зу)	 
 	бьёшь		бьёшь, бьёшься	 
бы 	бы		бы — части'ца, пи'шется че'резъ дефи'съ: -бы	^
 	бывавшего		быва'вшаго	 
 	бывавшей		быва'вшей	 
 	бывавшие		быва'вшіе (м. р.), быва'вшія (ж. р. и ср. р.)	 
 	бывавший		быва'вшій, быва'вшаго	 
 	бывает		быва'етъ	 
 	бываете		быва'ете	 
 	бывало		быва'ло — пи'шется че'резъ дефи'съ (пойдётъ-быва'ло)	 
 	бывшего		бы'вшаго	 
 	бывшее		бы'вшее	 
 	бывшей		бы'вшей	 
 	бывшем		бы'вшемъ	 
 	бывшему		бы'вшему	 
 	бывшие		бы'вшіе (м. р.), бы'вшія (ж. р. и ср. р.)	 
 	бывший		бы'вшій, бы'вшаго	 
 	бывшим		бы'вшимъ, бы'вшей, бы'вшихъ	 
 	былое		было'е, было'го	 
 	быльё		быльё	 
 	быльём		быльёмъ (поросло')	 
 	былые		былы'е (м. р.), былы'я (ж. р. и ср. р.)	 
 	быстрее		быстрѣ'е, бы'стренькій, быстрѣ'йшій	 
 	быстрей		быстрѣ'й, быстрѣ'йшій	 
 	быстренький		бы'стренькій, бы'стренько	 
 	быстрёхонький		быстрёхонькій	 
 	быстрёшенький		быстрёшенькій	 
 	быстрого		бы'страго	 
 	быстрое		бы'строе	 
 	быстросъёмный		быстросъёмный	 
 	быстротечный		быстроте'чный	 
 	быстрые		бы'стрые (м. р.), бы'стрыя (ж. р. и ср. р.)	 
 	быт		бытъ, бы'та, въ быту', о бы'тѣ	 
 	бытие		бытіе', бытіе'мъ, о бытіи' (филoс. — объекти'вная реа'льность)	 
 	бытиё		бытіё, житьё-бытьё (жи'знь, существова'ніе — рaзг. отъ бытіе')	 
 	бытовое		бытово'е, бытово'го	 
 	бытовые		бытовы'е (м. р.), бытовы'я (ж. р. и ср. р.)	 
 	бытует		быту'етъ мнѣ'ніе	 
 	бытьё		бытьё (житьё-бытьё)	 
 	быть может		быть-мо'жетъ	 
 	бычок		бычо'къ	 
бэ 	Бэкон		Бе'конъ	^
бю 	бюджет		бюдже'тъ, въ бюдже'тѣ	^
 	бюджетные		бюдже'тные (м. р.), бюдже'тныя (ж. р. и ср. р.)	 
 	бюджетный		бюдже'тный, бюдже'тнаго	 
 	бюллетень		бюллете'нь, на бюллете'нѣ	 
 	бюргер		бю'ргеръ (городско'й жи'тель въ Герма'ніи)	 
 	бюргермейстер		бюргерме'йстеръ (городско'й голова', бургоми'стръ въ Герма'ніи)	 
 	бюретка		бюре'тка (градуи'рованная стекля'нная тру'бка съ кра'номъ)	 
 	бюрократ		бюрокра'тъ, о бюрокра'тѣ	 
 	бюрократия		бюрокра'тія