да 	даваемый		дава'емый	^
 	давалец		дава'лецъ (постоя'нный зака'зчикъ)	 
 	даванёт		даванётъ	 
 	давеча		да'веча (неда'вно), не да'вече!	 
 	давешний		да'вешній (неда'вній, не да'внешній!), да'вешняго, о да'вешнемъ; но давни'шній	 
 	Давид		Дави'дъ и Давы'дъ	 
 	давление		давле'ніе (но довлѣ'ніе — госпо'дство, превосхо'дство)	 
 	давленый		да'вленый	 
 	давнего		да'вняго	 
 	давнее		да'внее, о да'внемъ	 
 	давней		да'вней	 
 	давненько		давне'нько	 
 	давнёхонько		давнёхонько	 
 	давнёшенько		давнёшенько	 
 	давние		да'вніе (м. р.), да'внія (ж. р. и ср. р.)	 
 	давний		да'вній, да'вняго	 
 	давнишний		давни'шній (да'вній), давни'шняго; но да'вешній	 
 	давящего		да'вящаго (туго'го); давя'щаго (тя'гостнаго)	 
 	давящее		да'вящее (туго'е); давя'щее (тя'гостное)	 
 	давящие		да'вящіе — тугі'е (м. р.), да'вящія — тугі'я (ж. р. и ср. р.)	 
 	давящие		давя'щіе — тя'гостные (м. р.), давя'щія — тя'гостныя (ж. р. и ср. р.)	 
 	давящий		да'вящій (туго'й); давя'щій (тя'гостный)	 
 	дагеротип		дагерроти'пъ (сни'мокъ, сдѣ'ланный спо'собомъ дагерроти'піи), на дагерроти'пѣ	 
 	дагеротипия		дагерроти'пія	 
 	Дагестан		Дагеста'нъ	 
 	дадите		дади'те	 
 	даём		даёмъ	 
 	даёмся		даёмся	 
 	даёт		даётъ	 
 	даёте		даёте	 
 	даётся		даётся	 
 	даёшь		даёшь	 
 	даёшься		даёшься	 
 	даже		да'же	 
 	дайте		да'йте	 
 	далее		да'лѣе, да'лѣ, да'льше	 
 	далёк		далёкъ	 
 	далёкий		далёкій	 
 	далеко		далеко', далёко, вдалекѣ' слы'шенъ громъ, въ прекра'сномъ далекѣ'	 
 	далёко		далёко, далеко'	 
 	далече		дале'че (далеко')	 
 	Далмация		Далма'ція	 
 	дальневосточный		дальневосто'чный, дальневосто'чнаго	 
 	дальнего		да'льняго	 
 	дальнее		да'льнее (не дальнѣ'е!)	 
 	дальней		да'льней	 
 	дальнейшее		дальнѣ'йшее, въ дальнѣ'йшемъ	 
 	дальнейшие		дальнѣ'йшіе (м. р.), дальнѣ'йшія (ж. р. и ср. р.)	 
 	дальнейший		дальнѣ'йшій, дальнѣ'йшаго	 
 	дальние		да'льніе (м. р.), да'льнія (ж. р. и ср. р.)	 
 	дальний		да'льній, на да'льнемъ, да'льняго	 
 	дальняя		да'льняя, да'льней	 
 	дальтонизм		дальтони'змъ (неспосо'бность гла'за различа'ть нѣ'которые цвѣта')	 
 	дальше		да'льше, да'лѣе	 
 	дама		да'ма, о да'мѣ	 
 	Дамиан		Даміа'нъ	 
 	дамского		да'мскаго	 
 	дамское		да'мское	 
 	дамские		да'мскіе (м. р.), да'мскія (ж. р. и ср. р.)	 
 	дамский		да'мскій, да'мскаго	 
 	Даниил		Даніи'лъ, Дани'ла	 
 	Дания		Да'нія	 
 	данного		да'ннаго	 
 	данное		да'нное	 
 	данные		да'нные (м. р.), да'нныя (ж. р. и ср. р.)	 
 	данный		да'нный, да'ннаго	 
 	Данте		Да'нте	 
 	дар		даръ, объ э'томъ да'рѣ	 
 	дарение		даре'ніе	 
 	дарёный		дарёный, дарёнаго	 
 	Дарданеллы		Дардане'ллы	 
 	Дарий		Да'рій	 
 	дармоед		дармоѣ'дъ	 
 	дарование		дарова'ніе	 
 	дарованный		даро'ванный	 
 	даровитый		дарови'тый (тала'нтливый, одарённый), дарови'тѣе	 
 	дарохранительница		дарохрани'тельница	 
 	дарственная		да'рственная	 
 	дарственный		да'рственный	 
 	дарует		дару'етъ, дару'емъ, дару'ешь, дару'ете	 
 	да-с		да-съ	 
 	дательный		да'тельный (паде'жъ)	 
 	датский		да'тскій	 
 	датчане		датча'не	 
 	Дафна		Да'фна	 
 	Дафнис		Да'фнисъ	 
 	дача		да'ча, на да'чѣ	 
 	дачевладелец		дачевладѣ'лецъ	 
 	дачник		да'чникъ, о да'чникѣ	 
 	дачница		да'чница, къ да'чницѣ	 
 	дачное		да'чное (мѣ'сто)	 
 	дачные		да'чные (м. р.), да'чныя (ж. р. и ср. р.)	 
 	дающего		даю'щаго	 
 	дающегося		даю'щагося	 
 	дающие		даю'щіе (м. р.), даю'щія (ж. р. и ср. р.)	 
 	дающий		даю'щій, даю'щійся, даю'щаго, даю'щагося	 
дв 	двадцатилетний		двадцатилѣ'тній, двадцатилѣ'тняго	^
 	двадцатипятирублёвка		двадцатипятирублёвка	 
 	двадцатирублёвый		двадцатирублёвый	 
 	двадцать		два'дцать	 
 	две		двѣ	 
 	двенадцатидневье		двѣнадцатидне'вье	 
 	двенадцатилетний		двѣнадцатилѣ'тній	 
 	двенадцатиперстная		двѣнадцатипе'рстная (кишка')	 
 	двенадцатирублёвый		двѣнадцатирублёвый	 
 	двенадцатого		двѣна'дцатаго	 
 	двенадцатое		двѣна'дцатое	 
 	двенадцать		двѣна'дцать	 
 	двери		две'ри, двере'й, дверя'ми и дверьми', въ дверя'хъ	 
 	дверка		две'рка, на две'ркѣ	 
 	дверной		дверно'й	 
 	дверочка		две'рочка	 
 	дверца		две'рца, на две'рцѣ	 
 	дверь		две'рь (жить две'рь въ две'рь — напро'тивъ), две'ри, двере'й, дверя'ми и дверьми', въ дверя'хъ	 
 	двести		двѣ'сти	 
 	двигается		дви'гается, дви'гаетесь, дви'гаетъ	 
 	двигатель		дви'гатель, въ дви'гателѣ, дви'гателемъ	 
 	движение		движе'ніе	 
 	движущегося		дви'жущагося	 
 	движущиеся		дви'жущіеся (м. р.), дви'жущіяся (ж. р. и ср. р.)	 
 	движущийся		дви'жущійся, дви'жущагося	 
 	двинет		дви'нетъ, дви'нете	 
 	двое		дво'е	 
 	двоевластие		двоевла'стіе	 
 	двоеверие		двоевѣ'ріе	 
 	двоедушие		двоеду'шіе	 
 	двоеженец		двоеже'нецъ	 
 	двоежёнство		двоежёнство	 
 	двоение		двое'ніе	 
 	двоеперстие		двоепе'рстіе, двупе'рстіе (двоепе'рстное сложе'ніе — двоепе'рстное кре'стное зна'меніе, старообря'дческое)	 
 	двоеточие		двоето'чіе	 
 	двоечник		дво'ечникъ, о дво'ечникѣ	 
 	двойник		двойни'къ, о двойникѣ'	 
 	двойного		двойно'го	 
 	двойной		двойно'й, двойно'го	 
 	двойственный		дво'йственный, дво'йственнаго	 
 	двор		дворъ, во дворѣ'	 
 	дворе		на дворѣ'	 
 	дворец		дворе'цъ, во дворцѣ'	 
 	дворецкий		дворе'цкій, дворе'цкаго	 
 	дворишко		двори'шко	 
 	дворняжка		дворня'жка	 
 	дворце		во дворцѣ'	 
 	дворяне		дворя'не (сосло'віе свѣ'тскихъ землевладѣ'льцевъ)	 
 	дворянин		дворяни'нъ, им. п. мн. ч. дворя'не	 
 	дворянского		дворя'нскаго	 
 	дворянское		дворя'нское	 
 	дворянские		дворя'нскіе (м. р.), дворя'нскія (ж. р. и ср. р.)	 
 	дворянский		дворя'нскій, дворя'нскаго	 
 	двоякий		двоя'кій, двоя'каго	 
 	двуглавый		двугла'вый, двугла'ваго (не двухгла'вый!)	 
 	двугривенный		двугри'венный (моне'та въ два'дцать копе'екъ, на сами'хъ моне'тахъ писа'ли «копѣ'екъ»)	 
 	двулетний		двулѣ'тній (расте'ніе), но двухлѣ'тній (во'зрастъ, сро'къ)	 
 	двунадесятый		двунадеся'тый (оди'нъ изъ двѣна'дцати церко'вныхъ пра'здниковъ)	 
 	двуразделки		двураздѣ'лки	 
 	двусмысленный		двусмы'сленный, двусмы'сленнаго	 
 	двухведёрный		двухведёрный	 
 	двухвёрстная		двухвёрстная	 
 	двухвёсельная		двухвёсельная	 
 	двухгодичный		двугоди'чный	 
 	двухклассный		двухкла'ссный и двукла'ссный	 
 	двухколенный		двухколѣ'нный, двухколѣ'ннаго	 
 	двухколёсный		двухколёсный и двуколёсный	 
 	двухлетний		двухлѣ'тній (во'зрастъ, сро'къ), но двулѣ'тній (расте'ніе)	 
 	двухместный		двумѣ'стный	 
 	двухпудовый		двухпудо'вый и двупудо'вый	 
 	двухрублёвый		двухрублёвый	 
 	двухсотрублёвый		двухсотрублёвый	 
 	двухсотый		двухсо'тый	 
 	двухтысячный		двухты'сячный	 
 	двухчастёвый		двухчастёвый	 
 	двухэтажный		двухъэта'жный	 
 	двучлен		двучле'нъ	 
де 	де		де (мы-де, мы-де'скать)	^
 	дебардер		деба'рдеръ (маскара'дный костю'мъ гру'зчика)	 
 	дебаркадер		дебарка'деръ (платфо'рма на желѣзнодоро'жной ста'нціи; плаву'чая парохо'дная при'стань), на дебарка'дерѣ	 
 	дебаты		деба'ты (пре'нія, обмѣ'нъ мнѣ'ніями; спо'ры)	 
 	дебелый		дебе'лый, дебелѣ'ть (по'лный, упи'танный)	 
 	дебентура		дебенту'ра (тамо'женное свидѣ'тельство на возвра'тъ по'шлинъ)	 
 	дебет		де'бетъ (лѣ'вая страни'ца прихо'дно-расхо'дныхъ кни'гъ съ расхо'дами)	 
 	дебил		деби'лъ (страда'ющій олигофрені'ей)	 
 	дебитор		дебито'ръ (должни'къ)	 
 	деблокировать		деблоки'ровать	 
 	дебош		дебо'шъ (бу'йство, сканда'лъ съ шу'момъ и дра'кой), дебоши'ръ	 
 	дебри		де'брь, де'бри, де'брей (ча'ща)	 
 	дебют		дебю'тъ (пе'рвое выступле'ніе арти'ста на сце'нѣ; нача'ло ша'хматной и'ли ша'шечной па'ртіи), дебю'тное, въ дебю'тѣ	 
 	дева		дѣ'ва, о дѣ'вѣ	 
 	девается		дѣва'ется, дѣва'емся, дѣва'ешься, дѣва'ются	 
 	девальвация		девальва'ція	 
 	девать		дѣва'ть, дѣть	 
 	деваться		дѣва'ться	 
 	деверёк		деверёкъ	 
 	деверь		де'верь (бра'тъ му'жа), де'веревъ, о де'верѣ	 
 	девиз		деви'зъ, въ деви'зѣ	 
 	девиантный		девіа'нтный, девіа'нтнаго	 
 	девиация		девіа'ція (отклоне'ніе)	 
 	Девин-Магдебург		Дѣ'винъ-Магдебу'ргъ	 
 	девица		дѣви'ца, о дѣви'цѣ, дѣви'цей и пoэт. дѣ'вица, о дѣ'вицѣ, дѣ'вицей	 
 	девицын		дѣви'цынъ	 
 	Девиченский		Дѣви'ченскій	 
 	девический		дѣви'ческій	 
 	девичество		дѣви'чество, въ дѣви'чествѣ	 
 	девичий		дѣ'вичій и пoэт. дѣви'чій	 
 	девичник		дѣви'чникъ	 
 	девичья		дѣ'вичья (ко'мната, краса', па'мять и т. п.), и пoэт. дѣви'чья	 
 	девка		дѣ'вка, о дѣ'вкѣ	 
 	девонька		дѣ'вонька	 
 	девот		дево'тъ, дево'тка (ханжа', свято'ша)	 
 	девочек		дѣ'вочекъ	 
 	девочка		дѣ'вочка, о дѣ'вочкѣ	 
 	девственница		дѣ'вственница	 
 	девственного		дѣ'вственнаго	 
 	девственное		дѣ'вственное	 
 	девственность		дѣ'вственность	 
 	девственные		дѣ'вственные (м. р.), дѣ'вственныя (ж. р. и ср. р.)	 
 	девственный		дѣ'вственный, дѣ'вственнаго	 
 	девство		дѣ'вство	 
 	девушка		дѣ'вушка, о дѣ'вушкѣ	 
 	девчонка		дѣвчо'нка	 
 	девчушка		дѣвчу'шка	 
 	девяносто		девяно'сто	 
 	девясил		девяси'лъ	 
 	девятерик		девятери'къ	 
 	девятиведёрный		девятиведёрный	 
 	девятины		девяти'ны (поминове'ніе усо'пшаго, соверша'емое по церко'вному чи'ну въ девя'тый де'нь)	 
 	девятнадцать		девятна'дцать	 
 	девятого		девя'таго	 
 	девятое		девя'тое	 
 	девять		де'вять	 
 	девятьсот		девятьсо'тъ	 
 	дегенерат		дегенера'тъ (человѣ'къ съ при'знаками вырожде'нія)	 
 	дёготь		дёготь, дёгтемъ, въ дёгтѣ	 
 	деградация		деграда'ція (постепе'нное ухудше'ніе, утра'та цѣ'нныхъ сво'йствъ и ка'чествъ, упа'докъ)	 
 	дегтярное		дегтя'рное	 
 	дегтярный		дегтя'рный, дегтя'рнаго	 
 	дед		дѣдъ, дѣ'ды, дѣ'довъ, о дѣ'дѣ	 
 	дедичи		дѣ'дичи («о'тчичи и дѣ'дичи» — предше'ствующія поколѣ'нія)	 
 	дедка		дѣ'дка, мн. дѣ'докъ	 
 	дедовские		дѣ'довскіе (м. р.), дѣ'довскія (ж. р. и ср. р.)	 
 	дедовский		дѣ'довскій, дѣ'довскаго, дѣ'довское	 
 	дедок		дѣдо'къ, дѣдка'	 
 	дедукция		деду'кція (спо'собъ разсужде'нія отъ о'бщихъ положе'ній къ ча'стнымъ)	 
 	дедуля		дѣду'ля, дѣду'линъ	 
 	дедушка		дѣ'душка, къ дѣ'душкѣ	 
 	дееписание		дѣеписа'ніе	 
 	деепричастие		дѣеприча'стіе	 
 	дееспособный		дѣеспосо'бный	 
 	деет		дѣ'етъ (соверша'етъ, дѣ'лаетъ) — уcтap.	 
 	деется		дѣ'ется (происхо'дитъ, соверша'ется)	 
 	дежа		дѣжа' (квашня', дѣ'жка), дѣ'жи, дѣже'й, дѣжа'мъ	 
 	дежавю		дежавю'	 
 	дежей		дѣже'й, дѣжа'мъ	 
 	дёжи		дѣ'жи, дѣже'й, дѣжа'мъ	 
 	дёжка		дѣ'жка (дѣжа', квашня')	 
 	дежурит		дежу'ритъ, дежу'римъ, дежу'ришь, дежу'рятъ, дежу'рите	 
 	дежурить		дежу'рить	 
 	дежурное		дежу'рное	 
 	дежурные		дежу'рные (м. р.), дежу'рныя (ж. р. и ср. р.)	 
 	дежурный		дежу'рный, дежу'рнаго	 
 	дежурство		дежу'рство, на дежу'рствѣ	 
 	дезабилье		дезабилье' (оде'жда, кото'рую одѣва'ютъ, вста'въ съ посте'ли)	 
 	дезертир		дезерти'ръ, о дезерти'рѣ	 
 	дезинсекция		дезинсе'кція (уничтоже'ніе вре'дныхъ насѣко'мыхъ)	 
 	дезинтеграция		дезинтегра'ція	 
 	дезинфекция		дезинфе'кція (обеззара'живаніе)	 
 	дезодорант		дезодора'нтъ	 
 	дезорганизация		дезорганиза'ція	 
 	деизм		деи'змъ (религіо'зно-филосо'фское воззрѣ'ніе)	 
 	Деисус		Де'исусъ, Дейсу'съ	 
 	дей		де'й, де'я (ти'тулъ)	 
 	дейдвуд		де'йдвудъ	 
 	действеннее		дѣ'йственнѣе	 
 	действенного		дѣ'йственнаго	 
 	действенно		дѣ'йственно	 
 	действенное		дѣ'йственное	 
 	действие		дѣ'йствіе, дѣ'йство, въ дѣ'йствіи, дѣ'йствіемъ	 
 	действительно		дѣйстви'тельно	 
 	действительного		дѣйстви'тельнаго	 
 	действительное		дѣйстви'тельное	 
 	действительные		дѣйстви'тельные (м. р.), дѣйстви'тельныя (ж. р. и ср. р.)	 
 	действительный		дѣйстви'тельный (нaпр. дѣйстви'тельный ста'тскій совѣ'тникъ), дѣйстви'тельнаго	 
 	действо		дѣ'йство, въ дѣ'йствѣ	 
 	действовать		дѣ'йствовать	 
 	действует		дѣ'йствуетъ, дѣ'йствуемъ, дѣ'йствуешь, дѣ'йствуютъ	 
 	действующего		дѣ'йствующаго	 
 	действующее		дѣ'йствующее	 
 	действующие		дѣ'йствующіе (м. р.), дѣ'йствующія (ж. р. и ср. р.)	 
 	действующий		дѣ'йствующій, дѣ'йствующаго	 
 	дека		де'ка, на де'кѣ	 
 	декабрист		декабри'стъ	 
 	декабрь		дека'брь, въ декабрѣ', дека'брьскій, двѣ'надцатаго декабря'	 
 	декабрьский		дека'брьскій	 
 	декада		дека'да (де'сять дне'й), въ дека'дѣ	 
 	декаданс		декада'нсъ (упа'докъ, культу'рный регре'ссъ)	 
 	декадент		декаде'нтъ (послѣ'дователь декаде'нтства)	 
 	декалитр		декали'тръ (де'сять ли'тровъ)	 
 	декалькомания		декалькома'нія (спо'собъ перено'са изображе'нія съ бума'ги на разли'чныя пове'рхности)	 
 	декан		дека'нъ, о дека'нѣ	 
 	деканат		декана'тъ, въ декана'тѣ	 
 	Декарт		Дека'ртъ	 
 	декатировать		декати'ровать (обраба'тывать тка'нь па'ромъ и'ли горя'чей водо'й)	 
 	декаэдр		декаэ'дръ (десятигра'нникъ)	 
 	декель		де'кель (эласти'чная просло'йка въ печа'тныхъ маши'нахъ)	 
 	декламатор		деклама'торъ	 
 	декламация		деклама'ція	 
 	декламировать		деклами'ровать	 
 	декларация		деклара'ція	 
 	декларировать		деклари'ровать	 
 	декокт		деко'ктъ (отва'ръ изъ лѣка'рственныхъ расте'ній)	 
 	декольте		декольте' (вы'рѣзъ въ же'нскомъ пла'тьѣ)	 
 	декор		деко'ръ, въ деко'рѣ	 
 	декорация		декора'ція	 
 	декорум		деко'румъ (внѣ'шнее усло'вное прили'чіе, благопристо'йность)	 
 	декрет		декре'тъ (постановле'ніе, ука'зъ, зако'нъ)	 
 	декстрин		декстри'нъ (кле'й изъ крахма'ла)	 
 	декупаж		декупа'жъ	 
 	дел		дѣлъ (мно'го дѣлъ и куда' дѣлъ)	 
 	дела		дѣла', въ дѣла'хъ, какъ дѣла'	 
 	дела		дѣ'ла (дѣ'ть), куда' дѣ'ла	 
 	делаем		дѣ'лаемъ, дѣ'лаемся	 
 	делает		дѣ'лаетъ, дѣ'лаете, дѣ'лаешь	 
 	делается		дѣ'лается	 
 	делаешь		дѣ'лаешь	 
 	делай		дѣ'лай	 
 	делайте		дѣ'лайте	 
 	деланное		дѣ'ланное, дѣ'ланные (м. р.), дѣ'ланныя (ж. р. и ср. р.)	 
 	деланный		дѣ'ланный, дѣ'ланнаго	 
 	делась		дѣ'лась	 
 	делать		дѣ'лать	 
 	делают		дѣ'лаютъ	 
 	деле		въ дѣ'лѣ, на са'момъ дѣ'лѣ	 
 	делёж		дѣлёжъ, при дѣлежѣ'	 
 	делёжка		дѣлёжка	 
 	делегат		делега'тъ	 
 	делегация		делега'ція	 
 	деление		дѣле'ніе	 
 	делённый		дѣлённый	 
 	делец		дѣле'цъ, о дѣльцѣ'	 
 	дели		дѣ'ли (дѣ'ть), куда' дѣ'ли	 
 	Дели		Де'ли	 
 	делибаш		делиба'шъ, делиба'шемъ, делиба'шей	 
 	деликатес		деликате'съ	 
 	деликатно		делика'тно, делика'тное, делика'тный, делика'тнаго	 
 	деликатные		делика'тные (м. р.), делика'тныя (ж. р. и ср. р.)	 
 	делимое		дѣли'мое, дѣли'маго	 
 	делимые		дѣли'мые (м. р.), дѣли'мыя (ж. р. и ср. р.)	 
 	делимый		дѣли'мый, дѣли'мыхъ	 
 	делириум тременс		дели'ріумъ тре'менсъ (состоя'ніе пропо'йцы, бѣ'лая горя'чка)	 
 	делит		дѣ'литъ	 
 	делите		дѣ'лите и дѣли'те	 
 	делитесь		дѣ'литесь и дѣли'тесь	 
 	делится		дѣ'лится	 
 	делитель		дѣли'тель	 
 	делить		дѣли'ть	 
 	делиться		дѣли'ться	 
 	делишь		дѣ'лишь	 
 	делишься		дѣ'лишься	 
 	делишки		дѣли'шки, дѣли'шекъ	 
 	дело		дѣ'ло, о дѣ'лѣ, въ дѣ'лѣ	 
 	деловитый		дѣлови'тый, дѣлови'таго	 
 	делового		дѣлово'го	 
 	деловой		дѣлово'й, дѣлово'го	 
 	делопроизводитель		дѣлопроизводи'тель	 
 	делось		дѣ'лось	 
 	делся		дѣ'лся	 
 	Дельвиг		Де'львигъ	 
 	дельный		дѣ'льный, дѣ'льнаго	 
 	дельта		де'льта, въ де'льтѣ	 
 	дельфин		дельфи'нъ	 
 	Дельфы		Де'льфы	 
 	дельце		дѣ'льце и дѣ'льцо, о дѣ'льцѣ	 
 	дельцем		дѣ'льцемъ	 
 	дельцом		дѣ'льцомъ, о дѣльцѣ'	 
 	делывать		дѣ'лывать	 
 	деляга		дѣля'га	 
 	делянка		дѣля'нка, на дѣля'нкѣ	 
 	делят		дѣ'лятъ	 
 	делятся		дѣ'лятся	 
 	деляция		деля'ція	 
 	делящее		дѣля'щее и дѣ'лящее	 
 	делящееся		дѣля'щееся и дѣ'лящееся	 
 	делящие		дѣля'щіе и дѣ'лящіе (м. р.), дѣля'щія и дѣ'лящія (ж. р. и ср. р.)	 
 	делящиеся		дѣля'щіеся и дѣ'лящіеся (м. р.), дѣля'щіяся и дѣ'лящіяся (ж. р. и ср. р.)	 
 	делящий		дѣля'щій и дѣ'лящій	 
 	делящийся		дѣля'щійся и дѣ'лящійся	 
 	демагог		демаго'гъ	 
 	демагогия		демаго'гія (высокопа'рныя разсужде'нія ра'ди ли'чной вы'годы)	 
 	демаркационный		демаркаціо'нный	 
 	демество		демество' (стари'нный церко'вный напѣ'въ), деме'ственное пѣ'ніе	 
 	Деметра		Деме'тра	 
 	Демидов		Деми'довъ	 
 	демимонд		демимо'ндъ (среда' коко'токъ, подража'ющихъ о'бразу жи'зни аристокра'товъ; полусвѣ'тъ)	 
 	демикотон		демикото'нъ (пло'тная хлопча'то-бума'жная тка'нь)	 
 	демобилизация		демобилиза'ція	 
 	демография		демогра'фія	 
 	демократ		демокра'тъ, о демокра'тѣ	 
 	демократический		демократи'ческій	 
 	демократичный		демократи'чный	 
 	демократия		демокра'тія	 
 	Демокрит		Демокри'тъ	 
 	демон		де'монъ (зло'й ду'хъ, чо'ртъ, бѣ'съ, дья'волъ; па'дшій а'нгелъ), о де'монѣ	 
 	демонический		демони'ческій, демони'ческаго, демони'ческое	 
 	демонстрация		демонстра'ція	 
 	демонстрировать		демонстри'ровать	 
 	демонтировать		демонти'ровать	 
 	деморализовать		деморализова'ть	 
 	демос		де'мосъ (наро'дъ)	 
 	Демосфен		Демосѳе'нъ	 
 	Демьян		Демья'нъ, Демья'нова уха'	 
 	денатурат		денатура'тъ (эти'ловый спи'ртъ-сыре'цъ съ ядови'тыми доба'вками)	 
 	денди		де'нди, дэ'нди (изы'сканно и мо'дно одѣ'тый свѣ'тскій человѣ'къ; щёголь, фра'нтъ)	 
 	дендрарий		дендра'рій	 
 	денег		де'негъ	 
 	денежка		де'нежка (деньга')	 
 	денежно		де'нежно	 
 	денежного		де'нежнаго	 
 	денежное		де'нежное	 
 	денежные		де'нежные (м. р.), де'нежныя (ж. р. и ср. р.)	 
 	денежный		де'нежный, де'нежнаго	 
 	денёк		денёкъ	 
 	денемся		дѣ'немся	 
 	денется		дѣ'нется	 
 	денёчек		денёчекъ	 
 	денёчки		денёчки	 
 	денешься		дѣ'нешься	 
 	Деникин		Дени'кинъ, о Дени'кинѣ	 
 	Денис		Дени'съ	 
 	денник		денни'къ (отдѣ'льное сто'йло для кру'пнаго дома'шняго скота')	 
 	денница		денни'ца (у'тренняя заря'; у'тренняя звѣзда')	 
 	денно		де'нно (де'нно и но'щно — безпреры'вно, и днёмъ и но'чью)	 
 	денусь		дѣ'нусь, дѣ'нься	 
 	денутся		дѣ'нутся	 
 	денщик		денщи'къ (солда'тъ, состоя'вшій при офице'рѣ для ли'чныхъ услу'гъ)	 
 	день		день, о томъ са'момъ днѣ, но дне'й	 
 	деньга		деньга' (моне'та въ полкопе'йки)	 
 	деньги		де'ньги, въ де'ньгахъ, де'негъ, де'ньгамъ и деньга'мъ	 
 	день-деньской		день-денско'й (не деньско'й!)	 
 	деньжищи		деньжи'щи	 
 	деньжонки		деньжо'нки	 
 	день рождения		день рожде'нія, съ днёмъ рожде'нія!	 
 	денься		дѣ'нься, дѣ'нусь	 
 	деньте		дѣ'ньте	 
 	деньтесь		дѣ'ньтесь	 
 	департамент		департа'ментъ (отдѣ'лъ), не депорта'ментъ!, въ департа'ментѣ	 
 	депеша		депе'ша (сро'чное увѣдомле'ніе, донесе'ніе, сообще'ніе), въ депе'шѣ, депе'шей	 
 	депиляция		депиля'ція (удале'ніе воло'съ на тѣ'лѣ въ лѣче'бныхъ и'ли космети'ческихъ цѣ'ляхъ)	 
 	депо		депо' (зда'ніе для стоя'нки и ремо'нта маши'нъ, поѣздо'въ, трамва'евъ), нecкл.	 
 	депозит		депози'тъ, на депози'тѣ	 
 	деполяризация		деполяриза'ція	 
 	депортация		депорта'ція (вы'сылка изъ госуда'рства какъ мѣ'ра наказа'нія), не департа'ція!	 
 	депрессия		депре'ссія (угнетённое, пода'вленное состоя'ніе)	 
 	депутат		депута'тъ, о депута'тѣ	 
 	дербалызнуть		дербалы'знуть (вы'пить, сцара'пать)	 
 	Дербент		Дербе'нтъ	 
 	дерби		де'рби (ипподро'мныя состяза'нія трёхлѣ'тнихъ и четырёхлѣ'тнихъ скаковы'хъ лошаде'й)	 
 	дервиш		де'рвишъ (мусульма'нскій ни'щенствующій мона'хъ)	 
 	дёргать		дёргать, дёргаетъ, дёргаемъ, дёргаешь, дёргаютъ	 
 	дёргаться		дёргаться, дёргается, дёргаемся, дёргаешься, дёргаются	 
 	дергач		дерга'чъ (коросте'ль)	 
 	дергун		дергу'нъ (дерга'чъ, коросте'ль)	 
 	деревенеть		деревянѣ'ть, деревенѣ'ть	 
 	деревенское		дереве'нское	 
 	деревенские		дереве'нскіе (м. р.), дереве'нскія (ж. р. и ср. р.)	 
 	деревенский		дереве'нскій, дереве'нскаго	 
 	деревенщина		дереве'нщина	 
 	деревенька		дереве'нька, въ дереве'нькѣ	 
 	деревня		дере'вня, въ дере'внѣ, по дере'внѣ, род. п. мн. ч. дереве'нь; деревня'мъ	 
 	дерево		де'рево, на де'ревѣ, по де'реву	 
 	деревце		де'ревце и деревцо', деревцо'въ и дереве'цъ, деревца'мъ, на де'ревцѣ	 
 	деревья		дере'вья	 
 	деревянного		деревя'ннаго	 
 	деревянное		деревя'нное	 
 	деревянные		деревя'нные (м. р.), деревя'нныя (ж. р. и ср. р.)	 
 	деревянный		деревя'нный, деревя'ннаго	 
 	деревяшка		деревя'шка, деревя'жка, деревя'шечка	 
 	дерём		дерёмъ, дерётъ, дерёшь	 
 	дерёмся		дерёмся, деру'тся, дерёшься, дерётся, дери'сь	 
 	дёрен		дёренъ (куста'рникъ), дёрнъ (ве'рхній слой травяни'стой по'чвы)	 
 	дерёт		дерётъ	 
 	дерёте		дерёте	 
 	дерётся		дерётся	 
 	дерёшь		дерёшь	 
 	дерёшься		дерёшься	 
 	держава		держа'ва (незави'симое госуда'рство; золото'й ша'ръ съ кресто'мъ наверху' — эмбле'ма вла'сти мона'рха), въ держа'вѣ	 
 	державец		держа'вецъ, держа'вцемъ	 
 	Державин		Держа'винъ	 
 	державка		держа'вка	 
 	державник		держа'вникъ	 
 	державнический		держа'вническій	 
 	державность		держа'вность	 
 	державный		держа'вный, держа'внаго	 
 	держась		держа'сь	 
 	держат		де'ржатъ (не де'ржутъ!)	 
 	держатся		де'ржатся (не де'ржутся!)	 
 	держатель		держа'тель	 
 	держать		держа'ть, де'ржишь	 
 	держаться		держа'ться, де'ржишься	 
 	держиморда		держимо'рда (ирон. полице'йскій служи'тель)	 
 	держись		держи'сь	 
 	держит		де'ржитъ	 
 	держится		де'ржится	 
 	держишь		де'ржишь	 
 	держишься		де'ржишься	 
 	держусь		держу'сь	 
 	дерзает		дерза'етъ, дерза'емъ, дерза'ешь, дерза'ютъ	 
 	дерзайте		дерза'йте	 
 	дерзание		дерза'ніе	 
 	дерзать		дерза'ть	 
 	дерзаю		дерза'ю	 
 	дерзит		дерзи'тъ, дерзи'мъ, дерзи'шь, дерзя'тъ	 
 	дерзить		дерзи'ть	 
 	дерзкие		де'рзкіе (м. р.), де'рзкія (ж. р. и ср. р.)	 
 	дерзкий		де'рзкій, де'рзкаго, де'рзокъ, дерзка'	 
 	дерзко		де'рзко, де'рзче	 
 	дерзкого		де'рзкаго	 
 	дерзкое		де'рзкое	 
 	дерзнёт		дерзнётъ, дерзнёмъ, дерзнёшь, дерзну'тъ	 
 	дерзнёте		дерзнёте	 
 	дерзновение		дерзнове'ніе	 
 	дерзновенного		дерзнове'ннаго	 
 	дерзновенные		дерзнове'нные (м. р.), дерзнове'нныя (ж. р. и ср. р.)	 
 	дерзновенный		дерзнове'нный, дерзнове'ннаго	 
 	дерзнут		дерзну'тъ	 
 	дерзнуть		дерзну'ть	 
 	дерзостного		де'рзостнаго	 
 	дерзостное		де'рзостное	 
 	дерзостные		де'рзостные (м. р.), де'рзостныя (ж. р. и ср. р.)	 
 	дерзостный		де'рзостный, де'рзостнаго	 
 	дерзость		де'рзость	 
 	дерзче		де'рзче	 
 	деривация		дерива'ція	 
 	дерись		дери'сь (отъ дра'ться), деру'тся, дерёмся, дерёшься, дерётся	 
 	деритесь		дери'тесь (отъ дра'ться)	 
 	дерматин		дермати'нъ (видъ иску'сственной ко'жи; гранито'ль), не дерманти'нъ! и не дерьманти'нъ!	 
 	дерматит		дермати'тъ (воспале'ніе ко'жи)	 
 	дерматология		дерматоло'гія	 
 	дёрн		дёрнъ (ве'рхній слой травяни'стой по'чвы), но дёренъ (куста'рникъ)	 
 	дёрнет		дёрнетъ	 
 	дёрнуть		дёрнуть	 
 	Дерпт		Де'рптъ	 
 	дерть		де'рть (грубомо'лотое зерно' на ко'рмъ скоту')	 
 	дерьмо		дермо' (экскреме'нты), въ дермѣ'	 
 	дерюга		дерю'га, дерю'жка (гру'бая тка'нь изъ низкосо'ртной льняно'й пря'жи)	 
 	дерябить		деря'бить (дра'ть, цара'пать)	 
 	десант		деса'нтъ, въ деса'нтѣ	 
 	дёсенный		дёсенный	 
 	десерт		десе'ртъ, о десе'ртѣ	 
 	дескать		де'скать (части'ца для переда'чи чужо'й рѣ'чи съ недовѣ'ріемъ: «не пла'титъ — де'негъ, де'скать, нѣ'ту»)	 
 	десна		десна', дёсны, на деснѣ'	 
 	Десна		Десна' (рѣка'), на Деснѣ'	 
 	десная		десна'я (пра'вая рука') — уcтap.	 
 	деснёвый		деснёвый	 
 	десница		десни'ца (пра'вая рука'), въ десни'цѣ, десни'цей, одесну'ю (по пра'вую ру'ку) — уcтap.	 
 	деснице		десни'цѣ (въ десни'цѣ свое'й)	 
 	десную		десну'ю (см. сoвp. прав. одесну'ю) — уcтap.	 
 	деспот		де'спотъ (самовла'стный человкъ, попира'ющій чужі'я жела'нія и во'лю; тира'нъ)	 
 	Дессау		Десса'у	 
 	десть		де'сть (едини'ца счёта пи'счей бума'ги — 24 листа'), де'сти, десте'й	 
 	десюдепорт		десюдепо'ртъ (панно' въ наддве'ріи)	 
 	десятерик		десятери'къ	 
 	десятеричный		десятери'чный (не десятири'чный!)	 
 	десятеро		де'сятеро, за десятеры'хъ	 
 	десяти		десяти — пе'рвая часть сло'жныхъ словъ, пи'шется сли'тно, на концѣ' «и» даже пе'редъ гла'сными — десятиарши'нный	 
 	десятиаршинный		десятиарши'нный	 
 	десятивёрстка		десятивёрстка	 
 	десятилетие		десятилѣ'тіе	 
 	десятина		десяти'на (мѣ'ра земе'льной пло'щади 1,09 гекта'ра; нало'гъ на содержа'ніе це'ркви въ 1/10 отъ дохо'да)	 
 	десятирублёвка		десятирублёвка	 
 	десятиугольный		десятиуго'льный	 
 	десятиэтажный		десятиэта'жный	 
 	десятка		деся'тка, въ деся'ткѣ	 
 	десятник		деся'тникъ (ста'ршій надъ гру'ппой строи'тельныхъ рабо'чихъ)	 
 	десятого		деся'таго	 
 	десятое		деся'тое	 
 	десяток		деся'токъ, въ деся'ткѣ	 
 	десятые		деся'тые (м. р.), деся'тыя (ж. р. и ср. р. — деся'тыя до'ли гра'дуса)	 
 	десятых		въ-деся'тыхъ	 
 	десять		де'сять	 
 	детализация		детализа'ція	 
 	детализированный		детализи'рованный, детализи'рованнаго	 
 	детализовать		детализова'ть	 
 	деталировка		деталиро'вка, при деталиро'вкѣ	 
 	деталь		дета'ль, дета'ли, дета'лей	 
 	деталька		дета'лька, дета'лекъ	 
 	детального		дета'льнаго	 
 	детальнее		дета'льнѣе	 
 	детальное		дета'льное	 
 	детальность		дета'льность	 
 	детальные		дета'льные (м. р.), дета'льныя (ж. р. и ср. р.)	 
 	детальный		дета'льный, дета'льнаго, дета'ленъ	 
 	детвора		дѣтвора', о дѣтворѣ'	 
 	детей		дѣте'й	 
 	детектив		детекти'въ	 
 	детёныш		дѣтёнышъ	 
 	детерминизм		детермини'змъ	 
 	дети		дѣ'ти, дѣтьми', о дѣ'тяхъ	 
 	детина		дѣти'на, о дѣти'нѣ	 
 	Детинец		Дѣти'нецъ, въ Дѣти'нцѣ	 
 	детинушка		дѣти'нушка	 
 	детишки		дѣти'шки	 
 	детище		дѣ'тище (со'зданное со'бственными труда'ми и забо'тами)	 
 	детка		дѣ'тка, дѣ'тки, дѣ'токъ	 
 	детонатор		детона'торъ, детона'ція	 
 	деточка		дѣ'точка, дѣ'точекъ	 
 	детская		дѣ'тская (ко'мната)	 
 	детские		дѣ'тскіе (м. р.), дѣ'тскія (ж. р. и ср. р.)	 
 	детский		дѣ'тскій, дѣ'тскаго	 
 	детского		дѣ'тскаго	 
 	детское		дѣ'тское	 
 	детство		дѣ'тство, въ дѣ'тствѣ, съ дѣ'тства	 
 	детушки		дѣ'тушки	 
 	деть		дѣть, дѣва'ть	 
 	детьми		дѣтьми'	 
 	деться		дѣ'ться	 
 	де-факто		де-фа'кто (на дѣ'лѣ, но не юриди'чески)	 
 	дефекация		дефека'ція (испражне'ніе кише'чника)	 
 	дефект		дефе'ктъ, о дефе'ктѣ	 
 	дефиле		дефиле' (воeн. уще'лье, у'зкій прохо'дъ ме'жду возвы'шенностями и'ли во'дными прегра'дами въ кото'ромъ мо'жно останови'ть проти'вника)	 
 	дефиниция		дефини'ція (кра'ткое опредѣле'ніе)	 
 	дефис		дефи'съ, пи'шется че'резъ дефи'съ	 
 	дефицит		дефици'тъ (нехва'тка), въ дефици'тѣ	 
 	дефлаграция		дефлагра'ція (выгора'ніе взры'вчатаго вещества' бе'зъ взры'ва)	 
 	дефлектор		дефле'кторъ (отража'тель пото'ковъ во'здуха)	 
 	дефлорация		дефлора'ція (лише'ніе дѣ'вственности)	 
 	дефляция		дефля'ція	 
 	деформация		деформа'ція	 
 	децемвират		децемвира'тъ	 
 	децентрализация		децентрализа'ція	 
 	Деций		Де'цій	 
 	дешеветь		дешевѣ'ть	 
 	дешёвенький		дешёвенькій	 
 	дешевизна		дешеви'зна	 
 	дешёвка		дешёвка, по дешёвкѣ	 
 	дешевле		деше'вле	 
 	дёшево		дёшево (не дёшего!), деше'вле	 
 	дешёвого		дешёваго	 
 	дешёвое		дешёвое (не дешовое!)	 
 	дешёвые		дешёвые (м. р.), дешёвыя (ж. р. и ср. р.)	 
 	дешёвый		дешёвый, дешёваго (не дешовый!)	 
 	дешифратор		дешифра'торъ	 
 	дешифрировать		дешифри'ровать	 
 	дешифровать		дешифрова'ть	 
 	дею		дѣ'ю, дѣ'етъ, дѣ'ять (дѣ'лать) — уcтap.	 
 	де-юре		де-ю'ре (на основа'ніи зако'на)	 
 	деяние		дѣя'ніе (дѣ'йствіе, посту'покъ, дѣ'ло)	 
 	Деяния		Дѣя'нія (апо'столовъ)	 
 	деятель		дѣ'ятель	 
 	деятельность		дѣ'ятельность	 
дж 	джейран		джейра'нъ (антило'па ро'да газе'лей)	^
 	джентльмен		джентльме'нъ (корре'ктный, благовоспи'танный человѣ'къ, отлича'ющійся стро'гимъ изя'ществомъ мане'ръ и костю'ма), не джентельме'нъ!	 
 	джерси		дже'рси, джерсе' (шерстяна'я и'ли шёлковая трикота'жная тка'нь)	 
ди 	диабаз		діаба'зъ (вулкани'ческая го'рная поро'да большо'й пло'тности)	^
 	диабет		діабе'тъ	 
 	диагноз		діа'гнозъ	 
 	диагональ		діагона'ль	 
 	диаграмма		діагра'мма, на діагра'ммѣ	 
 	диадема		діаде'ма (украше'ніе въ фо'рмѣ небольшо'й откры'той коро'ны)	 
 	диакритический		діакрити'ческій (надстро'чный и'ли подстро'чный зна'къ у бу'квы)	 
 	диалект		діале'ктъ (мѣ'стное нарѣ'чіе, го'воръ), въ діале'ктѣ	 
 	диалектика		діале'ктика	 
 	диализ		діа'лизъ	 
 	диалог		діало'гъ	 
 	диаметр		діа'метръ, въ діа'метрѣ	 
 	диаметрально		діаметра'льно противополо'жное (соверше'нно противополо'жно, наоборо'тъ)	 
 	Диана		Діа'на	 
 	диапазон		діапазо'нъ, въ діапазо'нѣ	 
 	диапозитив		діапозити'въ	 
 	диарея		діарре'я (поно'съ), при діарре'ѣ	 
 	диаспора		діа'спора (религіо'зныя и этни'ческія гру'ппы, живу'щія въ но'выхъ для себя' райо'нахъ на положе'ніи націона'льно-культу'рныхъ меньши'нствъ)	 
 	диатез		діате'зъ, при діате'зѣ	 
 	диатриба		діатри'ба (ѣ'дкая, же'лчная кри'тика, дли'нное разглаго'льствованіе)	 
 	диафрагма		діафра'гма	 
 	диван		дива'нъ, на дива'нѣ	 
 	Дивеево		Дивѣ'ево, въ Дивѣ'евѣ	 
 	Дивеевский		Дивѣ'евскій	 
 	дивен		ди'венъ (отъ ди'вный)	 
 	диверсия		диве'рсія	 
 	дивертисмент		дивертисме'нтъ, дивертисеме'нтъ (конце'ртъ и'ли спекта'кль, состоя'щій изъ отдѣ'льныхъ номеро'въ)	 
 	дивиденд		дивиде'ндъ (ча'сть при'были, распредѣля'емая ме'жду акціоне'рами)	 
 	дивизия		диви'зія	 
 	дивное		ди'вное, ди'внаго	 
 	дивные		ди'вные (м. р.), ди'вныя (ж. р. и ср. р.)	 
 	Диденгофен		Диденго'фенъ	 
 	диез		діе'зъ, діэ'зъ (но'тный зна'къ, обознача'ющій повыше'ніе зву'ка на полуто'нъ)	 
 	диета		діе'та, діэ'та (режи'мъ пита'нія)	 
 	дизель		ди'зель, на ди'зелѣ	 
 	дизентерия		дизентері'я	 
 	дизъюнкция		дизъю'нкція	 
 	дикие		ди'кіе (м. р.), ди'кія (ж. р. и ср. р.)	 
 	дикий		ди'кій, ди'каго, ди'кое	 
 	Диккенс		Ди'ккенсъ	 
 	дикое		ди'кое	 
 	дикция		ди'кція (произноше'ніе)	 
 	дилемма		диле'мма (затрудни'тельный вы'боръ изъ дву'хъ взаимоисключа'ющихъ усло'вій)	 
 	дилетант		дилета'нтъ, дилетта'нтъ (пло'хо разбира'ющійся въ чёмъ-ли'бо)	 
 	дилижанс		дилижа'нсъ, въ дилижа'нсѣ	 
 	Димитрий		Дими'трій, Дми'трій, Дими'тріевичъ	 
 	династия		дина'стія, династи'ческій	 
 	Диоген		Діоге'нъ	 
 	Диоклетиан		Діоклетіа'нъ	 
 	Дионис		Діони'съ	 
 	Дионисий		Діони'сій	 
 	диоптрия		діо'птрія	 
 	диорама		діора'ма (живопи'сное произведе'ніе съ предме'тнымъ пере'днимъ пла'номъ)	 
 	диорит		діори'тъ (магмати'ческая го'рная поро'да)	 
 	директива		директи'ва (руководя'щее указа'ніе), въ директи'вѣ	 
 	директор		дире'кторъ, о дире'кторѣ	 
 	директория		директо'рія (центра'льный о'рганъ вла'сти)	 
 	директриса		директри'са	 
 	дирекция		дире'кція	 
 	дирижёръ		дирижёръ, о дирижёрѣ	 
 	дирижёрский		дирижёрскій, дирижёрскаго	 
 	дискредитация		дискредита'ція (подры'въ авторите'та, и'миджа и довѣ'рія)	 
 	дискретный		дискре'тный (преры'вистый, дро'бный, состоя'щій изъ отдѣ'льныхъ часте'й)	 
 	дискуссия		диску'ссія (спо'ръ, публи'чное обсужде'ніе)	 
 	диспаш		диспа'шъ (вознагражде'ніе фрахтова'телю)	 
 	диспашер		диспаше'ръ (спеціали'стъ по диспа'шу)	 
 	диспенсация		диспенса'ція (освобожде'ніе отъ грѣхо'въ)	 
 	диспепсия		диспе'псія (наруше'ніе норма'льнаго пищеваре'нія)	 
 	дисперсия		диспе'рсія (раздѣле'ніе, разсѣ'иваніе)	 
 	диссертация		диссерта'ція	 
 	диссоциация		диссоціа'ція	 
 	диспетчер		диспе'тчеръ	 
 	диссидент		диссиде'нтъ (инакомы'слящій)	 
 	дистанция		диста'нція	 
 	дистилляция		дистилля'ція, дестилля'ція	 
 	дитятко		ди'тятко	 
 	дифирамб		диѳира'мбъ (восто'рженная похвала')	 
 	дифтерит		дифтери'тъ	 
 	дифтонг		дифто'нгъ	 
 	диффамация		диффама'ція	 
 	дифферент		дифере'нтъ (ра'зница въ оса'дкѣ но'са и кормы' су'дна), при дифере'нтѣ	 
 	дифференциал		диференціа'лъ	 
 	диффузия		дифу'зія	 
 	дичайшее		дича'йшее	 
 	дичок		дичо'къ, дичёкъ	 
дл 	длина		длина', по длинѣ' (длинна' — друго'е сло'во!), длино'й (но дли'нной — друго'е сло'во!)	^
 	длинен		дли'ненъ, длинны' и дли'нны, длинно' и дли'нно, длинна' и дли'нна (длина' — друго'е сло'во!)	 
 	длиннее		длиннѣ'е, длиннѣ'й, но дли'нненькій	 
 	длиннейший		длиннѣ'йшій, длиннѣ'йшаго	 
 	длинненький		дли'нненькій, но длиннѣ'е	 
 	длиннозёрный		длиннозёрный	 
 	длинношеее		длинноше'ее, длинноше'ій, длинноше'яя (да, да, да!), не длиноше'ее!	 
 	длинношеие		длинноше'іе (м. р.), длинноше'ія (ж. р. и ср. р.); длинноше'имъ	 
 	длинношёрстный		длинношёрстный	 
 	длинношёрстый		длинношёрстый	 
 	длинные		дли'нные (м. р.), дли'нныя (ж. р. и ср. р.)	 
 	длинный		дли'нный, длиннѣ'е, дли'нненькій, дли'ннаго	 
 	длительный		дли'тельный, дли'тельно, дли'тельное	 
дм 	Дмитрий		Дми'трій и Дими'трій, Дми'тріевичъ	^
дн 	дне		днѣ (отъ день — о томъ са'момъ днѣ), днѣ (отъ дно — на днѣ ло'дки)	^
 	дневальный		днева'льный (рядово'й, назнача'емый на су'тки въ по'мощь дежу'рному)	 
 	дневать		днева'ть (днева'ть и ночева'ть — проводи'ть всё своё вре'мя гдѣ-ли'бо)	 
 	днёвка		днёвка (однодне'вная остано'вка на о'тдыхъ)	 
 	дневник		дневни'къ, въ дневникѣ', дневничо'къ	 
 	дневной		дневно'й, дне'вный	 
 	дней		дне'й, но о томъ са'момъ днѣ	 
 	днём		днёмъ; поздравля'ю съ днёмъ рожде'нія!	 
 	Днепр		Днѣ'пръ	 
 	Днестр		Днѣ'стръ	 
 	днесь		дне'сь (ны'нѣ, тепе'рь, сего'дня) — уcтap.	 
 	днище		дни'ще, въ дни'щѣ	 
 	дно		дно, на днѣ, мн. до'нья	 
до 	добавлен		доба'вленъ, доба'влена, доба'влены, доба'влено	^
 	добавленного		доба'вленнаго	 
 	добавленное		доба'вленное	 
 	добавленные		доба'вленные (м. р.), доба'вленныя (ж. р. и ср. р.)	 
 	добавленный		доба'вленный, доба'вленъ, добавле'ніе, доба'вленное	 
 	добавление		добавле'ніе, добавле'ніемъ	 
 	добавляет		добавля'етъ, добавля'емъ, добавля'ешь	 
 	добежать		добѣжа'ть	 
 	добейте		добе'йте	 
 	добейтесь		добе'йтесь	 
 	добела		добѣла'	 
 	доберётесь		доберётесь	 
 	доберусь		доберу'сь	 
 	доблестнейший		до'блестнѣйшій, до'блестнѣйшаго	 
 	доблестное		до'блестное	 
 	доблестные		до'блестные (м. р.), до'блестныя (ж. р. и ср. р.)	 
 	доблестный		до'блестный, до'блестнаго	 
 	доблесть		до'блесть	 
 	добредёт		добредётъ	 
 	добрее		добрѣ'е	 
 	добреешь		добрѣ'ешь (добро'), добре'ешь (добри'ть)	 
 	добрейший		добрѣ'йшій, добрѣ'йшаго	 
 	добрёл		добрёлъ	 
 	добренький		до'бренькій	 
 	добрести		добрести'	 
 	добреть		добрѣ'ть	 
 	добро		Д — добро' — пя'тая бу'ква ру'сской а'збуки	 
 	добро		добро', о добрѣ'	 
 	доброволец		доброво'лецъ, доброво'льцевъ	 
 	доброго		до'браго	 
 	добродетель		добродѣ'тель, добродѣ'телей	 
 	добродеяние		добродѣ'яніе	 
 	доброе		до'брое	 
 	доброжелатель		доброжела'тель	 
 	доброкачественный		доброка'чественный	 
 	добросердечный		добросерде'чный	 
 	добросовестный		добросо'вѣстный	 
 	добрые		до'брые (м. р.), до'брыя (ж. р. и ср. р.)	 
 	добьёмся		добьёмся	 
 	добьётесь		добьётесь	 
 	доваренный		дова'ренный	 
 	доведём		доведёмъ	 
 	доведение		доведе'ніе	 
 	доведённый		доведённый	 
 	доведётся		доведётся	 
 	довёз		довёзъ	 
 	довезённый		довезённый	 
 	довезёшь		довезёшь	 
 	довезти		довезти', дове'зть	 
 	довёзший		довёзшій	 
 	довёл		довёлъ, довела', довели', довело'	 
 	довелось		довело'сь	 
 	доверенность		довѣ'ренность, довѣ'рить	 
 	доверие		довѣ'ріе, довѣря'ть, на довѣ'ріи	 
 	доверительно		довѣри'тельно	 
 	доверить		довѣ'рить	 
 	довернёт		довернётъ	 
 	довертеться		довертѣ'ться	 
 	довёртывать		довёртывать	 
 	доверху		до'верху	 
 	довершение		въ доверше'ніе	 
 	довершённый		довершённый	 
 	довершить		доверши'ть	 
 	доверять		довѣря'ть	 
 	довесок		довѣ'сокъ	 
 	довести		довести', дове'сть	 
 	довлеть		довлѣ'ть, довлѣ'етъ (госпо'дствовать, тяготѣ'ть надъ кѣ'мъ-либо, чѣ'мъ-либо), не давлѣ'ть!	 
 	довлеет		довлѣ'етъ, не давлѣ'етъ!	 
 	довление		довлѣ'ніе, не давлѣ'ніе!	 
 	доволен		дово'ленъ	 
 	доволочёшь		доволочёшь	 
 	довольного		дово'льнаго	 
 	довольное		дово'льное	 
 	довольные		дово'льные (м. р.), дово'льныя (ж. р. и ср. р.)	 
 	доврётся		доврётся	 
 	догадывается		дога'дывается	 
 	догаресса		догаре'сса (жена' до'жа)	 
 	доглаженный		догла'женный	 
 	доглядел		доглядѣ'лъ	 
 	доглядеть		доглядѣ'ть	 
 	догниёт		догніётъ	 
 	договор		догово'ръ (не до'говоръ!), въ догово'рѣ	 
 	договорённость		договорённость	 
 	договорённый		договорённый	 
 	догонять		догоня'ть, догоня'ешь	 
 	догорать		догора'ть, догора'ешь	 
 	догорелый		догорѣ'лый	 
 	догореть		догорѣ'ть	 
 	догрёб		догрёбъ	 
 	догребёт		догребётъ	 
 	догрызёт		догрызётъ	 
 	додекаэдр		додекаэ'дръ (двѣнадцатигра'нникъ)	 
 	доделанный		додѣ'ланный, недодѣ'ланный	 
 	доделать		додѣ'лать, недодѣ'лать	 
 	доделка		додѣ'лка, въ додѣ'лкѣ	 
 	доеденный		доѣ'денный	 
 	доездился		доѣ'здился	 
 	доезжачий		доѣзжа'чій (ста'ршій пса'рь)	 
 	доение		дое'ніе	 
 	доесть		доѣ'сть	 
 	доехать		доѣ'хать, доѣ'халъ, доѣ'хала, доѣ'хали	 
 	дождевик		дождеви'къ, въ дождевикѣ'	 
 	дождёвка		дождёвка (насѣко'мое семе'йства слѣпне'й)	 
 	дождевой		дождево'й, дождево'го	 
 	дождёмся		дождёмся	 
 	дождеприёмник		дождепріёмникъ	 
 	дождётесь		дождётесь	 
 	дожёванный		дожёванный	 
 	дожевать		дожева'ть	 
 	дожёг		дожёгъ	 
 	дожечь		доже'чь	 
 	дожжённый		дожжённый	 
 	доживёт		доживётъ	 
 	дожидается		дожида'ется	 
 	дожмёт		дожмётъ	 
 	дожуёт		дожуётъ	 
 	до зарезу		дозарѣ'зу, позарѣ'зъ (до кра'йности, о'чень, чрезвыча'йно)	 
 	дозволение		дозволе'ніе	 
 	дозвольте		дозво'льте	 
 	дозовётся		дозовётся	 
 	дозреть		дозрѣ'ть	 
 	дойдёт		дойдётъ	 
 	дойен		дойе'нъ (ста'рѣйшій по лѣта'мъ въ да'нномъ о'бществѣ)	 
 	дойка		до'йка, на до'йкѣ	 
 	дойти		дойти'	 
 	докажем		дока'жемъ	 
 	доказательство		доказа'тельство	 
 	доказуемое		доказу'емое, доказу'емо	 
 	доказуемый		доказу'емый, доказу'емаго	 
 	доказывает		дока'зываетъ	 
 	докер		до'керъ, о до'керѣ	 
 	докипеть		докипѣ'ть	 
 	доклёванный		доклёванный	 
 	доклеенный		докле'енный	 
 	доклеить		докле'ить	 
 	доколе		доко'лѣ, доко'ль (до каки'хъ поръ, какъ до'лго; до тѣхъ поръ, пока')	 
 	доконать		докона'ть (довести' до кра'йности, погуби'ть)	 
 	докрасна		докрасна'	 
 	доктор		до'кторъ, о до'кторѣ	 
 	доктринёр		доктринёръ	 
 	доктринёрство		доктринёрство (догмати'змъ)	 
 	докуда		доку'да	 
 	документ		докуме'нтъ, въ докуме'нтѣ	 
 	долбанёт		долбанётъ	 
 	долбёжка		долбёжка	 
 	долбёжный		долбёжный	 
 	долбление		долбле'ніе	 
 	долблёный		долблёный	 
 	долгие		до'лгіе (м. р.), до'лгія (ж. р. и ср. р.)	 
 	долгий		до'лгій, до'лгаго	 
 	долгое		до'лгое	 
 	долговременный		долговре'менный	 
 	долговечный		долговѣ'чный	 
 	долгожитель		долгожи'тель, долгожи'телей, долгожи'телемъ, о долгожи'телѣ	 
 	долголетие		долголѣ'тіе	 
 	долголетия		долголѣ'тія	 
 	долголетний		долголѣ'тній	 
 	долгонек		долго'некъ	 
 	долготерпение		долготерпѣ'ніе	 
 	доле		до'лѣ, до'лѣе	 
 	долевой		долево'й, долево'го	 
 	долее		до'лѣе, до'лѣ	 
 	долежать		долежа'ть	 
 	долёживать		долёживать	 
 	долезть		долѣ'зть	 
 	долететь		долетѣ'ть	 
 	должен		до'лженъ	 
 	должея		должея'	 
 	должно быть		должно'-быть	 
 	должного		до'лжнаго	 
 	должное		до'лжное, до'лжнаго	 
 	должные		до'лжные (м. р.), до'лжныя (ж. р. и ср. р.)	 
 	доллар		до'лларъ, въ до'лларѣ	 
 	доложит		доло'житъ	 
 	долой		доло'й	 
 	дольёт		дольётъ	 
 	дольмен		дольме'нъ, долме'нъ (древнѣ'йшее погреба'льное сооруже'ніе изъ ка'менныхъ пли'тъ, сло'женныхъ наподо'біе стола')	 
 	дольче		до'льче	 
 	дольше		до'льше	 
 	дом		домъ, въ до'мѣ	 
 	домашнего		дома'шняго	 
 	домашнее		дома'шнее	 
 	домашней		дома'шней	 
 	домашние		дома'шніе (м. р.), дома'шнія (ж. р. и ср. р.)	 
 	домашний		дома'шній, дома'шняго	 
 	домен		доме'нъ, въ доме'нѣ	 
 	доменный		до'менный (отъ до'мна) и доме'нный (отъ доме'нъ)	 
 	домишко		доми'шко, въ доми'шкѣ	 
 	домище		доми'ще, въ доми'щѣ	 
 	домна		до'мна, въ до'мнѣ, до'менный	 
 	домовладелец		домовладѣ'лецъ	 
 	домогательство		домога'тельство	 
 	Домодедово		Домодѣ'дово	 
 	доморощенный		доморо'щенный, доморо'щеннаго, доморо'щенное	 
 	домосед		домосѣ'дъ, о домосѣ'дѣ	 
 	домрачей		домраче'й (музыка'нтъ, игра'вшій на до'мрѣ при дворѣ' моско'вскихъ царе'й)	 
 	домысел		до'мыселъ	 
 	дондеже		до'ндеже (цeрк. доко'лѣ, поку'да, до тѣхъ поръ) — уcтap.	 
 	донельзя		до-не'льзя (какъ нельзя' бо'лѣе, до предѣ'ла, безмѣ'рно)	 
 	донёс		донёсъ	 
 	донесёмся		донесёмся	 
 	донесение		донесе'ніе	 
 	донесённый		донесённый	 
 	донёсся		донёсся	 
 	донести		донести', доне'сть	 
 	Донец		Доне'цъ, на Донцѣ', доне'цкій	 
 	доносчик		доно'счикъ	 
 	доношение		доноше'ніе	 
 	донские		донскі'е (м. р.), донскі'я (ж. р. и ср. р.)	 
 	донской		донско'й, донско'го, но задо'нскаго	 
 	донце		до'нце (дно), до'нцевъ и до'нецъ, на до'нцѣ	 
 	доныне		доны'нѣ	 
 	дообедать		дообѣ'дать	 
 	допевать		допѣва'ть	 
 	допёк		допёкъ	 
 	допекать		допека'ть	 
 	допёкший		допёкшій	 
 	допёр		допёръ	 
 	допеть		допѣ'ть	 
 	допечён		допечёнъ	 
 	допинг		до'ппингъ	 
 	доплёвывать		доплёвывать	 
 	доплёл		доплёлъ	 
 	доплёлся		доплёлся	 
 	доплёскивать		доплёскивать	 
 	доплывёт		доплывётъ	 
 	доподлинно		допо'длинно (не допо'дленно!)	 
 	допоёт		допоётъ	 
 	дополнен		допо'лненъ	 
 	дополнение		дополне'ніе	 
 	дополнительно		дополни'тельно	 
 	дополнительного		дополни'тельнаго	 
 	дополнительное		дополни'тельное	 
 	дополнительные		дополни'тельные (м. р.), дополни'тельныя (ж. р. и ср. р.)	 
 	дополнительный		дополни'тельный, дополни'тельнаго	 
 	доппелькюммель		до'ппелькю'ммель (со'ртъ сла'дкой ани'совой во'дки)	 
 	до предела		до предѣ'ла	 
 	допрежь		допре'жь (пре'жде, наперёдъ, сперва', снача'ла)	 
 	допрём		допрёмъ	 
 	допрёт		допрётъ	 
 	допрошенный		допро'шенный	 
 	допущение		допуще'ніе	 
 	допущенный		допу'щенный	 
 	допьёмся		допьёмся	 
 	допьётесь		допьётесь	 
 	допьёшься		допьёшься	 
 	дорастёт		дорастётъ	 
 	дорасти		дорасти' и дорости'	 
 	дорастить		дорасти'ть	 
 	дорвётся		дорвётся	 
 	дорвёшься		дорвёшься	 
 	дореволюционная		дореволюціо'нная, дореволюціо'нной	 
 	дореволюционный		дореволюціо'нный	 
 	дорезать		дорѣ'зать, дорѣза'ть	 
 	дореформенный		дорефо'рменный	 
 	Доримедонт		Доримедо'нтъ	 
 	дорический		дори'ческій (архитекту'рный сти'ль)	 
 	дормез		дорме'зъ (доро'жная каре'та, приспосо'бленная для сна въ пути'), въ дорме'зѣ	 
 	дорога		доро'га, въ доро'гѣ, по доро'гѣ	 
 	дорогие		дорогі'е (м. р.), дорогі'я (ж. р. и ср. р.), дороги'хъ, дороги'ми	 
 	дорогое		дорого'е, дорого'го	 
 	дорожает		дорожа'етъ	 
 	дороже		доро'же	 
 	дороженька		доро'женька	 
 	дорожка		доро'жка, по доро'жкѣ	 
 	дорожного		доро'жнаго	 
 	Дорофей		Дороѳе'й	 
 	досаден		доса'денъ, доса'дный, доса'днаго	 
 	досаднее		доса'днѣе	 
 	досадного		доса'днаго	 
 	досадное		доса'дное	 
 	досадные		доса'дные (м. р.), доса'дныя (ж. р. и ср. р.)	 
 	доселе		досе'лѣ (до настоя'щаго вре'мени, до' сихъ по'ръ)	 
 	досеять		досѣ'ять	 
 	досидеться		досидѣ'ться	 
 	Досифей		Досиѳе'й	 
 	до сих пор		до' сихъ по'ръ, до си'хъ по'ръ	 
 	досконально		доскона'льно	 
 	дословно		досло'вно	 
 	до смерти		до'-смерти (о'чень), до сме'рти (до са'мой сме'рти)	 
 	досмеяться		досмѣя'ться	 
 	досмотреть		досмотрѣ'ть	 
 	доспевать		доспѣва'ть	 
 	доспеешь		доспѣ'ешь	 
 	доспеть		доспѣ'ть	 
 	доспех		доспѣ'хъ	 
 	доспехи		доспѣ'хи	 
 	доставать		достава'ть, достаётъ, достаёте	 
 	доставляет		доставля'етъ, доставля'ете	 
 	достаётся		достаётся	 
 	достанет		доста'нетъ, доста'немъ, доста'нешь	 
 	достаток		доста'токъ, въ доста'ткѣ	 
 	достаточно		доста'точно	 
 	достигает		достига'етъ, достига'ется	 
 	достижение		достиже'ніе, достиже'нье	 
 	достижением		достиже'ніемъ	 
 	достоверный		достовѣ'рный	 
 	Достоевский		Ѳёдоръ Миха'йловичъ Достое'вскій	 
 	достоин		досто'инъ, удосто'енъ	 
 	достоинство		досто'инство, въ досто'инствѣ	 
 	достойнее		досто'йнѣе	 
 	достойнейший		досто'йнѣйшій	 
 	достойное		досто'йное	 
 	достойные		досто'йные (м. р.), досто'йныя (ж. р. и ср. р.)	 
 	достопочтенный		достопочте'нный (весьма' почте'нный, уважа'емый), достопочте'ннѣйшій	 
 	достопримечательный		достопримѣча'тельный	 
 	достославный		достосла'вный, достосла'венъ, достосла'вное	 
 	досточтимое		досточти'мое	 
 	достояние		достоя'ніе	 
 	достреливать		дострѣ'ливать	 
 	дострелить		дострѣли'ть	 
 	дострелять		дострѣля'ть	 
 	доступен		досту'пенъ	 
 	доступнее		досту'пнѣе	 
 	доступного		досту'пнаго	 
 	доступное		досту'пное	 
 	доступные		досту'пные (м. р.), досту'пныя (ж. р. и ср. р.)	 
 	досуг		досу'гъ, на досу'гѣ (не до'сугъ!)	 
 	досужее		досу'жее (досу'жее мнѣ'ніе — до'мыселъ, вы'думка)	 
 	досужий		досу'жій и досу'жный (пра'здный, свобо'дный отъ дѣлъ)	 
 	досужный		досу'жный и досу'жій (пра'здный, свобо'дный отъ дѣлъ)	 
 	досье		досье' (собра'ніе докуме'нтовъ по како'му-ли'бо дѣ'лу)	 
 	досыта		до'сыта	 
 	дотёк		дотёкъ	 
 	дотёр		дотёръ	 
 	дотереть		дотере'ть	 
 	дотерпеть		дотерпѣ'ть	 
 	дотёртый		дотёртый	 
 	дотёрший		дотёршій	 
 	дотёсывать		дотёсывать	 
 	дотла		до тла'	 
 	дотоле		дото'лѣ и дото'ль (до тѣхъ поръ, до того' вре'мени; пре'жде, ра'нѣе)	 
 	дотрётся		дотрётся	 
 	дотуда		доту'да	 
 	доученный		доу'ченный	 
 	дохлёбывать		дохлёбывать	 
 	дохнет		до'хнетъ	 
 	дохнёт		дохнётъ	 
 	дохристианский		до-христіа'нскій	 
 	доцвёл		доцвѣ'лъ	 
 	доцветший		доцвѣ'тшій	 
 	доцедить		доцѣди'ть	 
 	доцент		доце'нтъ, о доце'нтѣ	 
 	дочек		до'чекъ, до'ченекъ, до'чечекъ, дочере'й	 
 	доченька		до'ченька, о до'ченькѣ, до'ченекъ	 
 	дочечка		до'чечка, о до'чечкѣ, до'чечекъ	 
 	дочерей		дочере'й	 
 	дочери		до'чери, дочере'й	 
 	дочерин		до'черинъ	 
 	дочерний		доче'рній, доче'рняго	 
 	дочернин		доче'рнинъ	 
 	дочерченный		доче'рченный	 
 	дочерьми		дочерьми', дочеря'ми, о дочеря'хъ	 
 	дочерью		до'черью	 
 	дочерями		дочеря'ми, дочерьми', о дочеря'хъ	 
 	дочесаться		дочеса'ться	 
 	дочесть		доче'сть	 
 	дочиста		до'чиста	 
 	дочитает		дочита'етъ	 
 	дочка		до'чка, о до'чкѣ, до'чекъ, до'ченекъ, до'чечекъ, дочере'й	 
 	дочке		до'чкѣ	 
 	дочтёт		дочтётъ	 
 	дочурка		дочу'рка, о дочу'ркѣ	 
 	дочь		до'чь, до'чка, о до'чкѣ	 
 	дошедший		доше'дшій	 
 	дошёл		дошёлъ	 
 	дошколёнок		дошколёнокъ	 
 	дошлёпать		дошлёпать	 
 	дошлёт		дошлётъ	 
 	дошуметься		дошумѣ'ться	 
 	дошьёт		дошьётъ	 
 	дощатый		доща'тый	 
 	дощечка		доще'чка, по доще'чкѣ	 
др 	драгет		драге'тъ (шерстяна'я ва'ляная мате'рія)	^
 	драгоценный		драгоцѣ'нный	 
 	драдедам		драдеда'мъ (видъ лёгкаго сукна')	 
 	дражайшей		дража'йшей	 
 	дражайшие		дража'йшіе (м. р.), дража'йшія (ж. р. и ср. р.)	 
 	дражайший		дража'йшій, дража'йшаго	 
 	дражайших		дража'йшихъ	 
 	драже		драже'	 
 	драка		дра'ка, въ дра'кѣ	 
 	драма		дра'ма, въ дра'мѣ	 
 	драматические		драмати'ческіе (м. р.), драмати'ческія (ж. р. и ср. р.)	 
 	драматический		драмати'ческій, драмати'ческаго	 
 	драматического		драмати'ческаго	 
 	драньё		драньё	 
 	драпанёт		драпанётъ	 
 	драцена		драце'на	 
 	дребедень		дребеде'нь	 
 	дребезги		дре'безги, въ дре'безги	 
 	дребезжать		дребезжа'ть	 
 	дребезжащий		дребезжа'щій	 
 	древесина		древеси'на	 
 	древесный		древе'сный, древе'снаго	 
 	древко		дре'вко, на дре'вкѣ	 
 	древле		дре'вле (давно', нѣ'когда, пре'жде) — уcтap.	 
 	древлий		дре'влій (давни'шній), дре'вляго — уcтap.	 
 	древляне		древля'не (восто'чно-славя'нскія племена' въ бассе'йнѣ Днѣпра' въ VI-IX вѣка'хъ)	 
 	древнего		дре'вняго	 
 	древнегреческого		древне-гре'ческаго	 
 	древнегреческое		древне-гре'ческое	 
 	древнегреческие		древне-гре'ческіе (м. р.), древне-гре'ческія (ж. р. и ср. р.)	 
 	древнегреческий		древне-гре'ческій, древне-гре'ческаго	 
 	древнее		дре'внее (ста'рое) и древнѣ'е (бо'лѣе дре'внее)	 
 	древнейший		древнѣ'йшій, древнѣ'йшаго	 
 	древнелатинский		дре'вне-лати'нскій	 
 	древнеримский		дре'вне-ри'мскій	 
 	древнерусский		дре'вне-ру'сскій	 
 	древнеславянский		дре'вне-славя'нскій	 
 	древние		дре'вніе (м. р.), дре'внія (ж. р. и ср. р.)	 
 	древний		дре'вній, дре'вняго	 
 	древнеть		древнѣ'ть (старѣ'ть, ста'риться, ветша'ть)	 
 	древне-церковно-славянский		дре'вне-церко'вно-славя'нскій	 
 	древний		дре'вній, дре'вняго	 
 	древностей		дре'вностей	 
 	древность		дре'вность	 
 	древо		дре'во (де'рево; генеалоги'ческое дре'во; дре'во позна'нія), на дре'вѣ	 
 	древоточец		древото'чецъ	 
 	дрезина		дрези'на	 
 	дрейф		дре'йфъ, дрейфова'ть, дрейфу'етъ, дрейфу'емъ, дрейфу'ешь, дрейфу'ютъ, въ дре'йфѣ	 
 	дрейфить		дре'йфить, дре'йфишь, дре'йфятъ	 
 	Дрейфус		Дре'йфусъ	 
 	дрейфусиада		дрейфусіа'да	 
 	дрек		дрекъ (небольшо'й я'корь на гребны'хъ суда'хъ)	 
 	дреколье		дреко'ліе (дуби'ны, па'лки, ко'лья, употребля'вшіяся въ ка'чествѣ ору'жія)	 
 	дрель		дре'ль, дри'ль	 
 	дрёма		дрёма (дремо'та, забытьё), въ дрёмѣ	 
 	дремать		дрема'ть	 
 	дремлет		дре'млетъ	 
 	дремлете		дре'млете	 
 	дремлю		дремлю', дре'млешь	 
 	дремота		дремо'та, въ дремо'тѣ	 
 	дремуче		дрему'че	 
 	дремучего		дрему'чаго	 
 	дремучее		дрему'чее	 
 	дремучесть		дрему'честь	 
 	дремучие		дрему'чіе (м. р.), дрему'чія (ж. р. и ср. р.)	 
 	дремучий		дрему'чій	 
 	дрен		дре'нъ	 
 	дренаж		дрена'жъ	 
 	дресва		дресва' (ме'лкій ще'бень, кру'пный песо'къ)	 
 	дрессированные		дрессиро'ванные (м. р.), дрессиро'ванныя (ж. р. и ср. р.)	 
 	дрессировка		дрессиро'вка	 
 	дриада		дріа'да (ни'мфа де'рева, лѣсна'я ни'мфа)	 
 	дробление		дробле'ніе	 
 	дроблёный		дроблёный	 
 	дровенки		дро'венки (дро'вни — крестья'нскія са'ни безъ ку'зова для перево'зки дровъ, сѣ'на)	 
 	дровешки		дрове'шки (дрова' и дро'вни, дро'венки)	 
 	дровосек		дровосѣ'къ	 
 	дрогнет		дро'гнетъ	 
 	дрожжевой		дрожжево'й и дрождево'й	 
 	дрожжи		дро'жжи и дро'жди	 
 	дрожек		дро'жекъ, дро'жки	 
 	дроздёнок		дроздёнокъ	 
 	дромадер		дромаде'ръ, дромеда'ръ (одного'рбый верблю'дъ)	 
 	дрочёна		дрочёна (запека'нка изъ смѣ'си яи'цъ, молока' и муки' и'ли тёртаго карто'феля), не драчёна!	 
 	друг		другъ, о дру'гѣ	 
 	друг другу		другъ-дру'гу	 
 	друг дружке		дру'гъ дру'жкѣ	 
 	другие		другі'е (м. р.), другі'я (ж. р. и ср. р.)	 
 	другое		друго'е, друго'го	 
 	друг от друга		другъ-отъ-дру'га	 
 	дружба		дру'жба, по дру'жбѣ, въ дру'жбѣ	 
 	дружелюбен		дружелю'бенъ, дружелю'біе, дружелю'бнѣе	 
 	дружески		дру'жески	 
 	дружеские		дру'жескіе (м. р.), дру'жескія (ж. р. и ср. р.)	 
 	дружеский		дру'жескій, дру'жескаго	 
 	дружеского		дру'жескаго	 
 	дружеское		дру'жеское	 
 	дружественный		дру'жественный, дру'жественъ и дру'жествененъ	 
 	дружество		дру'жество	 
 	дружище		дружи'ще	 
 	дружка		дру'жка (на сва'дьбѣ), о дру'жкѣ, дру'жекъ	 
 	дружке		дру'гъ дру'жкѣ	 
 	дружнее		дружнѣ'е (бо'лѣе дру'жно), дру'жнее (принадлежа'щее дру'гу)	 
 	дружний		дру'жній (принадлежа'щій дру'гу), дру'жный (согла'сный)	 
 	дружный		дру'жный (согла'сный), дру'жній (принадлежа'щій дру'гу)	 
 	дружок		дружо'къ, о дружкѣ',	 
 	друзей		друзе'й	 
 	друзья		друзья', друзе'й	 
 	друкарня		друка'рня (укр. типогра'фія, печа'тня)	 
 	дрянной		дрянно'й, дрянно'го	 
 	дряхлеть		дряхлѣ'ть	 
ду 	дубление		дубле'ніе	^
 	дублёнка		дублёнка	 
 	дублёр		дублёръ	 
 	дубрава		дубра'ва и дубро'ва (ли'ственная ро'ща, обы'чно изъ дере'вьевъ одно'й поро'ды)	 
 	дубьём		дубьёмъ	 
 	дувший		ду'вшій	 
 	дует		ду'етъ (вѣ'теръ)	 
 	дуется		ду'ется	 
 	дуешь		ду'ешь	 
 	дуешься		ду'ешься	 
 	дужка		ду'жка (отъ дуги')	 
 	думает		ду'маетъ	 
 	думаете		ду'маете	 
 	думается		ду'мается	 
 	думаешь		ду'маешь	 
 	дуновение		дунове'ніе	 
 	дунувший		ду'нувшій	 
 	дупель		ду'пель, дупеля', дупеле'й, дупели'ный (боло'тная пти'ца съ дли'ннымъ то'нкимъ клю'вомъ)	 
 	дуплет		дупле'тъ, дубле'тъ (двойно'й уда'ръ, вы'стрѣлъ)	 
 	дуплистый		дупли'стый и дупля'стый	 
 	дурацкие		дура'цкіе (м. р.), дура'цкія (ж. р. и ср. р.)	 
 	дурацкое		дура'цкое	 
 	дурачьё		дурачьё	 
 	дурень		ду'рень (глупе'цъ, дура'къ), о ду'рнѣ, ду'рнемъ	 
 	дуреть		дурѣ'ть	 
 	дурёха		дурёха	 
 	дурнее		дурнѣ'е	 
 	дурнейший		дурнѣ'йшій	 
 	дурненький		дурне'нькій	 
 	дурнеть		дурнѣ'ть	 
 	дурное		дурно'е	 
 	дурной		дурно'й, дурно'го	 
 	дурные		дурны'е (м. р.), дурны'я (ж. р. и ср. р.)	 
 	дурошлёп		дурошлёпъ (безтолко'вый, непракти'чный человѣ'къ, валя'ющій дурака')	 
 	дуршлаг		дурхшла'гъ (ку'хонная посу'да въ ви'дѣ ковша' съ небольши'ми отве'рстіями)	 
 	дутое		ду'тое	 
 	дутьём		дутьёмъ	 
 	дутые		ду'тые (м. р.), ду'тыя (ж. р. и ср. р.)	 
 	дух		духъ, въ ду'хѣ, о ду'хѣ	 
 	духоборец		духобо'рецъ, духобо'ръ (представи'тель осо'бой этноконфессіона'льной гру'ппы ру'сскихъ)	 
 	духовенство		духове'нство (служи'тели религіо'знаго ку'льта)	 
 	духовнее		духо'внѣе	 
 	духовное		духо'вное	 
 	духовные		духо'вные (м. р.), духо'вныя (ж. р. и ср. р.)	 
 	душ		ду'шъ, въ ду'шѣ, душева'я, подъ ду'шемъ	 
 	душа		душа', о душѣ', по душѣ', душо'й, въ душѣ', на ду'шу населе'нія, взя'ть грѣ'хъ на' душу	 
 	душевнее		душе'внѣе	 
 	душевно		душе'вно	 
 	душевного		душе'внаго	 
 	душевное		душе'вное	 
 	душевные		душе'вные (м. р.), душе'вныя (ж. р. и ср. р.)	 
 	душевный		душе'вный, душе'внаго, душе'вное	 
 	душевой		душево'й, душева'я, душево'го, душево'е (на ду'шу населе'нія)	 
 	душевой		въ душево'й, душева'я, душевы'я (сущ. мн. ч. ж. р.), душево'е отдѣле'ніе (ду'шъ)	 
 	душегрейка		душегрѣ'йка (же'нская оде'жда въ ви'дѣ коро'ткой тёплой ко'фты безъ рукаво'въ), душегрѣ'я	 
 	душегуб		душегу'бъ, о душегу'бѣ	 
 	душегубец		душегу'бецъ, душегу'бцемъ, о душегу'бцѣ	 
 	душегубка		душегу'бка, въ душегу'бкѣ	 
 	душегубство		душегу'бство	 
 	душенька		ду'шенька (ласка'тельное), къ ду'шенькѣ	 
 	душеприказчик		душеприка'зчикъ (исполни'тель во'ли уме'ршаго по завѣща'нію)	 
 	душечка		ду'шечка (ласка'тельное), къ ду'шечкѣ	 
 	душещипательный		душещипа'тельный	 
 	душитель		души'тель	 
 	душка		ду'шка (отъ души')	 
 	душонка		душо'нка (унизи'тельное), о душо'нкѣ	 
 	дуэль		дуэ'ль, на дуэ'ли, дуэ'лью	 
 	дуэльного		дуэ'льнаго	 
 	дуэльное		дуэ'льное	 
 	дуэльные		дуэ'льные (м. р. — пистоле'ты), дуэ'льныя (ж. р. и ср. р. — пра'вила)	 
 	дуэльный		дуэ'льный, дуэ'льнаго	 
 	дуэлянт		дуэля'нтъ, дуэли'стъ	 
 	дуэт		дуэ'тъ, въ дуэ'тѣ	 
дщ 	дщерь		дще'рь (дочь) — уcтap.	^
ды 	дыра		дыра' и дира', въ дырѣ'	^
 	дыхальце		ды'хальце	 
 	дыхание		дыха'ніе	 
 	дыхательный		дыха'тельный	 
 	дыхнёт		дыхнётъ	 
 	дышать		дыша'ть, ды'шишь, ды'шитъ, ды'шится	 
 	дышится		ды'шится (не ды'шется!)	 
дь 	дьявол		дья'волъ и діа'волъ, о дья'волѣ	^
 	дьяволёнок		дьяволёнокъ	 
 	дьяк		дья'къ, дья'конъ, діа'конъ	 
 	дьякон		дья'конъ, діа'конъ, о дья'конѣ	 
 	дьяконисса		діакони'сса	 
 	дьячок		дьячо'къ (ни'зшій церко'вный служи'тель)	 
дю 	дюже		дю'же (о'чень)	^
 	дюжего		дю'жаго	 
 	дюжеть		дюжѣ'ть	 
 	дюжеют		дюжѣ'ютъ	 
 	дюжий		дю'жій (си'льный, здоро'вый, крѣ'пкаго сложе'нія, ро'слый), дю'жаго	 
 	дюжинный		дю'жинный (обыкнове'нный, зауря'дный)	 
 	Дюнкирхен		Дюнки'рхенъ	 
 	Дюрер		Дю'реръ	 
 	Дюссельдорф		Дюссельдо'рфъ	 
 	дюшес		дюше'съ, дюше'ссъ	 
дя 	дяденька		дя'денька, къ дя'денькѣ, дя'денекъ	^
 	дядечка		дя'дечка, къ дя'дечкѣ, дя'дечекъ	 
 	дядя		дя'дя, къ дя'дѣ, дя'дею, cъ дя'дей, дядьёвъ	 
 	дятел		дя'телъ