ка 	кабак		каба'къ (пите'йное заведе'ніе ни'зшаго разря'да), въ кабакѣ'	^
 	кабала		кабала' (нево'ля, ра'бство), въ кабалѣ'	 
 	кабаление		кабале'ніе	 
 	кабалетта		кабале'тта (музыка'льная фра'за, повторя'емая въ концѣ' кавати'ны, и'ли а'ріи)	 
 	кабан		каба'нъ, о кабанѣ'	 
 	кабанёнок		кабанёнокъ	 
 	кабаре		кабарэ' (небольшо'й рестора'нъ съ эстра'дой)	 
 	кабаретница		кабаре'тница (кру'глая осно'ва съ нѣ'сколькими съёмными ёмкостями для пода'чи заку'сокъ на сто'лъ), ср. мена'жница	 
 	кабатчик		каба'тчикъ	 
 	кабацкий		каба'цкій, каба'цкаго	 
 	кабель		ка'бель, на ка'белѣ	 
 	кабельтов		ка'бельтовъ (морска'я мѣ'ра длины' ра'вная 0.1 ми'ли)	 
 	кабестан		кабеста'нъ (лебёдка съ бараба'номъ, наса'женнымъ на вертика'льный валъ)	 
 	кабинет		кабине'тъ, въ кабине'тѣ, кабине'тецъ	 
 	каблук		каблу'къ, на каблукѣ'	 
 	каблучок		каблучо'къ, на каблучкѣ'	 
 	каботьёр		каботьёръ (плоскодо'нное су'дно съ удлинённымъ ко'рпусомъ)	 
 	кабриолет		кабріоле'тъ, въ кабріоле'тѣ (лёгкая двухколёсная пово'зка съ одни'мъ сидѣ'ньемъ, въ кото'рую впряга'ется одна' ло'шадь)	 
 	кабриоль		кабріо'ль (фигу'ра па'рной акроба'тики)	 
 	кабы		ка'бы я была' цари'ца, е'сли бы да кабы'	 
 	кавалер		кавале'ръ (покло'нникъ, ухажёръ; человѣ'къ, награждённый о'рденомъ — Гео'ргіевскій кавале'ръ)	 
 	кавалергард		кавалерга'рдъ (солда'тъ и'ли офице'ръ осо'баго полка' гварде'йской тяжёлой кавале'ріи)	 
 	кавалерия		кавале'рія (ко'нница, ко'нное во'йско)	 
 	кавалетто		кавале'тто (кобы'лка — подста'вка для стру'нъ въ скри'пкѣ и други'хъ стру'нныхъ инструме'нтахъ)	 
 	кавальер		кавалье'ръ (на'сыпь, земляно'й валъ)	 
 	кавальеро		кавалье'ро	 
 	кавардак		каварда'къ (безпоря'докъ, неразбери'ха)	 
 	каверза		ка'верза (зла'я интри'га, подво'хъ, продѣ'лка)	 
 	каверна		каве'рна (пустота', поло'сть)	 
 	кавет		каве'тъ (желобо'къ, окру'глая боро'здка)	 
 	Кавказ		Кавка'зъ, на Кавка'зѣ	 
 	кавказец		кавка'зецъ, о кавка'зцѣ, кавка'зцемъ	 
 	кавказские		кавка'зскіе (м. р.), кавка'зскія (ж. р. и ср. р.)	 
 	кавказское		кавка'зское, кавка'зскаго	 
 	кавычка		кавы'чка и ковы'чка, кавы'чекъ	 
 	каганец		кагане'цъ, кага'нъ (свѣти'льникъ, состоя'щій изъ черепка' съ са'ломъ и фитиля')	 
 	каганечный		кага'нечный	 
 	каденция		каде'нція (гармони'ческій оборо'тъ, заверша'ющій музыка'льное произведе'ніе и'ли его' ча'сть)	 
 	кадет		каде'тъ, о каде'тѣ (воспи'танникъ сре'дняго уче'бнаго заведе'нія для подгото'вки къ офице'рской слу'жбѣ)	 
 	кадетский		каде'тскій (каде'тскій ко'рпусъ), каде'тскаго	 
 	кадмий		ка'дмій	 
 	кадуцей		кадуце'й (же'злъ глаша'таевъ у гре'ковъ и ри'млянъ; же'злъ Герме'са, Мерку'рія)	 
 	кадушечка		каду'шечка, въ каду'шечкѣ	 
 	кадушка		каду'шка, въ каду'шкѣ	 
 	каёмка		каёмка	 
 	каёмочка		каёмочка	 
 	каёмчатый		каёмчатый	 
 	каепутовое		каепу'товое, кайюпу'товое (дерево)	 
 	каждение		кажде'ніе (дѣ'йствіе по глаго'лу кади'ть)	 
 	каждого		ка'ждаго	 
 	каждодневный		каждодне'вный	 
 	каждое		ка'ждое	 
 	каждые		ка'ждые (м. р.), ка'ждыя (ж. р. и ср. р.)	 
 	каждый		ка'ждый, ка'ждаго	 
 	кажемся		ка'жемся	 
 	кажется		ка'жется (не ка'жеться!), каза'ться	 
 	кажешься		ка'жешься	 
 	казак		каза'къ и коза'къ, о казакѣ'	 
 	казацкий		каза'цкій, каза'цкаго, каза'цкое	 
 	казачество		каза'чество, о каза'чествѣ	 
 	казачий		каза'чій, каза'чьяго, каза'чье, каза'чьей	 
 	казачок		казачо'къ (наро'дный та'нецъ съ постепе'нно ускоря'ющимся те'мпомъ)	 
 	казачье		каза'чье, каза'чьяго	 
 	казачьего		каза'чьяго	 
 	Казбек		Казбе'къ, на Казбе'кѣ	 
 	казеин		казеи'нъ (бѣлко'вое вещество' изъ молока' для произво'дства кра'сокъ, пласти'ческихъ ма'ссъ, кле'я)	 
 	каземат		казема'тъ (одино'чная ка'мера въ крѣ'пости для содержа'нія полити'ческихъ заключённыхъ), въ казема'тѣ	 
 	казёнка		казёнка (казённая ви'нная ла'вка; во'дка изъ тако'й ла'вки)	 
 	казённик		казённикъ (за'дняя ча'сть ствола', въ кото'рой располо'женъ затво'ръ)	 
 	казённое		казённое	 
 	казённокоштный		казённоко'штный (содержа'щійся и обуча'емый на сре'дства казны', госуда'рства)	 
 	казённые		казённые (м. р.), казённыя (ж. р. и ср. р.)	 
 	казённый		казённый (принадлежа'щій госуда'рственному учрежде'нію)	 
 	казёнщина		казёнщина (безду'шный формали'змъ, рути'на)	 
 	казинет		казине'тъ (видъ полушерстяно'й и'ли бума'жной тка'ни)	 
 	Казимир		Казими'ръ	 
 	казна		казна', въ казнѣ'	 
 	казначей		казначе'й (храни'тель де'негъ и цѣ'нностей учрежде'нія, организа'ціи; завѣ'дующій казначе'йствомъ)	 
 	казначейский		казначе'йскій (биле'тъ), казначе'йскаго	 
 	казнённый		казнённый, казнённаго	 
 	казнодей		казнодѣ'й (человѣ'къ оборо'тливый, трудолюби'вый, нажива'ющій и сберега'ющій)	 
 	Каиафа		Каіа'фа (первосвяще'нникъ)	 
 	Кайафа		Каіа'фа (о'зеро)	 
 	Кайен		Кайе'нъ	 
 	Кайенна		Кайе'нна	 
 	кайеннский		кайе'ннскій (пе'рецъ)	 
 	кайзер		ка'йзеръ	 
 	кайма		кайма', ко'ймы	 
 	каймённый		каймённый	 
 	каймлю		каймю'	 
 	кайюпутовое		кайюпу'товое, каепу'товое (дерево)	 
 	какавелла		какаве'лла, какаове'лла (оболо'чка кака'о-бобо'въ, кото'рая отдѣля'ется отъ ядра' по'слѣ обжа'риванія)	 
 	какао		кака'о	 
 	как-будто		какъ-бу'дто	 
 	как же		ка'къ-же	 
 	какие		какі'е (м. р.), какі'я (ж. и ср. р.)	 
 	какие-то		какі'е-то (м. р.), какі'я-то (ж. и ср. р.)	 
 	как-нибудь		какъ-нибу'дь	 
 	како		К — ка'ко — оди'ннадцатая бу'ква ру'сской а'збуки	 
 	какого		како'го	 
 	какое		како'е	 
 	какое-то		како'е-то	 
 	какой		како'й	 
 	какой-либо		како'й-ли'бо	 
 	какой-нибудь		како'й-нибу'дь	 
 	какой-то		како'й-то	 
 	какофонический		какофони'ческій, какофони'ческаго	 
 	какофония		какофо'нія (рѣ'жущее слу'хъ сочета'ніе зву'ковъ, неблагозву'чіе)	 
 	как раз		какъ-ра'зъ	 
 	как-то		ка'къ-то	 
 	калабреза		калабре'за (францу'зскія шля'пы съ о'чень широ'кими поля'ми и острове'рхой тульёй)	 
 	Калабрия		Кала'брія	 
 	каламбур		каламбу'ръ (шу'тка, постро'енная на игрѣ' сло'въ)	 
 	каланча		каланча', на каланчѣ', мн. каланче'й, тв. каланчо'й	 
 	калач		кала'чъ и кола'чъ (пшени'чный хлѣ'бъ, вы'печенный въ фо'рмѣ замка' съ ду'жкой)	 
 	калачом		калачёмъ и калачо'мъ	 
 	Кале		Кале'	 
 	калевать		калева'ть (выстра'гивать что'-либо осо'бымъ руба'нкомъ — калёвкой), калю'ю, калю'етъ, калёванный	 
 	калёвка		калёвка (руба'нокъ для выстра'гиванія до'сокъ и пла'нокъ съ фигу'рными края'ми)	 
 	Каледония		Каледо'нія	 
 	калейдоскоп		калейдоско'пъ, въ калейдоско'пѣ	 
 	калека		калѣ'ка (увѣ'чный, убо'гій человѣ'къ), къ калѣ'кѣ	 
 	календа		кале'нда, кале'нды (такъ ри'мляне называ'ли пе'рвые дни ка'ждаго но'ваго мѣ'сяца, сопровожда'вшіеся пра'зднествами)	 
 	календарного		календа'рнаго	 
 	календарное		календа'рное	 
 	календарные		календа'рные (м. р.), календа'рныя (ж. р. и ср. р.)	 
 	календарь		календа'рь, въ календарѣ', календарёмъ	 
 	калёный		калёный, калёнаго	 
 	Калерия		Кале'рія	 
 	калечащий		калѣ'чащій	 
 	калечащийся		калѣ'чащійся	 
 	калечение		калѣ'ченіе	 
 	калеченный		калѣ'ченный	 
 	калеченый		калѣ'ченый	 
 	калечить		калѣ'чить	 
 	калечиться		калѣ'читься	 
 	калечишь		калѣ'чишь	 
 	калечишься		калѣ'чишься	 
 	калечные		калѣ'чные (м. р.), калѣ'чныя (ж. р. и ср. р.)	 
 	калечный		калѣ'чный	 
 	калиберный		кали'берный	 
 	калиевый		ка'ліевый	 
 	калика		кали'ка (стра'нникъ), но калѣ'ка (увѣ'чный, убо'гій человѣ'къ)	 
 	каллиграфия		каллигра'фія (иску'сство писа'ть чёткимъ, ро'внымъ и краси'вымъ по'черкомъ)	 
 	Каллисфен		Каллисѳе'нъ	 
 	Каллиопа		Калліо'па	 
 	каломель		каломе'ль (хло'ристая рту'ть)	 
 	калориметр		калори'метръ (прибо'ръ для измѣре'нія коли'чества теплоты')	 
 	калорифер		калори'феръ (прибо'ръ для нагрѣва'нія во'здуха въ систе'махъ возду'шнаго отопле'нія, вентиля'ціи и су'шки)	 
 	калоша		кало'ша, гало'ша (непромока'емая накла'дка на о'бувь)	 
 	Кальдерон		Кальдеро'нъ	 
 	кальян		калья'нъ (прибо'ръ для куре'нія табака' у восто'чныхъ наро'довъ, въ кото'ромъ таба'чный дымъ очища'ется, проходя' че'резъ сосу'дъ съ водо'й)	 
 	камамбер		камамбе'ръ (со'ртъ мя'гкаго жи'рнаго сы'ра, изгота'вливаемаго изъ коро'вьяго молока')	 
 	камбий		ка'мбій	 
 	камедь		каме'дь (засты'вшій до состоя'нія смолы' кле'йкій сокъ нѣ'которыхъ расте'ній)	 
 	камелёк		камелёкъ (небольша'я пе'чка, оча'гъ, ками'нъ), сидѣ'ть у камелька'	 
 	камелеопард		камелеопа'рдъ (жира'фъ, бyкв. верблю'дъ съ леопа'рдомъ)	 
 	камелия		каме'лія	 
 	камена		каме'на (му'за)	 
 	каменение		каменѣ'ніе	 
 	каменеть		каменѣ'ть	 
 	Каменец-Подольский		Камене'цъ-Подо'льскій	 
 	каменистый		камени'стый	 
 	каменка		ка'менка (ба'нная пе'чь съ камня'ми для получе'нія па'ра)	 
 	каменного		ка'меннаго	 
 	каменное		ка'менное	 
 	каменные		ка'менные (м. р.), ка'менныя (ж. р. и ср. р.)	 
 	каменный		ка'менный	 
 	каменосек		каменосѣ'къ (каменотёсъ)	 
 	каменотёс		каменотёсъ (рабо'чій, обтёсывающій ка'мень)	 
 	Каменск		Ка'менскъ	 
 	каменщик		ка'менщикъ (не ка'меньщикъ)	 
 	камень		ка'мень, на ка'мнѣ, им. п. мн. ч. ка'мни и каме'нья, подъ ка'мнемъ	 
 	камены		каме'ны (божества')	 
 	камера		ка'мера, въ ка'мерѣ	 
 	камеральный		камера'льный	 
 	камерарий		камера'рій (предсѣда'тель госуда'рственной ка'меры и'ли завѣ'дующій дохо'дами го'рода)	 
 	камергер		камерге'ръ (ста'ршее придво'рное зва'ніе)	 
 	камердинер		камерди'неръ (ко'мнатный слуга' при господи'нѣ)	 
 	камеристка		камери'стка (ко'мнатная служа'нка при госпожѣ')	 
 	камерного		ка'мернаго	 
 	камерное		ка'мерное	 
 	камерные		ка'мерные (м. р.), ка'мерныя (ж. р. и ср. р.)	 
 	камерный		ка'мерный, ка'мернаго	 
 	камертон		камерто'нъ	 
 	камер-юнкер		ка'меръ-ю'нкеръ (мла'дшее придво'рное зва'ніе)	 
 	камешек		ка'мешекъ, ка'мушекъ	 
 	камея		каме'я (ка'мень и'ли ра'ковина съ релье'фной худо'жественной рѣзьбо'й)	 
 	камзол		камзо'лъ, въ камзо'лѣ	 
 	камин		ками'нъ, въ ками'нѣ	 
 	каминный		ками'нный, ками'ннаго	 
 	каминные		ками'нные (м. р.), ками'нныя (ж. р. и ср. р.)	 
 	камней		камне'й	 
 	камнеломка		камнело'мка	 
 	камнепад		камнепа'дъ	 
 	камнище		камни'ще	 
 	кампания		кампа'нія (мѣропрія'тіе, похо'дъ), но компа'нія (о'бщество)	 
 	камуфлет		камуфле'тъ (взры'въ подъ землёй)	 
 	камфора		ка'мфора и ка'мфара	 
 	камыш		камы'шъ	 
 	камышевка		камы'шевка	 
 	канава		кана'ва	 
 	каналец		кана'лецъ	 
 	канализация		канализа'ція	 
 	канапе		канапе' (дива'нчикъ съ припо'днятымъ изголо'вьемъ; небольшо'й многосло'йный бутербро'дъ и'ли пиро'жное)	 
 	канарейка		канаре'йка	 
 	канат		кана'тъ, на кана'тѣ	 
 	канва		канва' (рѣ'дкая сѣ'тчатая тка'нь для вышива'нія), вышива'ніе по канвѣ'	 
 	кандалы		кандалы' (желѣ'зныя ко'льца, скрѣплённыя ме'жду собо'й цѣпя'ми, надѣва'вшіяся на но'ги и ру'ки заключённыхъ)	 
 	канделябр		канделя'бръ и кандела'бръ (подста'вка-свѣти'льникъ съ развѣтвле'ніями для свѣче'й и'ли ла'мпъ)	 
 	Кандия		Ка'ндія	 
 	Канев		Ка'невъ	 
 	канелюра		канелю'ра, каннелю'ра (вертика'льный желобо'къ на стволѣ' коло'нны), каннели'рованныя коло'нны	 
 	канефора		канефо'ра (впи'санное въ архитекту'ру зда'нія скульпту'рное изображе'ніе же'нской фигу'ры)	 
 	канитель		каните'ль (то'нкая металли'ческая нить для вышива'нія; дли'тельное, съ заде'ржками, помѣ'хами, однообра'зное и ну'дное заня'тіе)	 
 	канифас		канифа'съ	 
 	канифоль		канифо'ль	 
 	канканёр		канканёръ	 
 	канонада		канона'да	 
 	канонерка		каноне'рка (кора'бль для боевы'хъ дѣ'йствій на рѣ'кахъ, озёрахъ и въ прибре'жныхъ морски'хъ райо'нахъ)	 
 	каноник		кано'никъ (ри'мско-католи'ческій собо'рный свяще'нникъ)	 
 	канонический		канони'ческій (твёрдо устано'вленный, при'нятый за образе'цъ)	 
 	каноничный		канони'чный (не каноні'чный!), канони'чнаго, канони'чной, канони'чныхъ, канони'чнѣе, канони'чно	 
 	канонник		кано'нникъ (кни'га, сбо'рникъ кано'новъ)	 
 	Кантемир		Кантеми'ръ	 
 	кантилена		кантиле'на (пла'вная пѣву'чая мело'дія)	 
 	канун		кану'нъ	 
 	канцелярия		канцеля'рія	 
 	канцлер		ка'нцлеръ (вы'сшій гражда'нскій чи'нъ)	 
 	канцонетта		канцоне'тта (небольша'я лёгкая вока'льная пье'са танцова'льнаго хара'ктера)	 
 	канючить		каню'чить (надоѣ'дливо, навя'зчиво, плакси'во проси'ть о чёмъ-либо, выпра'шивать)	 
 	капанье		ка'панье	 
 	капелла		капе'лла (хоръ пѣ'вчихъ, смѣ'шанный анса'мбль; небольша'я отдѣ'льная часо'вня), пѣть а капе'лла — безъ инструмента'льнаго сопровожде'нія	 
 	капеллан		капелла'нъ (свяще'нникъ при часо'внѣ и'ли дома'шней це'ркви; помо'щникъ прихо'дскаго свяще'нника)	 
 	капель		капе'ль, капе'ли	 
 	капельдинер		капельди'неръ (театра'льный служи'тель, ука'зывающій зри'телямъ мѣста', слѣдя'щій за поря'дкомъ въ за'лѣ)	 
 	капелька		ка'пелька, по ка'пелькѣ	 
 	капельмейстер		капельме'йстеръ (театра'льный, хорово'й и'ли симфони'ческій дирижёръ)	 
 	капельный		ка'пельный (величино'й съ ка'плю, о'чень ма'ленькій), капе'льный (отъ капе'ль)	 
 	капер		ка'перъ (ча'стное су'дно, занима'вшееся съ вѣ'дома прави'тельства захва'томъ торго'выхъ судо'въ проти'вника)	 
 	Капернаум		Каперна'умъ	 
 	каперс		ка'персъ (расте'ніе, чьи по'чки употребля'ются въ марино'ванномъ ви'дѣ какъ о'страя припра'ва къ пи'щѣ)	 
 	Капетинги		Капети'нги	 
 	капиллярный		капилля'рный	 
 	капитал		капита'лъ	 
 	капиталоёмкий		капиталоёмкій	 
 	капитан		капита'нъ	 
 	капитель		капите'ль (ве'рхняя ча'сть коло'нны и'ли пиля'стра; набо'ръ те'кста прописны'ми бу'квами по высотѣ' стро'чныхъ)	 
 	Капитолина		Капитоли'на и Капетоли'на	 
 	капитуляция		капитуля'ція	 
 	капище		ка'пище (язы'ческое ку'льтовое сооруже'ніе)	 
 	капкан		капка'нъ	 
 	каплевидный		каплеви'дный	 
 	капля		ка'пля, ка'пель, по ка'плѣ, ка'плей	 
 	капор		ка'поръ (дѣ'тскій и'ли же'нскій головно'й убо'ръ, завя'зывающійся подъ подборо'дкомъ)	 
 	капот		капо'тъ (дома'шній хала'тъ)	 
 	капрал		капра'лъ (во'инское зва'ніе мла'дшаго кома'нднаго соста'ва)	 
 	каприз		капри'зъ	 
 	каптенармус		каптена'рмусъ (должностно'е лицо' въ а'рміи, вѣ'давшее хране'ніемъ и вы'дачей продово'льствія, обмундирова'нія и ору'жія)	 
 	каптёрка		каптёрка (скла'дъ иму'щества въ во'инской ча'сти)	 
 	Капулетти		Капуле'тти и Монте'кки	 
 	капуста		капу'ста	 
 	капюшон		капюшо'нъ	 
 	Кар		Каръ, въ Ка'рѣ	 
 	кара		ка'ра, въ ка'рѣ (но постро'иться въ каре')	 
 	карабинер		карабине'ръ (вооружённый караби'номъ солда'тъ изъ осо'бой во'инской ча'сти отбо'рныхъ стрѣлко'въ)	 
 	карабкаться		кара'бкаться	 
 	Караваев		Карава'евъ и Корова'евъ (ра'зныя фами'ліи!), Ка'рга-Корова'евъ (всегда'!), Кузьми'нъ-Карава'евъ и Кузьми'нъ-Корова'евъ (была' пу'таница!)	 
 	каравай		корова'й и карава'й (большо'й кру'глый хлѣ'бъ)	 
 	караван		карава'нъ	 
 	каравелла		караве'лла (высокобо'ртное морско'е су'дно съ двумя' и'ли тремя' ма'чтами)	 
 	караемый		кара'емый	 
 	каразея		каразе'я (гру'бая рѣ'дкая ки'перная шерстяна'я тка'нь)	 
 	каракатица		корока'тица	 
 	каракулевый		кара'кулевый	 
 	каракуль		кара'куль и кара'куля	 
 	карамель		караме'ль	 
 	карандаш		каранда'шъ	 
 	карантин		каранти'нъ	 
 	карасёвый		карасёвый	 
 	карась		кара'сь	 
 	каратель		кара'тель	 
 	карать		кара'ть	 
 	караул		карау'лъ	 
 	карбованец		карбо'ванецъ (украи'нское назва'ніе рубля')	 
 	карбункул		карбу'нкулъ (драгоцѣ'нный ка'мень — кра'сный грана'тъ; гно'йное воспале'ніе ко'жи)	 
 	карбункулёз		карбункулёзъ	 
 	карбюратор		карбура'торъ	 
 	карга		карга' и корга' (зла'я безобра'зная стару'ха)	 
 	кардан		кардо'нъ	 
 	кардиология		кардіоло'гія	 
 	каре		карре', каре' (построе'ніе пѣхо'ты въ фо'рмѣ четырёхуго'льника), въ каре'	 
 	кареит		кареи'тъ	 
 	Карелия		Каре'лія	 
 	карельский		каре'льскій	 
 	карелы		каре'лы	 
 	карета		каре'та, въ каре'тѣ	 
 	кариатида		каріати'да (коло'нна, опо'ра въ ви'дѣ же'нской фигу'ры)	 
 	Карибские		Караи'бскіе (острова')	 
 	карие		ка'ріе (глаза' — м. р.), ка'рія (о'чи — ж. р. и ср. р.)	 
 	карий		ка'рій, ка'рее, ка'ряя, ка'ріе глаза', ка'рія о'чи (кори'чневый цвѣ'тъ глазъ; ма'сть ло'шади свѣтлѣ'е кара'ковой)	 
 	кариес		ка'ріесъ, пpи ка'ріесѣ	 
 	карикатура		карикату'ра, въ карикату'рѣ	 
 	Кария		К~арія	 
 	карман		карма'нъ, въ карма'нѣ	 
 	кармашек		карма'шекъ, въ карма'шкѣ	 
 	кармелиты		кармели'ты	 
 	карнавал		карнава'лъ, на карнава'лѣ	 
 	карнеол		карнео'лъ (сердоли'къ — минера'лъ, разнови'дность халцедо'на)	 
 	каротель		кароте'ль (со'ртъ морко'ви съ коро'ткимъ окру'глымъ ко'рнемъ)	 
 	карпетка		карпе'тка (коро'ткій чуло'къ, носо'къ)	 
 	Карское		Ка'рское (мо'ре)	 
 	Картагена		Картаге'на	 
 	картёжник		картёжникъ	 
 	картель		карте'ль	 
 	картечина		карте'чина	 
 	картечница		карте'чница	 
 	картечный		карте'чный	 
 	картечь		карте'чь, карте'чью	 
 	картина		карти'на, на карти'нѣ	 
 	картинка		карти'нка, на карти'нкѣ	 
 	картон		карто'нъ, на карто'нѣ	 
 	картонка		карто'нка, на карто'нкѣ	 
 	картофель		карто'фель, карто'фелемъ, въ карто'фелѣ	 
 	карточка		ка'рточка, ка'рточекъ, на ка'рточкѣ	 
 	картуз		карту'зъ (мужско'й головно'й убо'ръ съ козырько'мъ)	 
 	карусель		карусе'ль, на карусе'ли	 
 	Карфаген		Карѳаге'нъ	 
 	карцер		ка'рцеръ, въ ка'рцерѣ	 
 	карьер		карье'ръ, въ карье'рѣ	 
 	карьера		карье'ра, въ карье'рѣ	 
 	касаемо		каса'емо	 
 	касаемся		каса'емся	 
 	касается		каса'ется	 
 	касаешься		каса'ешься	 
 	касательно		каса'тельно	 
 	касатка		каса'тка и коса'тка	 
 	касаться		каса'ться, косну'ться	 
 	касающиеся		каса'ющіеся (м. р.), каса'ющіяся (ж. р. и ср. р.)	 
 	касающийся		каса'ющійся	 
 	каскадёр		каскадёръ, о каскадёрѣ	 
 	каскет		каске'тъ, каске'тка (лёгкій мужско'й головно'й убо'ръ въ ро'дѣ фура'жки)	 
 	Каспийское		Каспі'йское (мо'ре)	 
 	касса		ка'сса, въ ка'ссѣ	 
 	кассация		касса'ція	 
 	Кассель		Ка'ссель	 
 	кассета		кассе'та, на кассе'тѣ	 
 	Кассий		Ка'ссій	 
 	Кассиодор		Кассіодо'ръ	 
 	кассолет		кассоле'тъ	 
 	кастаньета		кастанье'та	 
 	кастелянша		кастеля'нша (завѣ'дующая бѣльевы'мъ хозя'йствомъ въ гости'ницѣ, общежи'тіи, больни'цѣ)	 
 	кастет		касте'тъ	 
 	кастрюля		кастрю'ля, въ кастрю'лѣ	 
 	Касьян		Касья'нъ и Кассіа'нъ	 
 	катавасия		катава'сія (сумато'ха, суета', безпоря'докъ; пѣснопѣ'ніе, исполня'емое обо'ими кли'росами)	 
 	катакомбы		катако'мбы	 
 	каталепсия		катале'псія (застыва'ніе человѣ'ка въ той и'ли ино'й по'зѣ при не'рвныхъ заболѣва'ніяхъ, а та'кже подъ дѣ'йствіемъ гипно'за)	 
 	каталог		катало'гъ (не ката'логъ!), въ катало'гѣ	 
 	катание		ката'ніе, ката'ніемъ	 
 	катастрофа		катастро'фа, въ катастро'фѣ	 
 	катастрофический		катастрофи'ческій	 
 	катафалк		катафа'лкъ (погреба'льная колесни'ца въ похоро'нной проце'ссіи), на катафа'лкѣ	 
 	категориальный		категоріа'льный, категоріа'льнаго	 
 	категорией		катего'ріей, по катего'ріямъ	 
 	категоризация		категориза'ція, категоризи'ровать	 
 	категоризованный		категоризо'ванный	 
 	категоризовать		категоризова'ть, категоризова'ться	 
 	категорийный		категорі'йный, категорі'йнаго	 
 	категоричен		категори'ченъ	 
 	категорически		категори'чески	 
 	категорические		категори'ческіе (м. р.), категори'ческія (ж. р. и ср. р.)	 
 	категорический		категори'ческій, категори'ческаго	 
 	категорического		категори'ческаго	 
 	категорическое		категори'ческое	 
 	категоричнее		категори'чнѣе	 
 	категоричного		категори'чнаго	 
 	категорично		категори'чно	 
 	категоричное		категори'чное	 
 	категоричные		категори'чные (м. р.), категори'чныя (ж. р. и ср. р.)	 
 	категоричный		категори'чный, категори'чнаго, категори'ченъ	 
 	категория		катего'рія, катего'ріи, катего'ріей	 
 	Катенька		Ка'тенька	 
 	катер		ка'теръ, на ка'терѣ	 
 	Катерина		Катери'на, Екатери'на	 
 	катет		ка'тетъ	 
 	катетер		кате'теръ, кате'тръ	 
 	катехизис		катехи'зисъ и катихи'зисъ (кра'ткое изложе'ніе христіа'нскаго вѣроуче'нія въ фо'рмѣ вопро'совъ и отвѣ'товъ)	 
 	катитесь		кати'тесь	 
 	католический		католи'ческій	 
 	каторга		ка'торга, на ка'торгѣ	 
 	каторжане		каторжа'не	 
 	каторжного		ка'торжнаго	 
 	каторжное		ка'торжное	 
 	каторжные		ка'торжные (м. р.), ка'торжныя (ж. р. и ср. р.)	 
 	катрен		катре'нъ (четверости'шіе съ зако'нченной мы'слью въ соста'вѣ соне'та)	 
 	Каттегат		Каттега'тъ	 
 	катушечка		кату'шечка	 
 	Кафа		Ка'ѳа, въ Ка'ѳѣ	 
 	кафе		кафе' и кафэ', кофе'йня, въ кафе'	 
 	кафетерий		кафете'рій (не кофете'рій!)	 
 	кафедра		ка'ѳедра, на ка'ѳедрѣ	 
 	кафедральный		каѳедра'льный, каѳедра'льнаго	 
 	кафель		ка'фель	 
 	кафе-ресторан		кафе'-рестора'нъ, въ кафе'-рестора'нѣ	 
 	кафешантан		кафе-шанта'нъ (кафе' съ эстра'дой для исполне'нія пѣ'сенъ и та'нцевъ), въ кафе'-шанта'нѣ	 
 	кафешка		кафе'шка, въ кафе'шкѣ	 
 	кафизма		каѳи'зма (раздѣ'лъ Псалти'ри)	 
 	кафолический		каѳоли'ческій (вселе'нскій, собо'рный), но католи'ческій	 
 	кафтан		кафта'нъ (мужска'я долгопо'лая ве'рхняя оде'жда)	 
 	кахексия		кахексі'я (состоя'ніе глубо'каго истоще'нія и физи'ческой сла'бости органи'зма)	 
 	Кахетия		Кахе'тія	 
 	кацавейка		кацаве'йка (утеплённая просто'рная коро'ткая ко'фта)	 
 	качает		кача'етъ, кача'ется	 
 	качание		кача'ніе	 
 	качаться		кача'ться	 
 	качели		каче'ли, на каче'ляхъ	 
 	каченный		ка'ченный, ка'ченнаго	 
 	качественнее		ка'чественнѣе	 
 	качественного		ка'чественнаго	 
 	качественное		ка'чественное	 
 	качественные		ка'чественные (м. р.), ка'чественныя (ж. р. и ср. р.)	 
 	качественный		ка'чественный, ка'чественнаго	 
 	качество		ка'чество, о ка'чествѣ, въ ка'чествѣ	 
 	качнёмся		качнёмся	 
 	качнётся		качнётся	 
 	качнёшься		качнёшься	 
 	каша		ка'ша, въ ка'шѣ, ка'шей	 
 	кашевар		кашева'ръ	 
 	кашель		ка'шель, ка'шлемъ, при ка'шлѣ, ка'шляетъ	 
 	кашемир		кашеми'ръ (то'нкая шерстяна'я, полушерстяна'я и'ли хлопча'то-бума'жная тка'нь)	 
 	кашне		кашне' (плато'къ, ша'рфъ, надѣва'емый на ше'ю)	 
 	Кащей		Каще'й, Коще'й (Безсме'ртный)	 
 	кают-компания		каю'тъ-компа'нія	 
 	каяться		ка'яться	 
кв 	квадрирема		квадрире'ма (ри'мскій боево'й гребно'й кора'бль)	^
 	квадрупеды		квадрупе'ды (четвероно'гія)	 
 	квакает		ква'каетъ	 
 	квакер		ква'керъ (чле'нъ одно'й изъ христіа'нскихъ протеста'нтскихъ се'ктъ)	 
 	квалификация		квалифика'ція	 
 	квартер		ква'ртеръ (англі'йская мѣ'ра вѣ'са и объёма)	 
 	квартерон		квартеро'нъ (человѣ'къ, оди'нъ изъ пре'дковъ кото'раго въ тре'тьемъ поколѣ'ніи былъ не'громъ)	 
 	квартердек		квартерде'къ (возвыше'ніе па'лубы въ кормово'й ча'сти су'дна)	 
 	квартет		кварте'тъ (анса'мбль изъ четырёхъ исполни'телей; музыка'льное произведе'ніе для четырёхъ инструме'нтовъ или голосо'въ)	 
 	квартира		кварти'ра, въ кварти'рѣ	 
 	квартирмейстер		квартирме'йстеръ (должностно'е лицо', вѣ'дающее размѣще'ніемъ во'йскъ по кварти'рамъ и ихъ снабже'ніемъ)	 
 	квартиросъёмщик		квартиросъёмщикъ	 
 	квартирьер		квартирье'ръ (военнослу'жащій, высыла'емый при движе'ніи во'йскъ вперёдъ для подгото'вки мѣ'стъ расположе'нія)	 
 	кварцевать		кварцева'ть	 
 	квасцевать		квасцева'ть	 
 	кватерна		квате'рна (положе'ніе въ игрѣ' въ лото')	 
 	кватроченто		кватроче'нто (пері'одъ Ра'нняго Возрожде'нія въ Ита'ліи, XV вѣ'къ)	 
 	квашение		кваше'ніе	 
 	Квебек		Квебе'къ	 
 	квёлый		квёлый (сла'бый, хи'лый, вя'лый)	 
 	кверху		кве'рху (наpѣч.), но къ ве'рху коля'ски пристегну'ли фа'ртукъ	 
 	квестор		кве'сторъ (оди'нъ изъ ри'мскихъ ордина'рныхъ магистра'товъ)	 
 	квестура		квесту'ра (до'лжность кве'стора)	 
 	квиетизм		квіети'змъ (религіо'зное тече'ніе въ католици'змѣ)	 
 	Квинсленд		Кви'нслендъ	 
 	квинтерна		квинте'рна (положе'ніе въ игрѣ' въ лото')	 
 	квинтет		квинте'тъ (анса'мбль изъ пяти' исполни'телей; музыка'льное произведе'ніе для пяти' инструме'нтовъ или голосо'въ)	 
 	квинтэссенция		квинтъ-эссе'нція (осно'ва, са'мая су'щность)	 
 	квитанция		квита'нція, квита'нціей	 
ке 	кебаб		кеба'бъ (о'бщее наименова'ніе восто'чныхъ блю'дъ изъ жа'ренаго мя'са)	^
 	кегельбан		кегельба'нъ (деревя'нная доро'жка для игры' въ ке'гли; спеціа'льное помѣще'ніе съ тако'й доро'жкой)	 
 	кегли		ке'гли (игра', заключа'ющаяся въ сбива'ніи деревя'ннымъ ша'ромъ деревя'нныхъ сто'лбиковъ — ке'глей)	 
 	кегль		ке'гль, ке'гель (размѣ'ръ типогра'фской ли'теры)	 
 	кегля		ке'гля (деревя'нный сто'лбикъ для игры' въ ке'гли)	 
 	кедр		ке'дръ	 
 	кедровка		кедро'вка	 
 	Кейданы		Кейда'ны	 
 	кейфовать		кейфова'ть (отдыха'ть, предава'ться ке'йфу)	 
 	Кекропс		Кекро'псъ	 
 	кекс		ке'ксъ	 
 	Кексгольм		Кексго'льмъ	 
 	келарь		ке'ларь (мона'хъ, завѣ'дующій монасты'рскимъ хозя'йствомъ)	 
 	Келат		Кела'тъ	 
 	келейный		келе'йный (происходя'щій скры'то, въ у'зкомъ кругу'), келе'йно, келе'йное	 
 	Келецкая		Кѣ'лецкая (губернія), Кѣ'льцы	 
 	келиот		келіо'тъ (мона'хъ, живу'щій внѣ монастыря' въ отдѣ'льной ке'льѣ)	 
 	Кёльн		Кёльнъ	 
 	кельнер		ке'льнеръ (въ нѣ'которыхъ стра'нахъ — офиціа'нтъ въ рестора'нѣ, пивно'й)	 
 	кельп		ке'льпъ (бу'рыя морскі'я во'доросли)	 
 	кельтский		ке'льтскій	 
 	кельты		ке'льты	 
 	Кельцы		Кѣ'льцы, Кѣ'лецкая (губернія)	 
 	келья		ке'лья и ке'лія, въ ке'льѣ, въ ке'ліи, въ ке'лью, въ ке'лію, съ ке'ліею	 
 	кем		кѣмъ	 
 	кемарить		кема'рить (дрема'ть), не кима'рить!	 
 	Кембридж		Ке'мбриджъ	 
 	кембрик		ке'мбрикъ (электроизоляціо'нная тру'бка)	 
 	кем-либо		кѣ'мъ-либо	 
 	кем-нибудь		кѣ'мъ-нибудь	 
 	кемперский		кемпе'рскій судъ (пе'рвая инста'нція по уголо'внымъ и гражда'нскимъ дѣла'мъ въ Финля'ндіи)	 
 	кем-то		кѣ'мъ-то	 
 	Кемь		Ке'мь	 
 	кенгурёнок		кенгурёнокъ	 
 	кенгуру		кенгуру'	 
 	кендырь		кенды'рь, ку'тра (расте'нія семе'йства ку'тровыхъ)	 
 	Кёнигсберг		Кёнигсбе'ргъ	 
 	Кения		Ке'нія	 
 	кенкет		кенке'тъ, кенке'тка (ла'мпа съ горѣ'лкой ни'же резервуа'ра, напо'лненнаго ма'сломъ)	 
 	кеновит		кенови'тъ (мона'хъ общежи'тельнаго монастыря')	 
 	Кент		Ке'нтъ	 
 	кентавр		кента'връ (миѳологи'ческое существо' съ ту'ловищемъ коня', голово'й и гру'дью человѣ'ка)	 
 	Кентербери		Ке'нтербери	 
 	Кентукки		Кенту'кки	 
 	кеньги		ке'ньги (осо'бая тёплая зи'мняя о'бувь, надѣва'емая на сапоги')	 
 	кепи		ке'пи (фо'рменная фура'жка съ небольши'мъ твёрдымъ до'нышкомъ и прямы'мъ козырько'мъ)	 
 	кепка		ке'пка (мужско'й мя'гкій головно'й убо'ръ съ козырько'мъ), ке'почка, кепчо'нка, въ ке'пкѣ	 
 	Кеплер		Ке'плеръ	 
 	кепочный		ке'почный, ке'почное, ке'почному	 
 	керамика		кера'мика	 
 	кератин		керати'нъ (бѣлко'вое вещество' — составна'я часть эпиде'рмиса ко'жи, а та'кже воло'съ, ногте'й)	 
 	кератит		керати'тъ (воспале'ніе рогово'й оболо'чки гла'за)	 
 	Керенск		Ке'ренскъ	 
 	Керенский		Ке'ренскій	 
 	кёрлинг		кёрлингъ (кома'ндная спорти'вная игра' на ледяно'й площа'дкѣ)	 
 	керосин		кероси'нъ	 
 	Керченский		Ке'рченскій (проли'въ)	 
 	Керчь		Ке'рчь	 
 	кесарь		ке'сарь (ти'тулъ импера'тора въ дре'внемъ Ри'мѣ)	 
 	кессон		кессо'нъ	 
 	кета		ке'та, кета'	 
 	кетгут		кэтгу'тъ	 
 	кетон		кето'нъ	 
 	кетчуп		ке'тчупъ	 
 	Кефалония		Кефало'нія	 
 	кефаль		кефа'ль	 
 	кефир		кефи'ръ	 
 	Кефис		Кефи'съ	 
ки 	кивер		ки'веръ (вое'нный головно'й убо'ръ безъ поле'й съ высо'кой тулье'й)	^
 	кивнём		кивнёмъ	 
 	кивнёт		кивнётъ	 
 	кивнёшь		кивнёшь	 
 	кидает		кида'етъ, кида'емъ, кида'ешь, кида'ете, кида'йте	 
 	Киев		Кі'евъ, въ Кі'евѣ	 
 	киевляне		кіевля'не	 
 	Киево-Печерская		Кі'ево-Пече'рская (ла'вра)	 
 	киевские		кі'евскіе (м. р.), кі'евскія (ж. р. и ср. р.)	 
 	киевский		кі'евскій	 
 	киевского		кі'евскаго	 
 	киевское		кі'евское	 
 	кий		кі'й, кіи', кіёкъ, кіёвъ, кі'я и кія', о кі'ѣ и о кіѣ'	 
 	Кий		Кі'й, о Кі'ѣ (Кі'й, Ще'къ, Хо'ривъ и сестра' ихъ Лы'бедь)	 
 	килевание		килева'ніе (наказа'ніе прота'скиваніемъ подъ дни'щемъ корабля')	 
 	килевой		килево'й	 
 	Киликия		Кили'кія	 
 	километр		киломе'тръ	 
 	кильватер		кильва'теръ (слѣ'дъ, остаю'щійся позади' дви'жущагося су'дна)	 
 	кимберлит		кимберли'тъ (магмати'ческая го'рная поро'да, содержа'щая алма'зы)	 
 	кинематика		кинема'тика	 
 	кинематограф		кинемато'графъ, синемато'графъ	 
 	кинет		ки'нетъ (отъ ки'нуть)	 
 	кинетика		кине'тика	 
 	Кинешма		Ки'нешма	 
 	кинжал		кинжа'лъ	 
 	киноварь		кинова'рь (минера'лъ кра'снаго цвѣ'та — сѣ'рнистая рту'ть)	 
 	кинологический		кинологи'ческій	 
 	киоск		кіо'скъ	 
 	киоскёр		кіоскёръ	 
 	киоскёрша		кіоскёрша	 
 	киот		кіо'тъ и киво'тъ (ство'рчатая ра'ма и'ли шка'фчикъ со стекля'нной две'рцей для ико'нъ)	 
 	Киото		Кіо'то	 
 	кипел		кипѣ'лъ (отъ кипѣ'ть)	 
 	кипелка		кипѣ'лка (мо'лотая негашёная и'звесть)	 
 	кипение		кипѣ'ніе	 
 	кипень		ки'пень (бѣ'лая пѣ'на на пове'рхности воды')	 
 	киперная		ки'перная (ле'нта изъ хлопча'то-бума'жной пря'жи)	 
 	кипеть		кипѣ'ть	 
 	кипрегель		кипре'гель (геодези'ческій угломѣ'рный прибо'ръ)	 
 	кипрей		кипре'й (ива'нъ-чай)	 
 	Киприан		Кипріа'нъ	 
 	кипсей		кипсе'й, кипсе'йка (я'щикъ съ кра'ской въ печа'тной маши'нѣ)	 
 	кипсек		ки'псекъ (роско'шно и'зданный альбо'мъ гравю'ръ)	 
 	кипяток		кипято'къ	 
 	кипячение		кипяче'ніе	 
 	кипячёный		кипячёный	 
 	Кир		Киръ (и'мя)	 
 	кир		кѵръ (ти'тулъ)	 
 	Киреевский		Кирѣ'евскій	 
 	Киренга		Кире'нга	 
 	Киренск		Кире'нскъ	 
 	кирея		кире'я (ве'рхній кафта'нъ, со стоя'чимъ во'ротомъ)	 
 	Кирилл		Кири'ллъ, о Кири'ллѣ	 
 	кириллица		кири'ллица (одна' изъ дву'хъ а'збукъ ста'ро-славя'нскаго языка')	 
 	Киркегор		Киркего'ръ	 
 	Кирхгоф		Кирхго'фъ	 
 	кисейная		кисе'йная (ба'рышня — жема'нная, съ ограни'ченнымъ кругозо'ромъ дѣ'вушка, получи'вшая патріарха'льное воспита'ніе), не кисе'льная!	 
 	кисейный		кисе'йный	 
 	кисел		ки'селъ (ки'слый)	 
 	киселёк		киселёкъ	 
 	кисель		кисе'ль	 
 	кисет		кисе'тъ (мѣшо'чекъ для табака')	 
 	кисея		кисея' (то'нкая дорога'я тка'нь)	 
 	кислее		кислѣ'е	 
 	кисленько		ки'сленько	 
 	кислеть		кислѣ'ть	 
 	кислое		ки'слое, ки'слаго	 
 	кислород		кислоро'дъ, въ кислоро'дѣ, кислоро'дное голода'ніе	 
 	кислые		ки'слые (м. р.), ки'слыя (ж. р. и ср. р.)	 
 	кисмет		кисме'тъ (въ исла'мѣ — неизбѣ'жность, предопредѣле'ніе, по'лная предрѣшённость Алла'хомъ всѣ'хъ собы'тій въ мі'рѣ и су'дебъ люде'й)	 
 	киснет		ки'снетъ	 
 	Киссинген		Ки'ссингенъ	 
 	кистенём		кистенёмъ	 
 	кистень		кисте'нь (стари'нное ору'жіе, состоя'щее изъ коро'ткой па'лки съ подвѣ'шеннымъ на цѣпи' металли'ческимъ ша'ромъ)	 
 	кистепёрые		кистепёрыя ры'бы (почти' по'лностью вы'мершая гру'ппа рыбъ)	 
 	кистер		ки'стеръ (церко'вный служи'тель)	 
 	китаец		кита'ецъ, китая'нка, кита'йцевъ, о кита'йцѣ	 
 	Китай		Кита'й, въ Кита'ѣ	 
 	китайские		кита'йскіе (м. р.), кита'йскія (ж. р. и ср. р.)	 
 	китайский		кита'йскій, кита'йскаго	 
 	китайское		кита'йское	 
 	кителёк		кителёкъ	 
 	китель		ки'тель (фо'рменная однобо'ртная ку'ртка со стоя'чимъ воротнико'мъ), въ ки'телѣ	 
 	китёнок		китёнокъ	 
 	кифара		киѳа'ра (дре'вне-гре'ческій стру'нный щипко'вый музыка'льный инструме'нтъ)	 
 	кишечник		кише'чникъ, въ кише'чникѣ	 
 	кишеть		кишѣ'ть	 
 	Кишинёв		Кишинёвъ	 
 	киянка		кія'нка (деревя'нный молото'къ)	 
кл 	Клавдиан		Клавдіа'нъ	^
 	Клавдий		Кла'вдій	 
 	Клавдия		Кла'вдія	 
 	клавесин		клавеси'нъ (стари'нный кла'вишно-стру'нный щипко'вый музыка'льный инструме'нтъ)	 
 	клавиатура		клавіату'ра	 
 	кладбище		кла'дбище, на кла'дбищѣ	 
 	кладбищенские		кладби'щенскіе (м. р.), кладби'щенскія (ж. р. и ср. р.)	 
 	кладбищенский		кладби'щенскій	 
 	кладезь		кла'дезь (коло'децъ; исто'чникъ, сокро'вищница чего'-либо)	 
 	кладём		кладёмъ (не ло'жимъ!)	 
 	кладенец		кладене'цъ (ме'чъ-кладене'цъ — богаты'рскій ме'чъ въ ру'сскихъ были'нахъ и ска'зкахъ)	 
 	кладень		кла'день	 
 	кладёт		кладётъ (не ло'житъ!)	 
 	кладёшь		кладёшь, кладёмъ, кладёте (не ло'жишь!, не ло'жимъ!, не ло'жите!)	 
 	кладите		клади'те, кладёте (не ло'жьте!, не ложи'те!)	 
 	клакёр		клакёръ (лицо' изъ кла'ки — гру'ппы люде'й, нанима'емыхъ для созда'нія иску'сственнаго успѣ'ха ли'бо прова'ла арти'ста, ора'тора и'ли како'го-ли'бо выступле'нія, спекта'кля)	 
 	кларет		кларе'тъ (лёгкое кра'сное игри'стое вино')	 
 	кларнет		кларне'тъ	 
 	клафтер		кла'фтеръ (мѣ'ра длины' въ Герма'ніи; австрі'йская дровяна'я мѣ'ра — о'коло трёхъ кубоме'тровъ)	 
 	класс		кла'ссъ, въ кла'ссѣ	 
 	классификация		классифика'ція	 
 	классицизм		классици'змъ, въ классици'змѣ	 
 	классические		класси'ческіе (м. р.), класси'ческія (ж. р. и ср. р.)	 
 	классический		класси'ческій, класси'ческаго	 
 	классического		класси'ческаго	 
 	классическое		класси'ческое	 
 	клёв		клёвъ, при клёвѣ	 
 	клёваный		клёваный	 
 	клевать		клева'ть, клево'къ	 
 	клевер		кле'веръ	 
 	клевета		клевета', въ клеветѣ'	 
 	клеветать		клевета'ть	 
 	клеветник		клеветни'къ	 
 	клевещет		клеве'щетъ	 
 	клевок		клево'къ	 
 	клеврет		клевре'тъ (приве'рженецъ, приспѣ'шникъ)	 
 	клеевое		клеево'е	 
 	клеевой		клеево'й, клеево'го	 
 	клеевые		клеевы'е (м. р.), клеевы'я (ж. р. и ср. р.)	 
 	клеенный		кле'енный	 
 	клеёнка		клеёнка	 
 	клеёночный		клеёночный	 
 	клеёнчатый		клеёнчатый	 
 	клеёный		клеёный	 
 	клеить		кле'ить, кле'имъ кле'емъ, кле'ю, кле'ишь, кле'ятъ (не кле'ютъ!)	 
 	клей		кле'й, кле'имъ кле'емъ, на клею', въ клею', въ кле'ѣ, клеи', клеёвъ, кле'я, клея'мъ	 
 	клейковина		клейкови'на	 
 	клеймение		клейме'ніе	 
 	клеймёный		клеймёный	 
 	клеймить		клейми'ть	 
 	клеймо		клеймо', на клеймѣ'	 
 	Клейнмихель		Клейнми'хель	 
 	клейноды		клейно'ды (рега'ліи, войсковы'е зна'ки отли'чія въ каза'чьихъ войска'хъ и си'мволы вла'сти по'льскихъ и украи'нскихъ ге'тмановъ)	 
 	клейстер		кле'йстеръ	 
 	клёкот		клёктъ	 
 	клекотать		клекта'ть, клегта'ть (о пти'цахъ — издава'ть преры'вистые горловы'е зву'ки)	 
 	клён		клёнъ	 
 	Клеопатра		Клеопа'тра	 
 	клёпаный		клёпаный	 
 	клепать		клепа'ть	 
 	клёпка		клёпка (доще'чка для боковы'хъ стѣ'нокъ бо'чки, ка'дки и'ли для парке'та)	 
 	клепсидра		клепси'дра (водяны'е часы')	 
 	клептомания		клептома'нія (психи'ческое заболѣва'ніе, выража'ющееся въ скло'нности къ воровству')	 
 	клер		кле'ръ	 
 	клерик		кле'рикъ (духо'вное лицо' католи'ческой це'ркви)	 
 	клерикализм		клерикали'змъ (направле'ніе въ поли'тикѣ, добива'ющееся пе'рвенствующей ро'ли це'ркви въ обще'ственной, полити'ческой и культу'рной жи'зни)	 
 	клерк		кле'ркъ (конто'рскій слу'жащій, о'фисный планкто'нъ)	 
 	клеровать		клерова'ть (рафини'ровать, очища'ть, дѣ'лать чи'стымъ, прозра'чнымъ)	 
 	клёст		клёстъ	 
 	клетка		клѣ'тка, въ клѣ'ткѣ	 
 	клетня		клетня'	 
 	клеточный		клѣ'точный	 
 	клетчатка		клѣтча'тка	 
 	клеть		клѣ'ть (кладова'я, нежила'я пристро'йка къ избѣ')	 
 	клефты		кле'фты (гре'ческіе крестья'не-партиза'ны, боро'вшіеся про'тивъ туре'цкаго госпо'дства)	 
 	клёцки		клёцки, клёцка (кусо'чки тѣ'ста, сва'ренные въ кипя'щемъ бульо'нѣ, молокѣ')	 
 	клёш		клёшъ (осо'бый покро'й ю'бки, брю'къ съ расшире'ніемъ кни'зу)	 
 	клешня		клешня', клешнёй, мн. клешни', клешне'й	 
 	клещ		кле'щъ, клещи', клеще'й (насѣко'мое)	 
 	клещевина		клещеви'на	 
 	клещевой		клещево'й	 
 	клещи		кле'щи (инструме'нтъ), клещи' (вoен. взять въ клещи' — охвати'ть проти'вника съ двухъ сторо'нъ)	 
 	клещик		кле'щикъ (насѣко'мое)	 
 	клею		кле'ю, кле'ишь, кле'ятъ (не кле'ютъ!)	 
 	кливер		кли'веръ	 
 	клиент		кліэ'нтъ	 
 	кликушество		клику'шество (истери'ческое заболѣва'ніе, выража'ющееся въ су'дорожныхъ припа'дкахъ съ рѣ'зкими кри'ками и взви'згиваніями)	 
 	Климент		Климе'нтъ, о Климе'нтѣ	 
 	клинкер		кли'нкеръ (со'ртъ про'чнаго, не впи'тывающаго вла'ги кирпича')	 
 	клинышек		кли'нышекъ	 
 	Клио		Клі'о	 
 	клипер		кли'перъ (быстрохо'дное морско'е па'русное су'дно), не кли'пперъ!	 
 	клирос		кли'росъ и кры'лосъ (мѣ'сто для пѣ'вчихъ въ це'ркви)	 
 	клистир		клисти'ръ (кли'зма)	 
 	клитор		кли'торъ (по'хотникъ — чувстви'тельный о'рганъ, располо'женный вверху' же'нскихъ половы'хъ гу'бъ)	 
 	клич		кличъ, съ кли'чемъ	 
 	кличет		кли'четъ (зовётъ)	 
 	кличея		кличея' (кли'чка) — уcтap.	 
 	клише		клише' (печа'тная фо'рма; ходя'чее, изби'тое выраже'ніе)	 
 	клобук		клобу'къ (головно'й убо'ръ правосла'вныхъ мона'ховъ въ ви'дѣ высо'кой цилиндри'ческой ша'пки съ покрыва'ломъ)	 
 	клозет		клозе'тъ (убо'рная, туале'тъ), въ клозе'тѣ	 
 	клокочет		клоко'четъ	 
 	клуб		клу'бъ, въ клу'бѣ (обще'ственное собра'ніе для препровожде'нія вре'мени)	 
 	клубень		клу'бень (мяси'стый укоро'ченный подзе'мный сте'бель у мно'гихъ расте'ній)	 
 	клубного		клу'бнаго	 
 	клубное		клу'бное	 
 	клубные		клу'бные (м. р.), клу'бныя (ж. р. и ср. р.)	 
 	клюёт		клюётъ	 
 	клюквенный		клю'квенный	 
 	ключевой		ключево'й	 
 	ключей		ключе'й	 
 	ключник		клю'чникъ (слуга' въ помѣ'щичьемъ до'мѣ, въ вѣ'дѣніи кото'раго находи'лись продово'льственные запа'сы и ключи' отъ мѣ'стъ ихъ хране'нія)	 
 	ключом		ключо'мъ	 
 	клянём		клянёмъ	 
 	клянёмся		клянёмся	 
 	клянёт		клянётъ	 
 	клянётся		клянётся, клянётесь	 
 	клянёшь		клянёшь	 
 	клянёшься		клянёшься	 
 	кляссер		кля'ссеръ (альбо'мъ для ма'рокъ), въ кля'ссерѣ	 
 	клятва		кля'тва, въ кля'твѣ	 
 	клятвенно		кля'твенно обѣща'ю	 
 	клятвенный		кля'твенный	 
 	кляуза		кля'уза, въ кля'узѣ	 
 	кляузник		кля'узникъ, о кля'узникѣ	 
 	кляузнический		кля'узническій, кля'узническаго	 
км 	кмет		кме'тъ (во'инъ, дружи'нникъ; катего'ріи крестья'нъ)	^
кн 	кнастер		кна'стеръ, кана'стеръ (со'ртъ туре'цкаго крѣ'пкаго кури'тельнаго табаку', доставля'вшагося въ корзи'нкахъ)	^
 	кневень		кне'вень (чу'рочка и'ли верёвочный у'зелъ для подхва'тки па'руса)	 
 	кнедлик		кне'дликъ (мучно'е издѣ'ліе, націона'льное блю'до че'шской, слова'цкой и австрі'йской ку'хни)	 
 	кнехт		кне'хтъ (па'рная ту'мба на па'лубѣ су'дна и'ли при'стани, слу'жащая для закрѣпле'нія шварто'ваго или букси'рнаго тро'са)	 
 	книга		кни'га, въ кни'гѣ	 
 	книгопечатание		книгопеча'таніе	 
 	книжечка		кни'жечка, въ кни'жечкѣ, кни'жечекъ	 
 	книжка		кни'жка, въ кни'жкѣ, кни'жекъ	 
 	книжник		кни'жникъ, о кни'жникѣ	 
 	книжного		кни'жнаго	 
 	книжное		кни'жное	 
 	книжные		кни'жные (м. р.), кни'жныя (ж. р. и ср. р.)	 
 	книжный		кни'жный, кни'жнаго	 
 	книжонка		кни'жонка, въ кни'жонкѣ	 
 	книзу		кни'зу (наpѣч.), но къ ни'зу до'ма сдѣ'лана пристро'йка	 
 	книксен		кни'ксенъ (покло'нъ съ неглубо'кимъ присѣда'ніемъ какъ зна'къ привѣ'тствія, благода'рности со стороны' дѣ'вочекъ и дѣ'вушекъ; ревера'нсъ)	 
 	книппель		кни'ппель (двойно'е ядро' для поврежде'нія такела'жа судо'въ проти'вника)	 
 	кнутовище		кнутови'ще (рукоя'тка кнута')	 
 	княгиня		княги'ня, княги'ней, ко княги'нѣ	 
 	княжение		княже'ніе, кня'жить	 
 	княженика		княжени'ка (поляни'ка, маму'ра, мали'на аркти'ческая — я'годное расте'ніе)	 
 	княжеские		кня'жескіе (м. р.), кня'жескія (ж. р. и ср. р.)	 
 	княжеский		кня'жескій, кня'жескаго	 
 	княжество		кня'жество	 
 	княжий		кня'жій, кня'жаго и кня'жьяго	 
 	княжна		княжна', о княжнѣ'	 
 	князёк		князёкъ	 
 	князь		кня'зь (предводи'тель во'йска и прави'тель о'бласти; ти'тулъ сы'на, бра'та и'ли вну'ка ру'сскихъ царе'й), о кня'зѣ, князе'й и пpoст. князьёвъ	 
ко 	кобелёк		кобелёкъ	^
 	кобелить		кобели'ть	 
 	кобель		кобе'ль, кобеля'	 
 	кобеляж		кобеля'жъ	 
 	Кобеляки		Кобеля'ки	 
 	кобениться		кобе'ниться (не соглаша'ться, заставля'я упра'шивать себя'; упря'миться, кривля'ться, лома'ться)	 
 	Кобленц		Ко'бленцъ	 
 	Ковалёв		Ковалёвъ	 
 	Ковалевский		Ковале'вскій	 
 	коварен		кова'ренъ	 
 	коварнее		кова'рнѣе	 
 	коварство		кова'рство, въ кова'рствѣ	 
 	Ковель		Ко'вель	 
 	ковенант		ковена'нтъ (назва'ніе соглаше'ній и'ли сою'зовъ сторо'нниковъ Реформа'ціи въ Шотла'ндіи)	 
 	ковёр		ковёръ, на коврѣ'	 
 	коверкать		кове'ркать	 
 	ковёрный		ковёрный (кло'унъ, развлека'ющій пу'блику въ па'узахъ ме'жду номера'ми цирково'й програ'ммы и'ли сопровожда'ющій отдѣ'льные номера' шу'тками, коми'ческими вы'ходками)	 
 	ковкий		ко'вкій	 
 	коврига		коври'га (большо'й кру'глый хлѣ'бъ; карава'й)	 
 	коврижка		коври'жка (пря'никъ, обы'чно медо'вый, съ просло'йкой изъ пови'дла и'ли варе'нья)	 
 	ковчег		ковче'гъ, въ ковче'гѣ	 
 	ковш		ковшъ, въ ковшѣ', ковше'й, ковшево'й, ковшо'вый	 
 	ковылём		ковылёмъ	 
 	ковыль		ковы'ль и кавы'ль	 
 	ковылять		ковыля'ть	 
 	ковырнёшь		ковырнёшь	 
 	ковырять		ковыря'ть	 
 	когда-либо		когда'-либо	 
 	когда-нибудь		когда'-нибудь	 
 	когда-то		когда'-то	 
 	кого-то		кого'-то	 
 	кодеин		кодеи'нъ	 
 	кодекс		ко'дексъ	 
 	кое		ко'е (кото'рое, како'е)	 
 	кое-где		ко'е-гдѣ', ко'й-гдѣ'	 
 	коего		ко'его (кото'раго, како'го)	 
 	коей		ко'ей (кото'рой, како'й)	 
 	кое-как		ко'е-ка'къ, ко'й-ка'къ	 
 	кое-какой		ко'е-како'й, ко'й-како'й	 
 	кое-куда		ко'е-куда', ко'й-куда'	 
 	коем		въ ко'емъ (ра'зѣ), ко'ій, ко'ей, ко'его, ко'ею	 
 	коему		ко'ему (кото'рому, како'му)	 
 	кое-чем		ко'е-чѣ'мъ, ко'й-чѣ'мъ	 
 	коечный		ко'ечный	 
 	кое-что		ко'е-что', ко'й-что'	 
 	коею		ко'ею (кото'рою, како'ю)	 
 	кожа		ко'жа, ко'жъ	 
 	кожан		кожа'нъ	 
 	кожаный		ко'жаный	 
 	кожевенный		коже'венный	 
 	кожемяка		кожемя'ка	 
 	коза		коза', о козѣ', ко'зій, ко'зье	 
 	козёл		козёлъ, о козлѣ'	 
 	козелец		козеле'цъ	 
 	козелок		козело'къ	 
 	Козельск		Козе'льскъ	 
 	Козеницы		Козени'цы	 
 	козерог		козеро'гъ	 
 	козетка		козе'тка (небольшо'й дива'нчикъ для двои'хъ)	 
 	козлёнок		козлёнокъ	 
 	козлёночек		козлёночекъ	 
 	козлище		ко'злище (расте'ніе)	 
 	кознодей		кознодѣ'й	 
 	козье		ко'зье	 
 	Козьмодемьянск		Козьмодемья'нскъ	 
 	козырёк		козырёкъ	 
 	козырнёшь		козырнёшь	 
 	козыряешь		козыря'ешь	 
 	кои		ко'и (кото'рые, какі'е и кото'рыя, какі'я)	 
 	коие		ко'іе (м. р. — кото'рые, какі'е), ко'ія (ж. р. и ср. р. — кото'рыя, какі'я)	 
 	коий		ко'ій (кото'рый, како'й), ко'его, ко'ей	 
 	коих		ко'ихъ (кото'рыхъ, каки'хъ)	 
 	кой		ко'й (кото'рый, како'й)	 
 	кой-где		ко'й-гдѣ', ко'е-гдѣ'	 
 	кой-как		ко'й-ка'къ, ко'е-ка'къ	 
 	кой-какой		ко'й-како'й, ко'е-како'й	 
 	кой-куда		ко'й-куда', ко'е-куда'	 
 	кой-чем		ко'й-чѣ'мъ, ко'е-чѣ'мъ	 
 	кой-что		ко'й-что', ко'е-что'	 
 	кокарда		кока'рда (металли'ческій кру'глый и'ли ова'льный значо'къ на фо'рменной фура'жкѣ)	 
 	кокетка		коке'тка (же'нщина, стремя'щаяся свои'мъ поведе'ніемъ, мане'рами, наря'домъ понра'виться мужчи'намъ; ве'рхняя отрѣзна'я ча'сть оде'жды)	 
 	кокней		ко'кней, ко'кни (нѣ'женка — насмѣ'шливое про'звище ло'ндонскаго уроже'нца)	 
 	кокодес		кокоде'съ (мо'дный щёголь)	 
 	кокодетка		кокоде'тка (уха'живательница)	 
 	кокон		ко'конъ, въ ко'конѣ	 
 	коктейль		кокте'йль	 
 	Кокчетав		Кокчета'въ	 
 	колбаса		колбаса' и калбаса'	 
 	Колгуев		Колгу'евъ	 
 	колдун		колду'нъ	 
 	колебания		колеба'нія	 
 	колебать		колеба'ть	 
 	колеблю		коле'блю, коле'блешь	 
 	колеистый		коле'истый	 
 	колейный		коле'йный, коле'йность	 
 	колена		колѣ'на (поколѣ'нія — въ пя'томъ колѣ'нѣ)	 
 	колене		боль въ колѣ'нѣ	 
 	колени		колѣ'ни, на колѣ'няхъ	 
 	коленкор		коленко'ръ, каленко'ръ	 
 	коленный		колѣ'нный	 
 	колено		колѣ'но (часть ноги'), колѣ'на (поколѣ'нія, племена'), колѣ'нья (суста'вы, зве'нья)	 
 	коленопреклонённый		колѣнопреклонённый	 
 	коленце		колѣ'нце (неожи'данная фигу'ра въ пля'скѣ — отка'лывать колѣ'нца)	 
 	коленчатый		колѣ'нчатый	 
 	коленья		колѣ'нья (суста'вы, зве'нья)	 
 	колер		ко'леръ, ко'леры	 
 	колеровать		колерова'ть (подбира'ть цвѣ'тъ кра'ски), но колирова'ть (привива'ть дере'вья)	 
 	колеса		колеса'	 
 	колёса		колёса	 
 	колёсико		колёсико	 
 	колесить		колеси'ть	 
 	колесник		коле'сникъ и колёсникъ (колёсныхъ дѣ'лъ ма'стеръ)	 
 	колесница		колесни'ца, въ колесни'цѣ	 
 	колёсные		колёсные (м. р.), колёсныя (ж. р. и ср. р.)	 
 	колёсный		колёсный, колёснаго, колёсное	 
 	колесо		колесо', въ колесѣ', колесо'мъ, колёсъ	 
 	колесование		колесова'ніе (видъ сме'ртной ка'зни)	 
 	колет		коле'тъ (коро'ткій вое'нный мунди'ръ изъ бѣ'лаго сукна')	 
 	колет		ко'летъ (отъ коло'ть)	 
 	колеть		колѣ'ть (околѣва'ть), колѣ'ю, колѣ'ешь	 
 	колец		коле'цъ (отъ кольцо')	 
 	колечко		коле'чко	 
 	колея		колея', въ колеѣ', колею'	 
 	Колизей		Колизе'й	 
 	количества		коли'чества	 
 	количество		коли'чество (не колли'чество!), о коли'чествѣ	 
 	колкие		ко'лкіе (м. р.), ко'лкія (ж. р. и ср. р.)	 
 	колкий		ко'лкій, ко'лкаго	 
 	колкое		ко'лкое	 
 	коллаген		коллаге'нъ	 
 	коллега		колле'га	 
 	коллегиальный		коллегіа'льный	 
 	коллегия		колле'гія	 
 	колледж		ко'лледжъ (англ.), колле'жъ (фр.)	 
 	коллежский		колле'жскій (составна'я ча'сть назва'ній нѣ'которыхъ гражда'нскихъ чино'въ — колле'жскій асе'ссоръ)	 
 	коллектив		коллекти'въ, въ коллекти'вѣ	 
 	коллективизация		коллективиза'ція	 
 	коллективизм		коллективи'змъ	 
 	коллектор		колле'кторъ	 
 	коллекционер		коллекціоне'ръ	 
 	коллекционирование		коллекціони'рованіе	 
 	коллекция		колле'кція, коллекціоне'ръ	 
 	коллизия		колли'зія	 
 	коллоквиум		колло'квіумъ (бесѣ'да преподава'теля со студе'нтами)	 
 	колобок		колобо'къ	 
 	колоброжение		колобро'женіе	 
 	коловорот		коловоро'тъ	 
 	колода		коло'да	 
 	колодезь		коло'дезь, коло'децъ	 
 	колодец		коло'децъ, коло'дезь	 
 	колоколец		колоко'лецъ (колоко'льчикъ)	 
 	колокольня		колоко'льня	 
 	коломенский		коло'менскій	 
 	колонель		колоне'ль (шри'фтъ съ ке'глемъ въ 7 пу'нктовъ)	 
 	колониальные		колоніа'льные (м. р. — това'ры), колоніа'льныя (ж. р. и ср. р. — во'йны)	 
 	колониальные товары		колоніа'льные това'ры (чай, ко'фе, пря'ности и т. п.)	 
 	колония		коло'нія	 
 	колонна		коло'нна	 
 	колоннада		колонна'да	 
 	колос		ко'лосъ (соцвѣ'тіе), колоси'стый	 
 	колосс		коло'ссъ (ста'туя, велика'нъ), колосса'льный	 
 	колотить		колоти'ть	 
 	колоть		коло'ть, ко'летъ	 
 	колотье		коло'тье, ко'лотье	 
 	колотьё		колотьё	 
 	колоченный		коло'ченный	 
 	колочение		колоче'ніе	 
 	колошение		колоше'нье	 
 	колпак		колпа'къ	 
 	Колумбия		Колу'мбія	 
 	колупнёт		колупнётъ	 
 	колчедан		колчеда'нъ	 
 	колченогий		колчено'гій	 
 	кольдкрем		ко'льдъ-кре'мъ (ма'зь для смягче'нія ко'жи)	 
 	колье		колье' (ожере'лье изъ драгоцѣ'нныхъ камне'й, же'мчуга)	 
 	кольнёт		кольнётъ	 
 	кольцевой		кольцево'й, кольцево'го	 
 	кольцевые		кольцевы'е (м. р.), кольцевы'я (ж. р. и ср. р.)	 
 	кольцеобразный		кольцеобра'зный	 
 	кольцо		кольцо', въ кольцѣ', коле'цъ	 
 	кольчатые		ко'льчатые (м. р.), ко'льчатыя (ж. р. и ср. р.)	 
 	колыбель		колыбе'ль, въ колыбе'ли	 
 	колымага		колыма'га (стари'нный закры'тый четырёхколёсный экипа'жъ)	 
 	колыхать		колыха'ть	 
 	колыхнёт		колыхнётъ	 
 	колю		колю', ко'лютъ, ко'лешь	 
 	коляда		коля'да (персона'жъ, олицетворя'ющій наступле'ніе но'ваго земледѣ'льческаго го'да, бу'дущаго весе'нняго плодоро'дія и осе'нняго изоби'лія)	 
 	колядки		коля'дки (пра'здничное вре'мя отъ Рождества' до Креще'нья; велича'льныя пѣ'сни, исполня'емыя въ э'то вре'мя)	 
 	коляска		коля'ска	 
 	кома		ко'ма, въ ко'мѣ	 
 	команда		кома'нда, въ кома'ндѣ	 
 	командир		команди'ръ, о команди'рѣ	 
 	командировка		командиро'вка, въ командиро'вкѣ	 
 	командирские		команди'рскіе (м. р.), команди'рскія (ж. р. и ср. р.)	 
 	командирского		команди'рскаго	 
 	командирское		команди'рское	 
 	комар		кома'ръ	 
 	комарьё		комарьё, комарьёмъ	 
 	комбайнёр		комбайнёръ	 
 	комбинация		комбина'ція	 
 	комбинезон		комбинезо'нъ	 
 	комедия		коме'дія	 
 	комель		ко'мель, въ ко'млѣ, ко'млевый	 
 	комендант		коменда'нтъ	 
 	комендор		комендо'ръ (зва'ніе матро'са, спеціа'льно подгото'вленнаго для стрѣльбы' изъ корабе'льныхъ ору'дій)	 
 	комераж		комера'жъ (то'лки, злосло'віе, спле'тни)	 
 	комета		коме'та	 
 	комиссар		комисса'ръ и коммисса'ръ	 
 	комиссионер		комиссіоне'ръ (посре'дникъ въ торго'выхъ сдѣ'лкахъ)	 
 	комиссия		коми'ссія	 
 	комитет		комите'тъ	 
 	комический		коми'ческій	 
 	комканье		ко'мканье	 
 	комлевой		комлево'й	 
 	комментарии		коммента'ріи, (не каме'нты :)	 
 	комментарий		коммента'рій, коммента'ріевъ	 
 	комментатор		коммента'торъ	 
 	комментировать		комменти'ровать, комменти'руемъ, комменти'руешь, комменти'руетъ, комменти'руется	 
 	коммераж		коммера'жъ (спле'тня, невѣ'рный слу'хъ)	 
 	коммерсант		коммерса'нтъ (не комерса'нтъ!)	 
 	коммерции		комме'рціи совѣ'тникъ (почётное зва'ніе, дава'вшееся купца'мъ)	 
 	коммерция		комме'рція (не коме'рція!)	 
 	коммерческий		комме'рческій, комме'рческаго	 
 	коммерш		комме'ршъ (студе'нтскій пиръ въ Герма'ніи)	 
 	коммивояжёр		комми-вояжёръ (разъѣздно'й торго'вый аге'нтъ)	 
 	коммонер		ко'ммонеръ (въ А'нгліи — вся'кій, не принадлежа'щій къ зна'ти)	 
 	коммунистический		коммунисти'ческій	 
 	комнатёнка		комнатёнка	 
 	комодец		комо'децъ	 
 	комочек		комо'чекъ	 
 	компанейский		компане'йскій	 
 	компания		компа'нія (о'бщество), но кампа'нія (похо'дъ)	 
 	компаньон		компаньо'нъ и компаніо'нъ	 
 	компас		ко'мпасъ	 
 	компатриот		компатріо'тъ (сооте'чественникъ)	 
 	компенсация		компенса'ція	 
 	компетентен		компете'нтенъ	 
 	компетентность		компете'нтность	 
 	компетенция		компете'нція	 
 	комплекс		ко'мплексъ	 
 	комплексный		ко'мплексный, ко'мплекснаго, ко'мплексная	 
 	комплексные		ко'мплексные (м. р.), ко'мплексныя (ж. р. и ср. р.)	 
 	комплексные		компле'ксныя (чи'сла)	 
 	комплект		компле'ктъ	 
 	комплекция		компле'кція	 
 	комплимент		комплиме'нтъ	 
 	композиция		компози'ція, компози'ціей, компози'ціи, композиціо'нный	 
 	компот		компо'тъ, въ компо'тѣ, компо'тецъ	 
 	компресс		компре'ссъ	 
 	компрессор		компре'ссоръ	 
 	компрометировать		компромети'ровать	 
 	компромисс		компроми'ссъ	 
 	Компьен		Компье'нъ	 
 	компьютер		компью'теръ, въ компью'терѣ, на компью'терѣ (разумѣ'ется, въ 1914 году' о'наго не' было... :), компьютериза'ція	 
 	кому-нибудь		кому'-нибу'дь	 
 	кому-то		кому'-то	 
 	комфорт		комфо'ртъ, въ комфо'ртѣ	 
 	комфортабельный		комфорта'бельный	 
 	комфортнее		комфо'ртнѣе	 
 	конвекция		конве'кція	 
 	конвенансы		конвена'нсы (прили'чія)	 
 	конвент		конве'нтъ (вы'борный о'рганъ съ осо'быми законода'тельными полномо'чіями въ нѣ'которыхъ стра'нахъ)	 
 	конвенция		конве'нція (догово'ръ, соглаше'ніе ме'жду госуда'рствами)	 
 	конвергенция		конверге'нція (совпаде'ніе каки'хъ-либо при'знаковъ въ незави'симыхъ дру'гъ отъ дру'га явле'ніяхъ)	 
 	конверсия		конве'рсія	 
 	конверт		конве'ртъ, въ конве'ртѣ	 
 	конвертация		конверта'ція, конверта'ціей, при конверта'ціи	 
 	конвертер		конве'ртеръ (не конве'рторъ!)	 
 	конвертируем		конверти'руемъ	 
 	конвертируемый		конверти'руемый	 
 	конвой		конво'й, конво'емъ, въ конво'ѣ	 
 	конвульсия		конву'льсія	 
 	конгенерический		конгенери'ческій (схо'жій по происхожде'нію, одноро'дный)	 
 	конгениальный		конгеніальный (совпада'ющій по ду'ху, о'бразу мы'слей, тала'нтливости)	 
 	конгестия		конге'стія (прили'въ кро'ви и'ли други'хъ живы'хъ со'ковъ къ како'й-либо ча'сти тѣ'ла)	 
 	конгломерат		конгломера'тъ (соедине'ніе чего'-либо разноро'днаго, безпоря'дочная смѣ'сь)	 
 	конгрегация		конгрега'ція (религіо'зная организа'ція, свя'занная съ каки'мъ-либо мона'шескимъ о'рденомъ)	 
 	конгресс		конгре'ссъ, на конгре'ссѣ	 
 	конденсатор		конденса'торъ	 
 	конденсор		конде'нсоръ	 
 	Кондерсе		Кондерсе'	 
 	кондитер		конди'теръ и канди'теръ	 
 	кондитерская		конди'терская	 
 	кондитерские		конди'терскія (сущ. ж. р. мн. ч.)	 
 	кондитерские		конди'терскіе (м. р.), конди'терскія (ж. р. и ср. р.) — конди'терскія издѣ'лія	 
 	кондитерские изделия		конди'терскія издѣ'лія (ср. р.)	 
 	кондитерский		конди'терскій	 
 	кондитерского		конди'терскаго	 
 	кондитерское		конди'терское	 
 	кондиция		конди'ція (ка'чество, но'рма, кото'рымъ должно' соотвѣ'тствовать что'-либо)	 
 	кондотьер		кондотье'ръ (предводи'тель наёмнаго вое'ннаго отря'да въ Ита'ліи)	 
 	Кондратий		Кондра'тій, Кондра'тъ	 
 	кондуктор		конду'кторъ	 
 	Коневец		Коневе'цъ, на Коневцѣ'	 
 	коневодство		конево'дство, коннозаво'дство	 
 	конёк		конёкъ	 
 	конём		конёмъ	 
 	конетабль		конета'бль	 
 	конец		коне'цъ, въ концѣ' концо'въ, на концѣ'	 
 	Конецпольский		Конецпо'льскій	 
 	конечно		коне'чно	 
 	конечного		коне'чнаго	 
 	конечное		коне'чное	 
 	конечность		коне'чность	 
 	конечные		коне'чные (м. р.), коне'чныя (ж. р. и ср. р.)	 
 	конечный		коне'чный, коне'чнаго	 
 	конический		кони'ческій	 
 	конкремент		конкреме'нтъ (ка'мни, пло'тныя образова'нія, встрѣча'ющіеся въ полостны'хъ о'рганахъ и выводны'хъ прото'кахъ желёзъ человѣ'ка)	 
 	конкретизация		конкретиза'ція	 
 	конкретнее		конкре'тнѣе (бо'лѣе конкре'тно)	 
 	конкретно		конкре'тно, (не канкре'тна, ткж. см. ріа'льна :)	 
 	конкретного		конкре'тнаго	 
 	конкретное		конкре'тное	 
 	конкретные		конкре'тные (м. р.), конкре'тныя (ж. р. и ср. р.)	 
 	конкретный		конкре'тный, конкре'тнаго	 
 	конкуренция		конкуре'нція	 
 	конкурс		ко'нкурсъ, на ко'нкурсѣ	 
 	коннетабль		коннета'бль, конета'бль (оди'нъ изъ вы'сшихъ сано'вниковъ францу'зской мона'рхіи)	 
 	конница		ко'нница, въ ко'нницѣ, ко'нницей	 
 	конногвардеец		конногварде'ецъ, конногварде'йцемъ, конногварде'йцевъ, о конногварде'йцѣ	 
 	конногвардейский		конногварде'йскій	 
 	конножелезная		конножелѣ'зная доро'га (ко'нка — городска'я желѣ'зная доро'га съ ко'нной тя'гой)	 
 	конные		ко'нные (м. р.), ко'нныя (ж. р. и ср. р.)	 
 	конопатить		конопа'тить	 
 	коноплёй		коноплёй	 
 	конопляный		конопля'ный	 
 	коносамент		коносаме'нтъ (докуме'нтъ о пріёмкѣ гру'за, выдава'емый отправи'телю при перево'зкѣ гру'за морски'мъ путёмъ)	 
 	консеквентный		консекве'нтный (послѣ'довательный)	 
 	консерватизм		консервати'змъ	 
 	консерватория		консервато'рія	 
 	консервы		консе'рвы	 
 	консилиум		конси'ліумъ	 
 	консистенция		консисте'нція	 
 	консистория		консисто'рія (учрежде'ніе съ администрати'вными и суде'бными фу'нкціями при епархіа'льномъ архіере'е), консисто'рское	 
 	конские		ко'нскіе (м. р.), ко'нскія (ж. р. и ср. р.)	 
 	конский		ко'нскій, ко'нскаго, ко'нское	 
 	консоме		консоме' (крѣ'пкій бульо'нъ изъ мя'са и'ли ди'чи)	 
 	конспект		конспе'ктъ, въ конспе'ктѣ	 
 	конспирация		конспира'ція	 
 	Константин		Константи'нъ	 
 	констатация		констата'ція (не константа'ція!)	 
 	констатирование		констати'рованіе (не константи'рованіе!)	 
 	констебль		констэ'бль (ни'зшій полице'йскій чи'нъ въ А'нгліи и Аме'рикѣ)	 
 	конституция		конститу'ція, конститу'ціей, конституціо'нное	 
 	консультация		консульта'ція, консульта'ціей	 
 	консультирование		консульти'рованіе, консульти'рованіемъ	 
 	консультируем		консульти'руемъ, консульти'руетъ, консульти'руешь	 
 	консьерж		консье'ржъ (швейца'ръ, привра'тникъ при до'мѣ)	 
 	контакт		конта'ктъ, въ конта'ктѣ (не вконта'ктѣ!)	 
 	контекст		конте'кстъ, въ конте'кстѣ	 
 	контент		конте'нтъ	 
 	контингент		континге'нтъ (совоку'пность люде'й, составля'ющихъ одноро'дную въ како'мъ-либо отноше'ніи гру'ппу)	 
 	континент		контине'нтъ	 
 	контора		конто'ра, въ конто'рѣ	 
 	конторские		конто'рскіе (м. р.), конто'рскія (ж. р. и ср. р.)	 
 	контр		контръ- (приста'вка, писа'лась че'резъ дефи'съ въ слова'хъ вое'нной тема'тики)	 
 	контрабанда		контраба'нда	 
 	контрабас		контраба'съ, рѣдк. ко'нтръ-ба'съ, на контраба'сѣ	 
 	контрагент		контраге'нтъ (ка'ждая изъ сторо'нъ въ догово'рѣ по отноше'нію другъ къ дру'гу)	 
 	контр-адмирал		контръ-адмира'лъ	 
 	контракт		контра'ктъ, въ контра'ктѣ, контрактёръ	 
 	контрактёр		контрактёръ	 
 	контрамарка		контрама'рка (тало'нъ на безпла'тное посѣще'ніе теа'тра, кинемато'графа)	 
 	контраст		контра'стъ, на контра'стѣ	 
 	контрастирует		контрасти'руетъ	 
 	контрастнее		контра'стнѣе	 
 	контрастного		контра'стнаго	 
 	контрастное		контра'стное	 
 	контрастные		контра'стные (м. р.), контра'стныя (ж. р. и ср. р.)	 
 	контратака		ко'нтръ-ата'ка, въ ко'нтръ-ата'кѣ	 
 	контроверза		контрове'рза (спо'ръ, разногла'сіе, противорѣ'чіе)	 
 	контроверсия		контрове'рсія (контрове'рза — спо'ръ, разногла'сіе, противорѣ'чіе)	 
 	контролёр		контролёръ	 
 	контролёрша		контролёрша	 
 	контроль		контро'ль, на контро'лѣ, подъ контро'лемъ	 
 	контрреволюция		ко'нтръ-револю'ція	 
 	конура		конура' и канура', въ конурѣ'	 
 	конфедератка		конфедера'тка (по'льская націона'льная ша'пка)	 
 	конфедерация		конфедера'ція (сою'зъ госуда'рствъ для реализа'ціи внѣ'шнихъ зада'чъ)	 
 	конференция		конфере'нція	 
 	конфессия		конфе'ссія (незави'симое отъ други'хъ религіо'зное направле'ніе)	 
 	конфета		конфе'та, конфе'ктъ, конфе'кта	 
 	конфетка		конфе'тка	 
 	конфетти		конфетти'	 
 	конфеты		конфе'ты, конфе'кты	 
 	конфидент		конфиде'нтъ (напе'рсникъ, довѣ'ренное лицо')	 
 	конфиденциально		конфиденціа'льно (не конфеденціа'льно!)	 
 	конфискация		конфиска'ція	 
 	конфорка		конфо'рка, камфо'рка	 
 	конфуз		конфу'зъ	 
 	конфузия		конфу'зія (замѣша'тельство)	 
 	Конфуций		Конфу'цій	 
 	концентрация		концентра'ція	 
 	концентрический		концентри'ческій	 
 	концептуализм		концептуали'змъ	 
 	концепция		конце'пція	 
 	концерт		конце'ртъ, на конце'ртѣ	 
 	концессия		конце'ссія	 
 	кончает		конча'етъ, конча'емъ, конча'ешь	 
 	кончается		конча'ется, конча'емся, конча'ешься	 
 	кончено		ко'нчено, ко'нченъ, ко'нчены, ко'нчена	 
 	кончина		кончи'на, о кончи'нѣ	 
 	конь		конь, на конѣ', коне'й, конёмъ	 
 	коньяк		конья'къ, на коньякѣ'	 
 	коньячные		конья'чные (м. р.), конья'чныя (ж. р. и ср. р.)	 
 	конъектура		конъекту'ра	 
 	конъюгаты		конъюга'ты	 
 	конъюнктив		конъюнкти'въ	 
 	конъюнктива		конъюнкти'ва, конъюнктиви'тъ	 
 	конъюнктура		конъюнкту'ра	 
 	конъюнкция		конъю'нкція	 
 	конюший		коню'шій (слуга', завѣ'дующій коню'шней, ко'нюхами; гла'вный ко'нюхъ)	 
 	конюшня		коню'шня, на коню'шнѣ (помѣще'ніе для содержа'нія лошаде'й)	 
 	кооперация		коопера'ція	 
 	копает		копа'етъ, копа'ете, копа'емъ, копа'ешь, копа'йте	 
 	копеек		копе'екъ (въ словаря'хъ), 5 копѣ'екъ (на моне'тахъ)	 
 	копеечка		копе'ечка, копе'ечка къ копе'ечкѣ	 
 	копеечного		копе'ечнаго	 
 	копеечное		копе'ечное	 
 	копеечные		копе'ечные (м. р.), копе'ечныя (ж. р. и ср. р.)	 
 	копеечный		копе'ечный, копе'ечнаго	 
 	копейка		копе'йка (въ словаря'хъ), 1 копѣ'йка (на моне'тахъ); копе'йка къ копе'йкѣ	 
 	копейки		копе'йки (въ словаря'хъ), 3 копѣ'йки (на моне'тахъ)	 
 	копейный		копе'йный	 
 	Копейск		Копе'йскъ	 
 	копейщик		копе'йщикъ	 
 	Копенгаген		Копенга'генъ	 
 	копёнка		копёнка	 
 	копёр		копёръ, копра', на копрѣ'	 
 	Коперник		Копе'рникъ	 
 	копёрщик		копёрщикъ	 
 	Копет-Даг		Копе'тъ-Дагъ	 
 	копёшка		копёшка	 
 	копи		ко'пи, ко'пей (рудни'къ)	 
 	копия		ко'пія, ко'пію, ко'піи, ко'піей	 
 	копнёт		копнётъ, копнёмъ, копнёшь	 
 	коптелка		коптѣ'лка	 
 	коптеть		коптѣ'ть (уси'дчиво рабо'тать, кропа'ть, си'дя на одно'мъ мѣ'стѣ)	 
 	копчёный		копчёный	 
 	копьё		копьё, копіё, на копьѣ'	 
 	копьём		копьёмъ	 
 	копьевидный		копьеви'дный, копьеви'днаго, копьеви'дное	 
 	копьеносец		копьено'сецъ, копьено'сцемъ, копьено'сцевъ	 
 	копьеносный		копьено'сный, копьено'снаго	 
 	копьецо		копьецо'	 
 	корабел		корабе'лъ	 
 	корабельник		корабе'льникъ и кора'бельникъ	 
 	корабельный		корабе'льный	 
 	корабельщик		корабе'льщикъ	 
 	кораблекрушение		кораблекруше'ніе	 
 	кораблём		кораблёмъ	 
 	корабленник		кора'бленникъ, кора'бельникъ (дре'вняя иностра'нная сере'бряная моне'та со зна'комъ ро'зы и корабля')	 
 	кораблестроение		кораблестрое'ніе	 
 	корабль		кора'бль	 
 	коралл		кора'ллъ	 
 	корвет		корве'тъ (трёхма'чтовый вое'нный морско'й кора'бль сре'днихъ размѣ'ровъ)	 
 	кордебалет		кордебале'тъ (арти'сты бале'та, исполня'ющіе ма'ссовые и групповы'е та'нцы)	 
 	кордегардия		кордега'рдія (помѣще'ніе для вое'ннаго карау'ла)	 
 	кордела		корде'ла (гру'бая шерстяна'я тка'нь)	 
 	Кордильеры		Корделье'ры	 
 	кордон		кордо'нъ	 
 	коревой		корево'й (отъ ко'рь)	 
 	кореец		коре'ецъ, коре'йцы, о коре'йцѣ, корея'нка	 
 	корёжить		корёжить	 
 	корейский		коре'йскій	 
 	Корела		Коре'ла (крѣ'пость въ Кексго'льмѣ, совр. Пріозе'рскъ)	 
 	корелы		коре'лы	 
 	кореляк		кореля'къ (каре'лъ, каре'льскій жи'тель)	 
 	коренастый		корена'стый, корена'стаго	 
 	коренник		коренни'къ	 
 	коренное		коренно'е	 
 	коренной		коренно'й, коренно'го	 
 	коренные		коренны'е (м. р.), коренны'я (ж. р. и ср. р.)	 
 	корень		ко'рень, въ ко'рнѣ, корне'й	 
 	коренье		коре'нье	 
 	кореньев		коре'ньевъ	 
 	корец		коре'цъ (ко'вшъ), ко'рецъ (мѣра)	 
 	корешок		коре'шокъ	 
 	Корея		Коре'я, Коре'ей, въ Коре'ѣ, коре'ецъ, корея'нка	 
 	кореянка		корея'нка, о корея'нкѣ, коре'ецъ	 
 	корзина		корзи'на, въ корзи'нѣ	 
 	кориандр		коріа'ндръ	 
 	коридор		коридо'ръ, въ коридо'рѣ	 
 	Коринф		Кори'нѳъ	 
 	коринфяне		коринѳя'не	 
 	корифей		корифе'й	 
 	коричневый		кори'чневый	 
 	корм		кормъ, корма', кормо'въ, о ко'рмѣ, на ко'рмѣ и на корму'	 
 	корма		корма', на кормѣ'	 
 	кормёжка		кормёжка	 
 	кормилец		корми'лецъ	 
 	кормление		кормле'ніе	 
 	кормового		кормово'го	 
 	кормовое		кормово'е	 
 	кормовые		кормовы'е (м. р.), кормовы'я (ж. р. и ср. р.)	 
 	корнать		корна'ть (стри'чь небре'жно, сли'шкомъ ко'ротко и'ли неро'вно)	 
 	корневище		корневи'ще	 
 	Корней		Корне'й	 
 	Корнель		Корне'ль	 
 	корнеплод		корнепло'дъ	 
 	корнерез		корнерѣ'зъ	 
 	корнет		корне'тъ (офице'рское зва'ніе въ кавале'ріи и войска'хъ пограни'чной стра'жи, соотвѣ'тствующее подпору'чику въ пѣхо'тѣ)	 
 	корнет-а-пистон		корне'тъ-а-писто'нъ (духово'й мѣ'дный музыка'льный инструме'нтъ)	 
 	Корнилий		Корни'лій	 
 	коробейник		коробе'йникъ (торго'вецъ, вразно'съ продава'вшій галантере'йные това'ры, ме'лкія ве'щи, необходи'мыя въ крестья'нскомъ быту')	 
 	коробить		коро'бить	 
 	корова		коро'ва	 
 	коровёнка		коровёнка	 
 	коровье		коро'вье	 
 	короед		короѣ'дъ	 
 	королева		короле'ва	 
 	Королёва		Королёва	 
 	королевич		короле'вичъ (сынъ короля', при'нцъ)	 
 	королевна		короле'вна (дочь короля', принце'сса)	 
 	королевство		короле'вство	 
 	королёк		королёкъ	 
 	королём		королёмъ	 
 	король		коро'ль	 
 	коромысло		коромы'сло	 
 	коронация		корона'ція	 
 	коронер		ко'ронеръ (спеціа'льный судья' разслѣ'дующій причи'ны сме'рти, происше'дшей при подозри'тельныхъ обстоя'тельствахъ)	 
 	короста		коро'ста (гно'йныя стру'пья на ко'жѣ)	 
 	коростель		коросте'ль (дерга'чъ, дергу'нъ — пти'ца)	 
 	коротенький		коро'тенькій	 
 	короткий		коро'ткій	 
 	короткошёрстный		короткошёрстный	 
 	короткошёрстый		короткошёрстый	 
 	короче		коро'че	 
 	корпеть		корпѣ'ть (кропотли'во и усе'рдно занима'ться каки'мъ-либо дѣ'ломъ)	 
 	корпия		ко'рпія (нащи'панныя изъ ста'рой полотня'ной тка'ни ни'тки, употребля'вшіяся вмѣ'сто ва'ты)	 
 	корпорация		корпора'ція	 
 	корпуленция		корпуле'нція (ту'чное тѣлосложе'ніе)	 
 	Корреджо		Корре'джіо	 
 	корректировать		корректи'ровать	 
 	корректирует		корректи'руетъ, корректи'руемъ, корректи'руешь	 
 	корректно		корре'ктно	 
 	корректного		корре'ктнаго	 
 	корректор		корре'кторъ	 
 	корректура		корректу'ра	 
 	корреляция		коррела'ція	 
 	корреспондент		корреспонде'нтъ	 
 	корреспонденция		корреспонде'нція	 
 	корреспондировать		корреспонди'ровать (соотвѣ'тствовать!)	 
 	корсаж		корса'жъ, корса'жемъ, въ корса'жѣ	 
 	корсет		корсе'тъ, въ корсе'тѣ	 
 	кортеж		корте'жъ, корте'жемъ, въ корте'жѣ	 
 	корточки		ко'рточки	 
 	Корчева		Корчева'	 
 	корчёванный		корчёванный	 
 	корчевать		корчева'ть	 
 	корчёвщик		корчёвщикъ	 
 	корчение		ко'рченіе	 
 	корчу		ко'рчу, ко'рчишь	 
 	корьё		корьё	 
 	корысть		коры'сть	 
 	корыто		коры'то, въ коры'тѣ	 
 	корытце		коры'тце, въ коры'тцѣ, коры'тцемъ	 
 	коряга		коря'га, на коря'гѣ	 
 	косвенно		ко'свенно	 
 	косвенного		ко'свеннаго	 
 	косвенное		ко'свенное	 
 	косвенные		ко'свенные (м. р.), ко'свенныя (ж. р. и ср. р.)	 
 	косвенный		ко'свенный, ко'свеннаго	 
 	косеканс		косе'кансъ	 
 	косёнка		косёнка	 
 	косеть		косѣ'ть	 
 	косец		косе'цъ, о косцѣ'	 
 	косинер		косине'ръ (ра'тникъ, вооружённый косо'й)	 
 	косить		коси'ть	 
 	косметика		косме'тика	 
 	косметический		космети'ческій	 
 	космический		косми'ческій	 
 	коснеть		коснѣ'ть, коснѣ'ніе (приходи'ть въ состоя'ніе засто'я, погряза'ть въ чёмъ-либо)	 
 	коснуться		косну'ться	 
 	косогор		косого'ръ, на косого'рѣ	 
 	косое		косо'е, косо'го	 
 	косые		косы'е (м. р.), косы'я (ж. р. и ср. р.)	 
 	костей		косте'й	 
 	костёл		костёлъ, въ костёлѣ	 
 	костенеть		костенѣ'ть	 
 	костёр		костёръ, на кострѣ'	 
 	костоеда		костоѣ'да (постепе'нное разруше'ніе ко'стной тка'ни въ результа'тѣ нѣ'которыхъ болѣ'зненныхъ проце'ссовъ)	 
 	кострец		костре'цъ (ни'жняя ча'сть крестца'; ча'сть мясно'й ту'ши — ве'рхняя ча'сть за'дней ля'жки)	 
 	Кострома		Кострома', въ Костромѣ	 
 	костюм		костю'мъ, въ костю'мѣ	 
 	костюмер		костюме'ръ	 
 	костюмерная		костюме'рная	 
 	костюмерный		костюме'рный	 
 	костюмерша		костюме'рша	 
 	котангенс		кота'нгенсъ	 
 	котёл		котёлъ, въ котлѣ'	 
 	котелок		котело'къ, въ котелкѣ'	 
 	котельная		коте'льная	 
 	Котельнич		Коте'льничъ	 
 	Котельный		Коте'льный (о'стровъ)	 
 	котёнок		котёнокъ	 
 	котёночек		котёночекъ	 
 	котерия		коте'рія (сплочённый кружо'къ, гру'ппа лицъ, преслѣ'дующая какі'я-либо своекоры'стныя цѣ'ли)	 
 	котище		коти'ще	 
 	котлета		котле'та	 
 	Котляревский		Котляре'вскій	 
 	котомка		кото'мка (доро'жная сума', носи'мая за плеча'ми)	 
 	которого		кото'раго	 
 	которое		кото'рое	 
 	которые		кото'рые (м. р.), кото'рыя (ж. р. и ср. р.)	 
 	который		кото'рый, кото'раго	 
 	котофей		котофе'й, котъ-котофе'ичъ	 
 	коттедж		коттэ'джъ, въ коттэ'джѣ, коттэ'джемъ	 
 	кофе		ко'фе и ко'фей и ко'фій, въ ко'фе	 
 	кофеварение		кофеваре'ніе	 
 	кофеварка		кофева'рка	 
 	кофеёк		кофеёкъ	 
 	кофеёчек		кофеёчекъ	 
 	кофеин		кофеи'нъ	 
 	кофей		ко'фей и ко'фе	 
 	кофейку		кофейку'	 
 	кофейник		кофе'йникъ	 
 	кофейница		кофе'йница	 
 	кофейного		кофе'йнаго	 
 	кофейные		кофе'йные (м. р.), кофе'йныя (ж. р. и ср. р.)	 
 	кофейный		кофе'йный	 
 	кофейня		кофе'йня, въ кофе'йнѣ, кофе'енъ	 
 	кофеман		кофема'нъ	 
 	кофеманка		кофема'нка	 
 	кофею		ко'фею и ко'фію и ко'фе	 
 	кофий		ко'фій и ко'фей и ко'фе	 
 	кофию		ко'фію и ко'фею и ко'фе	 
 	кофта		ко'фта	 
 	кофтёнка		кофтёнка	 
 	кочан		коча'нъ	 
 	кочевать		кочева'ть	 
 	кочёвка		кочёвка	 
 	кочевник		коче'вникъ	 
 	кочевой		кочево'й	 
 	кочевряжиться		кочевря'житься (упря'миться, лома'ться)	 
 	кочевье		коче'вье (станови'ще коче'вниковъ), на коче'вьѣ, коче'вья, коче'вій	 
 	кочевые		коче'вые (м. р.), коче'выя (ж. р. и ср. р.)	 
 	кочедык		кочеды'къ (инструме'нтъ для плете'нія лапте'й)	 
 	кочегар		кочега'ръ	 
 	коченеть		коченѣ'ть	 
 	кочерга		кочерга', кочерёгъ, на кочергѣ'	 
 	кочерёг		кочерёгъ (мн. отъ кочерга')	 
 	кочерма		кочерма' (туре'цкое однома'чтовое кабота'жное су'дно)	 
 	кочерыга		кочеры'га	 
 	кочерыжка		кочеры'жка	 
 	кочет		ко'четъ (пѣту'хъ, ку'ръ)	 
 	кочечка		ко'чечка	 
 	Кочубей		Кочубе'й	 
 	кошачий		коша'чій и ко'шечій	 
 	кошевой		кошево'й (нача'льникъ о'ргана войсково'го управле'нія запоро'жскихъ казако'въ)	 
 	кошелёк		кошелёкъ, въ кошелькѣ'	 
 	кошёлка		кошо'лка (плетёная су'мка, корзи'на), въ кошолкѣ'	 
 	кошель		коше'ль (небольшо'й мѣшо'къ, кошо'лка), въ кошелѣ'	 
 	кошениль		кошени'ль (насѣко'мыя, изъ кото'рыхъ добыва'ютъ кра'сную кра'ску карми'нъ)	 
 	кошение		коше'ніе	 
 	кошерный		коше'рный, коши'рный (въ іудаи'змѣ — коше'рная пи'ща — пригото'вленная въ соотвѣ'тствіи съ религіо'зными зако'нами), см. трефно'й	 
 	кошечка		ко'шечка	 
 	кощей		коще'й, каще'й	 
 	кощунственный		кощу'нственный	 
 	коэффициент		коэффиціе'нтъ	 
 	коя		ко'я (кото'рая, кака'я)	 
кр 	крадёмся		крадёмся	^
 	краденый		кра'деный, кра'денаго	 
 	крадёт		крадётъ	 
 	крадётся		крадётся	 
 	крадёшь		крадёшь	 
 	крадёшься		крадёшься	 
 	краевед		краевѣ'дъ, о краевѣ'дѣ	 
 	краеведение		краевѣ'дѣніе	 
 	краеведческий		краевѣ'дческій, краевѣ'дческаго	 
 	краевой		краево'й, краево'го	 
 	краеугольный		краеуго'льный (о'чень ва'жный, суще'ственный)	 
 	краешек		кра'ешекъ, на кра'ешкѣ	 
 	кража		кра'жа, при кра'жѣ, кра'жей	 
 	край		кра'й (кро'мка), на са'момъ краю', кра'емъ, кра'ешекъ	 
 	край		кра'й (мѣ'стность), въ сѣ'верномъ кра'ѣ, на пере'днемъ кра'ѣ, краёвъ, кра'емъ, краево'й, края'хъ	 
 	крайне		кра'йне	 
 	крайнего		кра'йняго	 
 	крайнее		кра'йнее	 
 	крайней		кра'йней (по кра'йней мѣ'рѣ)	 
 	крайнем		кра'йнемъ (въ кра'йнемъ слу'чае)	 
 	крайние		кра'йніе (м. р.), кра'йнія (ж. р. и ср. р.)	 
 	крайний		кра'йній, кра'йняго	 
 	кракелюр		кракелю'ръ, кракле'	 
 	кракле		кракле', кракелю'ръ	 
 	кралечка		кра'лечка, кра'ля (о краси'вой хорошо' одѣ'той, мане'рной же'нщинѣ)	 
 	крамольное		крамо'льное, крамо'льнаго	 
 	крамольные		крамо'льные (м. р.), крамо'льныя (ж. р. и ср. р.)	 
 	кранец		кра'нецъ (свѣ'шиваемые за бо'ртъ су'дна мя'гкіе предме'ты для смягче'нія уда'ровъ о при'стань)	 
 	крапива		крапи'ва и кропи'ва	 
 	краплёный		краплёный (мѣ'ченый шу'лерскимъ кра'помъ, нaпр. краплёныя игра'льныя ка'рты)	 
 	красавец		краса'вецъ, краса'вцемъ, о краса'вцѣ	 
 	красавица		краса'вица, краса'вицей, о краса'вицѣ	 
 	красавчик		краса'вчикъ, (не кроса'фчегъ :)	 
 	красен		кра'сенъ (краси'въ, хоро'шъ; до'лгъ платежо'мъ кра'сенъ)	 
 	красивее		краси'вѣе, краси'вѣйшій	 
 	красивенький		краси'венькій	 
 	красивого		краси'ваго	 
 	красивое		краси'вое	 
 	красивые		краси'вые (м. р.), краси'выя (ж. р. и ср. р.)	 
 	красивый		краси'вый, краси'ваго, краси'вѣе, краси'вѣйшій	 
 	краситель		краси'тель, краси'телемъ	 
 	краскотёр		краскотёръ	 
 	краснее		краснѣ'е, краснѣ'й	 
 	краснеет		краснѣ'етъ	 
 	краснеется		краснѣ'ется	 
 	красневший		краснѣ'вшій	 
 	краснейший		краснѣ'йшій	 
 	красненький		кра'сненькій	 
 	краснеть		краснѣ'ть	 
 	краснёхонек		краснёхонекъ	 
 	краснеют		краснѣ'ютъ	 
 	красногвардеец		красногварде'ецъ, красногварде'йцемъ, красногварде'йцевъ, о красногварде'йцѣ	 
 	краснодеревщик		краснодерёвщикъ	 
 	красное		кра'сное, кра'сный, кра'сная	 
 	Красное Село		Кра'сное село'	 
 	краснозём		краснозёмъ (плодоро'дная желѣ'зистая по'чва субтропи'ческой зо'ны)	 
 	краснолесье		краснолѣ'сье (хво'йный, преиму'щественно сосно'вый лѣ'съ)	 
 	краснопёрка		краснопёрка	 
 	красноречивое		краснорѣ'чивое	 
 	красноречивые		краснорѣ'чивые (м. р.), краснорѣ'чивыя (ж. р. и ср. р.)	 
 	красноречивый		краснорѣ'чивый, краснорѣ'чиваго	 
 	красноречие		краснорѣ'чіе, краснорѣ'чіемъ	 
 	краснощёкий		краснощёкій	 
 	красные		кра'сные (м. р.), кра'сныя (ж. р. и ср. р.)	 
 	красота		красота', въ красотѣ', мн. красо'ты	 
 	красотка		красо'тка, о красо'ткѣ	 
 	красуется		красу'ется, красу'етесь	 
 	кратер		кра'теръ, въ кра'терѣ, кра'терный	 
 	краткие		кра'ткіе (м. р.), кра'ткія (ж. р. и ср. р.)	 
 	краткий		кра'ткій, кра'ткаго, кра'ткое	 
 	кратковременный		кратковре'менный	 
 	кратчайшее		кратча'йшее	 
 	кратчайший		кратча'йшій, кратча'йшаго	 
 	крахмаление		крахма'леніе	 
 	краше		кра'ше	 
 	крашенина		крашени'на (гру'бая кра'шеная тка'нь дома'шняго изготовле'нія)	 
 	крашеный		кра'шеный	 
 	креатив		креати'въ, (не кріати'ффъ :)	 
 	креатин		креати'нъ	 
 	креатинин		креатини'нъ	 
 	креатура		креату'ра (че'й-либо ста'вленникъ)	 
 	креветка		креве'тка, (не криве'дко :)	 
 	кредит		креди'тъ, о креди'тѣ	 
 	кредитка		креди'тка	 
 	кредитные		креди'тные (м. р.), креди'тныя (ж. р. и ср. р.)	 
 	кредитный		креди'тный, креди'тнаго, креди'тное	 
 	кредитор		кредито'ръ, кредито'рскій	 
 	кредо		кре'до (взгля'ды, убѣжде'нія, осно'вы мировоззрѣ'нія)	 
 	Крез		Кре'зъ	 
 	Крёз		Крёзъ	 
 	крейсер		кре'йсеръ	 
 	крейцер		кре'йцеръ (стари'нная ме'лкая моне'та въ Евро'пѣ)	 
 	крем		кре'мъ	 
 	кремальера		кремалье'ра, кремалье'ръ (приспособле'ніе для пла'внаго и то'чнаго передвиже'нія ча'сти прибо'ра, механи'зма)	 
 	крематорий		кремато'рій	 
 	кремация		крема'ція	 
 	Кременец		Кремене'цъ	 
 	Кременчуг		Кременчу'гъ	 
 	кремень		креме'нь, кремня', кремни', кремне'й	 
 	кремлёвские		кремлёвскіе (м. р.), кремлёвскія (ж. р. и ср. р.)	 
 	кремлёвский		кремлёвскій, кремлёвскаго	 
 	кремлёвского		кремлёвскаго	 
 	кремлёвское		кремлёвское	 
 	кремль		кре'мль, въ кремлѣ'	 
 	кремнёвый		кремнёвый и кремнево'й, кремнёваго и кремнево'го	 
 	кремнезём		кремнезёмъ	 
 	кремний		кре'мній	 
 	кремниевый		кре'мніевый, кре'мніеваго	 
 	кремнистее		кремни'стѣе	 
 	кремнистый		кремни'стый и кре'мнистый (xим.)	 
 	кремовый		кре'мовый, кре'моваго	 
 	кремометр		кремо'метръ, лакто'метръ, галакто'метръ (прибо'ръ для опредѣле'нія ка'чества молока')	 
 	Кремона		Кремо'на	 
 	кремортартар		креморта'ртаръ (ви'нный ка'мень)	 
 	крен		кре'нъ, при кре'нѣ	 
 	кренгель		кре'нгель, кре'нгельсъ (ко'льца для бы'страго подъёма и спу'ска парусо'въ по ти'пу занавѣ'сы)	 
 	кренделёк		кренделёкъ	 
 	крендель		кре'ндель (сдо'бная вита'я бу'лка въ фо'рмѣ бу'квы «В»), кре'ндели, но кренделя'	 
 	кренделя		кренделя' (выпи'сывать кренделя' — дѣ'лать замыслова'тыя фигу'ры въ та'нцахъ)	 
 	крензель		кре'нзель (стеклорѣ'зный алма'зъ)	 
 	кренить		крени'ть	 
 	кренология		креноло'гія (уче'ніе о цѣле'бныхъ исто'чникахъ)	 
 	крень		кре'нь (измѣне'ніе строе'нія древеси'ны хво'йныхъ поро'дъ въ сжа'той зо'нѣ ствола' и су'чьевъ)	 
 	креозот		креозо'тъ (проду'ктъ перего'нки де'рева и'ли ка'меннаго угля', масляни'стая жи'дкость съ ѣ'дкимъ за'пахомъ)	 
 	креолин		креоли'нъ (тёмно-бу'рая жи'дкость съ за'пахомъ крезо'ловъ)	 
 	креолы		крео'лы (пото'мки европе'йскихъ колониза'торовъ, роди'вшіеся въ испа'нскихъ, португа'льскихъ и францу'зскихъ коло'ніяхъ Аме'рики)	 
 	креп		кре'пъ (гру'ппа тка'ней изъ ни'тей съ о'чень большо'й кру'ткой и спеціа'льнымъ переплете'ніемъ: крепдеши'нъ, кре'пъ-шифо'нъ, кре'пъ-жорже'тъ, кре'пъ-сати'нъ)	 
 	крепёж		крѣпёжъ	 
 	крепёжный		крѣпёжный	 
 	крепись		крѣпи'сь	 
 	крепитация		крепита'ція (осо'бый шумъ въ лёгкихъ при отёкѣ, воспале'ніи)	 
 	крепитесь		крѣпи'тесь	 
 	крепится		крѣ'пится	 
 	крепить		крѣпи'ть	 
 	крепиться		крѣпи'ться	 
 	крепкие		крѣ'пкіе (м. р.), крѣ'пкія (ж. р. и ср. р.)	 
 	крепкий		крѣ'пкій, крѣ'пкаго	 
 	крепко		крѣ'пко, крѣ'покъ	 
 	крепкого		крѣ'пкаго	 
 	крепкое		крѣ'пкое	 
 	крепко-накрепко		крѣ'пко-на'-крѣпко	 
 	крепление		крѣпле'ніе	 
 	креплёный		крѣплёный	 
 	крепнет		крѣ'пнетъ, крѣ'пнуть	 
 	крепон		крепо'нъ (пло'тная морщи'нистая шерстяна'я тка'нь чёрнаго цвѣ'та для тра'урныхъ пла'тьевъ)	 
 	крепостнический		крѣпостни'ческій, крѣпостни'ческаго	 
 	крепостного		крѣпостно'го	 
 	крепостное		крѣпостно'е (пра'во)	 
 	крепостной		крѣпостно'й, крѣпостно'го	 
 	крепостные		крѣпостны'е (м. р.), крѣпостны'я (ж. р. и ср. р.)	 
 	крепость		крѣ'пость, крѣпосте'й, крѣ'пости, крѣ'постью	 
 	крепчайшего		крѣпча'йшаго	 
 	крепчайшее		крѣпча'йшее	 
 	крепчайшие		крѣпча'йшіе (м. р.), крѣпча'йшія (ж. р. и ср. р.)	 
 	крепчайший		крѣпча'йшій, крѣпча'йшаго	 
 	крепчать		крѣпча'ть	 
 	крепче		крѣ'пче	 
 	крепыш		крѣпы'шъ	 
 	крепь		крѣ'пь	 
 	кресало		креса'ло (огни'во — стальна'я пласти'нка для высѣка'нія огня' изъ кре'мня)	 
 	кресельный		кре'сельный (кре'сельные ряды')	 
 	креслице		кре'слице, въ кре'слицѣ	 
 	кресло		кре'сло, въ кре'слѣ и въ кре'слахъ (Ива'нъ Васи'льевичъ удо'бно расположи'лся въ кре'слахъ), кре'сла (въ теа'трѣ)	 
 	кресс-салат		кре'ссъ-сала'тъ	 
 	крест		кре'стъ, на крестѣ'	 
 	крестец		кресте'цъ (кру'пная треуго'льная ко'сть, располо'женная въ основа'ніи позвоно'чника)	 
 	крестик		кре'стикъ	 
 	крестины		крести'ны (дома'шнее пра'зднество по слу'чаю креще'нія новорождённаго ребёнка)	 
 	крестить		крести'ть (соверша'ть обря'дъ креще'нія; движе'ніемъ пра'вой руки' изобража'ть кре'стъ)	 
 	крестник		кре'стникъ (крёстная дочь по отноше'нію къ воспріе'мникамъ)	 
 	крестница		кре'стница (крёстный сынъ по отноше'нію къ воспріе'мникамъ)	 
 	крестное		кре'стное (кре'стное зна'меніе)	 
 	крестный		кре'стный (кре'стный ходъ; кре'стное зна'меніе)	 
 	крёстный		крёстный, крёстная (оте'цъ, сынъ, мать, дочь, сестра', братъ)	 
 	крестовик		кресто'викъ (пау'къ)	 
 	Крестовоздвиженский		Крестовоздви'женскій (монасты'рь)	 
 	крестовый		кресто'вый	 
 	крестоносец		крестоно'сецъ (уча'стникъ кресто'ваго похо'да)	 
 	крестоцветный		крестоцвѣ'тный	 
 	Крестцы		Крестцы'	 
 	крестьяне		крестья'не	 
 	крестьянин		крестья'нинъ, крестья'не	 
 	крестьянка		крестья'нка	 
 	крестьянские		крестья'нскіе (м. р.), крестья'нскія (ж. р. и ср. р.)	 
 	крестьянский		крестья'нскій, крестья'нскаго	 
 	крестьянского		крестья'нскаго	 
 	кретин		крети'нъ	 
 	кретинизм		кретини'змъ	 
 	кретинка		крети'нка	 
 	кретон		крето'нъ (пло'тная жёсткая хлопча'то-бума'жная тка'нь изъ окра'шенной пря'жи)	 
 	Креуза		Креу'за	 
 	кречет		кре'четъ (хи'щная пти'ца изъ семе'йства соколи'ныхъ)	 
 	кречётник		кречётникъ (спеціали'стъ по соколи'ной охо'тѣ при ло'вчихъ кре'четахъ)	 
 	крещендо		креще'ндо, креше'ндо (въ му'зыкѣ — постепе'нное увеличе'ніе си'лы звуча'нія)	 
 	крещение		креще'ніе (одно' изъ важнѣ'йшихъ христіа'нскихъ та'инствъ, посре'дствомъ кото'раго человѣ'къ стано'вится чле'номъ Це'ркви)	 
 	Крещение		Креще'ніе, Креще'нье (пра'здникъ)	 
 	крещённый		крещённый	 
 	крещенский		креще'нскій	 
 	крещёный		крещёный, крещёнаго	 
 	кривее		кривѣ'е	 
 	кривейший		кривѣ'йшій	 
 	кривенький		кри'венькій	 
 	кривенько		кри'венько (уменьшит.), криве'нько (усилит.)	 
 	криветь		кривѣ'ть	 
 	кривого		криво'го	 
 	кривое		криво'е	 
 	кривой		криво'й, кри'въ, крива', кри'во, кри'вы, криво'го	 
 	Кривоколенный		Кривоколѣ'нный	 
 	криволинейный		криволине'йный, криволине'йнаго	 
 	кривуля		криву'ля, криву'лей, о криву'лѣ	 
 	кривые		кривы'е (м. р.), кривы'я (ж. р. и ср. р.)	 
 	крик		кри'къ, въ кри'кѣ	 
 	крикет		кри'кетъ, крикке'тъ (спорти'вная кома'ндная игра' съ мячо'мъ и би'тами)	 
 	крикливое		крикли'вое	 
 	крикливые		крикли'вые (м. р.), крикли'выя (ж. р. и ср. р.)	 
 	кристалл		криста'ллъ, въ криста'ллѣ	 
 	критерий		крите'рій	 
 	критик		кри'тикъ, о кри'тикѣ	 
 	критика		кри'тика, въ кри'тикѣ	 
 	критикесса		критике'сса	 
 	критический		крити'ческій	 
 	кровельный		кро'вельный	 
 	кровельщик		кро'вельщикъ	 
 	кровеносный		кровено'сный	 
 	кровообращение		кровообраще'ніе	 
 	кровопийца		кровопі'йца	 
 	кровоподтёк		кровоподтёкъ	 
 	кровосмешение		кровосмѣше'ніе	 
 	кровотечение		кровотече'ніе, при кровотече'ніи, кровотече'ніемъ	 
 	кровохлёбка		кровохлёбка	 
 	кровь		кровь, въ крови', дворя'нскихъ крове'й	 
 	кроение		крое'ніе	 
 	кроет		кро'етъ (крыть)	 
 	крокет		кроке'тъ (спорти'вная игра', уча'стники кото'рой уда'рами деревя'нныхъ молотко'въ прово'дятъ шары' че'резъ про'волочныя воро'тца)	 
 	Кромвель		Кро'мвель (Оливе'ръ)	 
 	кроме		кро'мѣ, кро'мѣ того'	 
 	кромешный		кромѣ'шный и кромѣ'шній	 
 	кромлех		кро'млехъ (дре'внее сооруже'ніе, изъ поста'вленныхъ по кру'гу вертика'льно въ зе'млю продолгова'тыхъ камне'й)	 
 	кронверк		кро'нверкъ (нару'жное вспомога'тельное крѣпостно'е укрѣпле'ніе, въ пла'нѣ имѣ'етъ ви'дъ коро'ны)	 
 	кроншнеп		кро'ншнепъ (пти'ца семе'йства бека'совыхъ)	 
 	Кронштадт		Кроншта'дтъ	 
 	кронштейн		кронште'йнъ, на кронште'йнѣ	 
 	кропление		кропле'ніе	 
 	кроссворд		кроссво'рдъ, въ кроссво'рдѣ	 
 	кротёнок		кротёнокъ	 
 	кроткий		кро'ткій	 
 	крошево		кро'шево и кро'шиво	 
 	крошеный		кро'шеный	 
 	крошёный		крошёный	 
 	крошечка		кро'шечка	 
 	крошечный		кро'шечный	 
 	круг		кругъ, въ кру'гѣ	 
 	круглее		круглѣ'е	 
 	кругленький		кру'гленькій	 
 	круглеть		круглѣ'ть	 
 	круглёшенек		круглёшенекъ	 
 	круглого		кру'глаго	 
 	круглое		кру'глое	 
 	круглощёкий		круглощёкій	 
 	круглые		кру'глые (м. р.), кру'глыя (ж. р. и ср. р.)	 
 	круговерть		кругове'рть (кругово'е безпоря'дочное движе'ніе, нaпр. снѣжи'нокъ)	 
 	кругосветное		кругосвѣ'тное	 
 	кругосветный		кругосвѣ'тный, кругосвѣ'тнаго	 
 	кружевница		кружевни'ца (торго'вка кружева'ми), круже'вница (пля'ска)	 
 	кружево		кру'жево и кру'живо	 
 	кружение		круже'ніе, круже'нье	 
 	кружечка		кру'жечка	 
 	кружек		кру'жекъ	 
 	Крузенштерн		Крузенште'рнъ	 
 	крупеник		крупени'къ, крупяни'къ (родъ круто'й ка'ши, пригото'вленной на ма'слѣ и я'йцахъ)	 
 	крупнее		крупнѣ'е, но кру'пненькій	 
 	крупнейший		крупнѣ'йшій, но кру'пненькій	 
 	крупненький		кру'пненькій, но крупнѣ'йшій	 
 	крупное		кру'пное	 
 	крупнозернистый		крупнозерни'стый	 
 	крупнозёрный		крупнозёрный	 
 	крупные		кру'пные (м. р.), кру'пныя (ж. р. и ср. р.)	 
 	крупный		кру'пный, крупнѣ'е, крупнѣ'йшій, кру'пнаго, но кру'пненькій	 
 	крупье		крупье' (слу'жащій иго'рнаго до'ма, распоряди'тель игры' и банкомётъ)	 
 	крутанёт		крутанётъ	 
 	крутень		круте'нь (февра'ль; скру'ченный жгу'тъ соло'мы для ро'зжига печи', перевя'зки ко'пенъ)	 
 	крутенек		круте'некъ, круте'нько	 
 	крутите		крути'те и кру'тите, крути'тесь и кру'титесь	 
 	крутнёт		крутнётъ	 
 	крутобёдрая		крутобёдрая	 
 	крутого		круто'го	 
 	крутое		круто'е	 
 	крутые		круты'е (м. р.), круты'я (ж. р. и ср. р.)	 
 	круче		кру'че и крутѣ'е, крутѣ'ть, крутѣ'ешь	 
 	кручение		круче'ніе	 
 	крученый		кру'ченый	 
 	кручёный		кручёный	 
 	крушение		круше'ніе	 
 	крыжевый		кры'жевый (крыжъ — крестообра'зный зна'къ, мѣ'тка)	 
 	крыжовник		крыжо'вникъ	 
 	крылечко		крыле'чко, на крыле'чкѣ	 
 	крыльцо		крыльцо', на крыльцѣ', крыле'чко	 
 	крымец		кры'мецъ, кры'мцевъ, кры'мцемъ	 
 	крымские		кры'мскіе (м. р.), кры'мскія (ж. р. и ср. р.)	 
 	крымское		кры'мское, кры'мскій, кры'мскаго	 
 	крымчане		крымча'не	 
 	крынка		кры'нка и кри'нка (гли'няный сосу'дъ съ широ'кимъ го'рломъ для молока'), въ кры'нкѣ	 
 	крысёнок		крысёнокъ	 
 	крыша		кры'ша, на кры'шѣ, кры'шей	 
 	крючок		крючо'къ, на крючкѣ'	 
 	кряду		къ ря'ду	 
 	кряжевой		кряжево'й, кря'жевый (крѣ'пкій, несокруши'мый, цѣ'льный)	 
 	кряхтеть		кряхтѣ'ть и крехтѣ'ть	 
кс 	Ксаверий		Ксаве'рій	^
 	Ксантиппа		Ксанти'ппа и Ксанѳи'ппа	 
 	Ксанф		Кса'нѳъ, Кса'нѳій	 
 	Ксанфий		Кса'нѳій	 
 	Ксанфиппа		Ксанѳи'ппа	 
 	ксёндз		ксёндзъ (по'льскій католи'ческій свяще'нникъ)	 
 	Ксения		Ксе'нія, Акси'нья	 
 	ксенография		ксеногра'фія	 
 	Ксенофонт		Ксенофо'нтъ	 
 	Ксеркс		Ксе'рксъ	 
 	ксерокс		ксе'роксъ	 
 	ксерофиты		ксерофи'ты (расте'нія сухи'хъ мѣстообита'ній)	 
 	кстати		кста'ти	 
кт 	ктенофоры		ктенофо'ры (гребневики' — типъ морски'хъ безпозвоно'чныхъ живо'тныхъ)	^
 	кто-другой		кто-друго'й	 
 	кто-нибудь		кто'-нибудь	 
 	кто-то		кто'-то	 
ку 	куафёр		куафёръ (парикма'херъ)	^
 	Кубарев		Ку'баревъ	 
 	Кубарёв		Кубарёвъ	 
 	кубарем		ку'баремъ (кати'ться)	 
 	кубарём		кубарёмъ (вертѣ'ться), куба'рь — волчо'къ	 
 	Кубенское		Ку'бенское (о'зеро)	 
 	кубический		куби'ческій	 
 	кубометр		кубоме'тръ (куби'ческій ме'тръ), въ кубоме'трѣ	 
 	куверт		куве'ртъ (столо'вый прибо'ръ, обы'чно для зва'ныхъ обѣ'довъ) — уcтap.	 
 	кувыркнётся		кувыркнётся	 
 	кувырнётся		кувырнётся	 
 	куда бы то ни было		куда' бы то ни' было, куда' ни, куда' бы ни	 
 	куда-ж		куда'-жъ	 
 	куда-нибудь		куда'-нибудь	 
 	куда-то		куда'-то	 
 	кудель		куде'ль (волокно' льна, пе'ньки, обрабо'танное для приготовле'нія пря'жи)	 
 	кудесник		куде'сникъ (волше'бникъ, колду'нъ, во'лхвъ)	 
 	кудеяр		кудея'ръ (легенда'рный разбо'йникъ, персона'жъ ру'сскаго фолькло'ра)	 
 	кудреватый		кудрева'тый	 
 	Кудрявцев		Кудря'вцевъ	 
 	куём		куёмъ	 
 	куёт		куётъ	 
 	куёшь		куёшь	 
 	кузен		кузе'нъ, о кузе'нѣ (двою'родный бра'тъ)	 
 	кузина		кузи'на, о кузи'нѣ (двою'родная сестра')	 
 	кузнец		кузне'цъ, о кузнецѣ', кузнецо'мъ	 
 	Кузнецк		Кузне'цкъ	 
 	Кузнецов		Кузнецо'въ	 
 	кузнечик		кузне'чикъ	 
 	кузнечного		кузне'чнаго	 
 	кузнечное		кузне'чное	 
 	кузнечные		кузне'чные (м. р.), кузне'чныя (ж. р. и ср. р.)	 
 	кузнечный		кузне'чный, кузне'чнаго	 
 	кузница		ку'зница, на ку'зницѣ, ку'зницей	 
 	кузня		ку'зня (ку'зница), на ку'знѣ, ку'зенъ, ку'зней	 
 	Кузьма		Кузьма' и Козьма', Кузьми'нична и Козьми'нична	 
 	Кузьминична		Кузьми'нична и Козьми'нична	 
 	кукарекать		кукаре'кать	 
 	кукуевщина		куку'евщина (о кру'пныхъ катастро'фахъ, безпоря'дкахъ на желѣ'зныхъ доро'гахъ)	 
 	кукушка		куку'шка, куку'шекъ, куку'шечій	 
 	кукушечий		куку'шечій	 
 	кукушонок		кукушо'нокъ (не кукушёнокъ!)	 
 	кулачество		кула'чество (зажи'точные крестья'не, получи'вшіе доста'токъ на закабале'ніи свои'хъ односельча'нъ)	 
 	кулачок		кулачо'къ	 
 	кулачьё		кулачьё (кула'чество)	 
 	кулебяка		кулебя'ка (у'зкій высо'кій пиро'гъ съ больши'мъ коли'чествомъ начи'нки изъ ры'бы, мя'са, капу'сты, ка'ши)	 
 	кулёк		кулёкъ	 
 	кулёма		кулёма (нело'вкій и'ли неумѣ'лый человѣ'къ, обы'чно же'нскаго по'ла)	 
 	кулёчек		кулёчекъ	 
 	культового		ку'льтоваго	 
 	культовое		ку'льтовое	 
 	культовые		ку'льтовые (м. р.), ку'льтовыя (ж. р. и ср. р.)	 
 	культурнее		культу'рнѣе	 
 	культурного		культу'рнаго	 
 	культурное		культу'рное	 
 	культурные		культу'рные (м. р.), культу'рныя (ж. р. и ср. р.)	 
 	культуртрегер		культуртре'геръ (ирoн. просвѣти'тель)	 
 	куманёк		куманёкъ (кумъ — крёстный оте'цъ по отноше'нію къ роди'телямъ кре'стника и его' крёстной ма'тери)	 
 	кумекать		куме'кать	 
 	кумир		куми'ръ	 
 	кунсткамера		кунстка'мера	 
 	Куопио		Куо'піо	 
 	купание		купа'ніе	 
 	купе		купе', въ купе'	 
 	купель		купе'ль	 
 	купец		купе'цъ, о купцѣ'	 
 	купеческие		купе'ческіе (м. р.), купе'ческія (ж. р. и ср. р.)	 
 	купеческий		купе'ческій, купе'ческаго	 
 	купеческого		купе'ческаго	 
 	купеческое		купе'ческое	 
 	купечество		купе'чество	 
 	купите		купи'те и ку'пите	 
 	куплен		ку'пленъ	 
 	куплет		купле'тъ, въ купле'тѣ	 
 	Куприян		Купрія'нъ (рaзг. oтъ Кипріа'нъ)	 
 	кураженье		кура'женье	 
 	кураре		кураре' (си'льный расти'тельный ядъ, содержа'щій стрихни'нъ)	 
 	курбет		курбе'тъ (прыжо'къ, скачо'къ, замыслова'тое па; неожи'данная вы'ходка)	 
 	курдонёр		курдонёръ (ограни'ченный гла'внымъ ко'рпусомъ и боковы'ми флигеля'ми пара'дный дво'ръ пе'редъ зда'ніемъ)	 
 	курево		ку'рево и ку'риво	 
 	курение		куре'ніе	 
 	куренной		куренно'й (атама'нъ)	 
 	курёнок		курёнокъ	 
 	курень		куре'нь (вое'нный ста'нъ отдѣ'льной ча'сти запоро'жскаго во'йска)	 
 	куриное		кури'ное	 
 	куриные		кури'ные (м. р.), кури'ныя (ж. р. и ср. р.)	 
 	курительный		кури'тельный, кури'тельнаго	 
 	курица		ку'рица, съ ку'рицей, о ку'рицѣ; ку'рицынъ сынъ	 
 	Курицын		Ку'рицынъ	 
 	курия		ку'рія (въ Ри'мской Импе'ріи — сена'тъ, управля'ющій го'родомъ)	 
 	курнём		курнёмъ	 
 	курнёт		курнётъ	 
 	курнёшь		курнёшь	 
 	куроед		куроѣ'дъ (взя'точникъ)	 
 	куролесить		куроле'сить (озорнича'ть, прока'зничать, буя'нить), куроле'сите	 
 	курослеп		курослѣ'пъ (наро'дное назва'ніе лю'тика — кури'ная слѣпота')	 
 	курпея		курпе'я, курпе'й (овчи'на ягнёнка; мерлу'шка, сму'шка)	 
 	курчонок		курчонокъ	 
 	курьёзный		курьёзный и куріо'зный	 
 	курьер		курье'ръ	 
 	кусается		куса'ется	 
 	кусанёт		кусанётъ	 
 	куснёт		куснётъ	 
 	кусок		кусо'къ, въ кускѣ'	 
 	кусочек		кусо'чекъ, въ кусо'чкѣ	 
 	кустарём		кустарёмъ	 
 	кустарен		куста'ренъ	 
 	кустарник		куста'рникъ, въ куста'рникѣ	 
 	кустарничек		куста'рничекъ (куста'рникъ)	 
 	кустарничество		куста'рничество	 
 	кустарное		куста'рное	 
 	кустарные		куста'рные (м. р.), куста'рныя (ж. р. и ср. р.)	 
 	кустарь		куста'рь, кустарёмъ, о кустарѣ'	 
 	кутёж		кутёжъ (больша'я шу'мная попо'йка)	 
 	кутейникъ		куте'йникъ (шу'точное про'звище церко'вниковъ, приче'тниковъ — намёкъ на кутью' при поми'нкахъ)	 
 	кутейный		куте'йный	 
 	кутёнок		кутёнокъ (щено'къ)	 
 	кутерьма		кутерьма' (безпоря'докъ, сумато'ха, сумя'тица)	 
 	кутнём		кутнёмъ	 
 	куттер		ку'ттеръ (однома'чтовый па'русный кора'бль)	 
 	кутьёй		кутьёй	 
 	кухмистер		кухми'стеръ (по'варъ; содержа'тель небольшо'го рестора'на, заку'сочной, тракти'ра)	 
 	кухня		ку'хня, мн. ч. р. п. ку'хонь, на ку'хнѣ	 
 	куцего		ку'цаго	 
 	куцее		ку'цее	 
 	куценький		ку'ценькій, ку'ценькаго	 
 	куцые		ку'цые (м. р.), ку'цыя (ж. р. и ср. р.)	 
 	куцый		ку'цый, ку'цъ, ку'ца, ку'це, ку'цы	 
 	кучёвка		кучёвка	 
 	кучевой		кучево'й, кучево'го	 
 	кучевые		кучевы'е (м. р.), кучевы'я (ж. р. и ср. р.)	 
 	кученье		ку'ченье (собира'ніе въ ку'чу)	 
 	кученье		куче'нье (отъ кути'ть)	 
 	кучер		ку'черъ, о ку'черѣ	 
 	кучерёнок		кучерёнокъ	 
 	кучерявый		кучеря'вый	 
 	кушанье		ку'шанье, ку'шаній	 
 	кушетка		куше'тка	 
 	кушеточка		куше'точка	 
кч 	к чему		къ чему'	^
 	к чёрту		къ чо'рту!	 
кю 	кюве		кюве'	^
 	кювез		кюве'зъ	 
 	кювет		кюве'тъ	 
 	кювета		кюве'та	 
 	Кювье		Кювье'	 
 	Кюмень		Кюме'нь	 
 	кюммель		кю'ммель (сла'дкая ани'совая во'дка съ припра'вами)	 
 	Кюстендже		Кюстендже'	 
 	Кюхельбекер		Кюхельбе'керъ	 
 	кюре		кюре' (католи'ческій прихо'дскій свяще'нникъ)