оа 	оазис		оа'зисъ, въ оа'зисѣ	^
 	Оаннес		Оа'ннесъ	 
об 	об		объ, о'бо	^
 	оба		о'ба (м. р. и ср. р.) не обо'и!, обо'ихъ, обо'имъ, обо'ими, объ обо'ихъ	 
 	обабление		оба'бленіе, оба'бленье (о мужчи'нѣ — стать ме'лочнымъ, безхара'ктернымъ; о же'нщинѣ — стать по'шлой, огрубѣ'ть, опусти'ться), оба'биться	 
 	обагрён		обагрёнъ	 
 	обагрение		обагре'ніе	 
 	обагрённый		обагрённый	 
 	обалдеет		обалдѣ'етъ, обалдѣ'емъ, обалдѣ'ешь, обалдѣ'ютъ, обалдѣ'ли, обалдѣ'лъ, обалдѣ'ла, обалдѣ'ло	 
 	обалделый		обалдѣ'лый, обалдѣ'лаго	 
 	обалдеть		обалдѣ'ть, обалдѣва'ть	 
 	обаяние		обая'ніе	 
 	обаятелен		обая'теленъ	 
 	обаятельный		обая'тельный	 
 	оббегать		оббѣга'ть	 
 	оббежать		оббѣжа'ть	 
 	обваленный		обва'ленный	 
 	обваренный		обва'ренный	 
 	обведём		обведёмъ	 
 	обведение		обведе'ніе	 
 	обведённый		обведённый	 
 	обведёшь		обведёшь	 
 	обвезённый		обвезённый	 
 	обвёзший		обвёзшій	 
 	обвёл		обвёлъ	 
 	обвенчаться		обвѣнча'ться	 
 	обвернёшь		обвернёшь	 
 	обвернуть		обверну'ть	 
 	обвёрнутый		обвёрнутый	 
 	обвертеть		обвертѣ'ть	 
 	обвес		обвѣ'съ	 
 	обвесить		обвѣ'сить (недовѣ'сить; обвѣ'шать)	 
 	обвеситься		обвѣ'ситься (обвѣ'шиваться; обвѣ'шаться)	 
 	обвести		обвести'	 
 	обветренный		обвѣ'тренный	 
 	обветшалый		обветша'лый	 
 	обвешанный		обвѣ'шанный	 
 	обвешать		обвѣ'шать (увѣ'шать со всѣ'хъ сторо'нъ)	 
 	обвешаться		обвѣ'шаться (увѣ'шать себя' чѣ'мъ-либо)	 
 	обвешенный		обвѣ'шенный (обвѣ'сить)	 
 	обвешённый		обвѣшённый (обвѣши'ть)	 
 	обвешивать		обвѣ'шивать (обвѣ'сить; обвѣ'шать; обвѣши'ть)	 
 	обвешиваться		обвѣ'шиваться (обвѣ'сить; обвѣ'ситься)	 
 	обвешить		обвѣши'ть (обста'вить вѣ'хами)	 
 	обвеянный		обвѣ'янный	 
 	обвинение		обвине'ніе	 
 	обвинённый		обвинённый, обвинённаго	 
 	обвиняемый		обвиня'емый, обвиня'емаго	 
 	обвиняет		обвиня'етъ, обвиня'ется	 
 	обводнение		обводне'ніе	 
 	обводнённый		обводнённый	 
 	обворожение		обвороже'ніе	 
 	обворожённый		обворожённый	 
 	обгаженный		обга'женный	 
 	обглядел		обглядѣ'лъ	 
 	обгляделся		обглядѣ'лся	 
 	обглядеть		обглядѣ'ть	 
 	обглядеться		обглядѣ'ться	 
 	обговорённый		обговорённый	 
 	обгорать		обгора'ть	 
 	обгоревший		обгорѣ'вшій	 
 	обгорелый		обгорѣ'лый	 
 	обгрызёшь		обгрызёшь	 
 	обдаёшься		обдаёшься	 
 	обделанный		обдѣ'ланный	 
 	обделённый		обдѣлённый	 
 	обделаться		обдѣ'латься	 
 	обделка		обдѣ'лка (отдѣ'лка, опра'ва; облицо'вка подзе'мнаго сооруже'нія)	 
 	обдёрганный		обдёрганный	 
 	обдерёт		обдерётъ	 
 	обдерут		обдеру'тъ (какъ ли'пку)	 
 	обдернённый		обдернённый	 
 	обдёрнутый		обдёрнутый	 
 	обдурённый		обдурённый	 
 	обе		о'бѣ (ж. р.) не обѣ'и!, обѣ'ихъ, обѣ'имъ, обѣ'ими, объ обѣ'ихъ	 
 	обегать		обѣга'ть	 
 	обед		обѣ'дъ, на обѣ'дѣ	 
 	обедает		обѣ'даетъ, обѣ'даемъ, обѣ'даешь, обѣ'даютъ	 
 	обедать		обѣ'дать	 
 	обеднеть		обѣднѣ'ть (сдѣ'латься бѣ'днымъ), но обѣдни'ть (сдѣ'лать бѣднѣ'е)	 
 	обедневший		обѣднѣ'вшій (обѣднѣ'ть)	 
 	обеднённый		обѣднённый (обѣдни'ть)	 
 	обеднить		обѣдни'ть (сдѣ'лать бѣднѣ'е), но обѣднѣ'ть (сдѣ'латься бѣ'днымъ)	 
 	обедня		обѣ'дня (богослуже'ніе, соверша'емое у'тромъ и'ли въ пе'рвую полови'ну дня; литургі'я), къ обѣ'днѣ	 
 	обежать		обѣжа'ть	 
 	обезглавить		обезгла'вить	 
 	обездвижен		обездви'женъ	 
 	обездоленный		обездо'ленный	 
 	обеззараживание		обеззара'живаніе	 
 	обезличенный		обезли'ченный	 
 	обезлюдеть		обезлю'дѣть, обезлю'дѣетъ (стать безлю'днымъ)	 
 	обезнадёжить		обезнадёжить	 
 	обезображенный		обезобра'женный	 
 	обезопасить		обезопа'сить	 
 	обезоруженный		обезору'женный	 
 	обезумевшего		обезу'мѣвшаго	 
 	обезумевшее		обезу'мѣвшее	 
 	обезумевши		обезу'мѣвши	 
 	обезумевшие		обезу'мѣвшіе (м. р.), обезу'мѣвшія (ж. р. и ср. р.)	 
 	обезумевший		обезу'мѣвшій, обезу'мѣвшаго	 
 	обезумеет		обезу'мѣетъ	 
 	обезумеешь		обезу'мѣешь	 
 	обезумел		обезу'мѣлъ, обезу'мѣла, обезу'мѣли	 
 	обезуметь		обезу'мѣть, обезу'мѣетъ	 
 	обезумею		обезу'мѣю	 
 	обезьяна		обезья'на	 
 	обеим		обѣ'имъ	 
 	обеими		обѣ'ими	 
 	обеих		обѣ'ихъ	 
 	обеление		обѣле'ніе	 
 	обелённый		обѣлённый	 
 	обелиск		обели'скъ	 
 	обелить		обѣли'ть	 
 	оберег		о'берегъ и обере'гъ (предме'тъ, талисма'нъ, спосо'бный, по суевѣ'рнымъ представле'ніямъ, охрани'ть отъ ра'зныхъ бѣ'дствій)	 
 	оберегать		оберега'ть	 
 	оберёгшийся		оберёгшійся	 
 	обережённый		обережённый	 
 	оберечь		обере'чь	 
 	оберёшься		оберёшься	 
 	обернётесь		обернётесь	 
 	обернуться		оберну'ться, обернётся	 
 	Оберон		Оберо'нъ	 
 	обёртка		обёртка	 
 	обертон		оберто'нъ (дополни'тельный гармони'ческій при'звукъ, входя'щій въ соста'въ любо'го музыка'льнаго зву'ка)	 
 	обёрточный		обёрточный	 
 	оберукий		обѣру'кій (ободеснору'кій, владѣ'ющій ра'вно обѣ'ими рука'ми — не правша' то'лько, и'ли лѣвша')	 
 	оберучить		обѣру'чить (вы'учитъ на о'бѣ руки' рабо'тать)	 
 	обер-церемониймейстер		о'беръ-церемонійме'йстеръ (придво'рный чи'нъ, вѣ'далъ процеду'рной стороно'й придво'рныхъ церемо'ній)	 
 	обескровленный		обезкро'вленный	 
 	обескуражить		обезкура'жить (лиши'ть увѣ'ренности въ себѣ', привести' въ состоя'ніе расте'рянности)	 
 	обеспамятеть		обезпа'мятѣть	 
 	обеспечение		обезпе'ченіе (не обезпече'ніе)	 
 	обеспечить		обезпе'чить, обезпе'ченный	 
 	обесплодить		обезпло'дить	 
 	обеспокоить		обезпоко'ить	 
 	обессилеть		обезси'лѣть (прійти' въ безси'ліе)	 
 	обессилить		обезси'лить (лиши'ть силъ)	 
 	обесславить		обезсла'вить	 
 	обессмертить		обезсме'ртить	 
 	обессудить		обезсу'дить	 
 	обессудь		не обезсу'дь	 
 	обессудьте		не обезсу'дьте	 
 	обессуживание		обезсу'живаніе	 
 	обесцветить		обезцвѣ'тить	 
 	обесцениться		обезцѣ'ниться	 
 	обесчестить		обезче'стить	 
 	обет		обѣ'тъ	 
 	обетование		обѣтова'ніе	 
 	обетованная		обѣтова'нная (Земля' обѣтова'нная — Палести'на; земля' обѣтова'нная — мѣ'сто, страна', куда' стра'стно стремя'тся)	 
 	обетованный		обѣтова'нный (о благода'тномъ мѣ'стѣ, где цари'тъ сча'стье; о долгожда'нномъ приста'нищѣ)	 
 	обетонировать		обетони'ровать	 
 	обечайка		обеча'йка (бокова'я ча'сть ко'рпуса музыка'льныхъ инструме'нтовъ)	 
 	обещает		обѣща'етъ, обѣща'емъ, обѣща'ешь, обѣща'ютъ	 
 	обещаете		обѣща'ете	 
 	обещал		обѣ'щалъ, обѣ'щала, обѣ'щали	 
 	обещан		обѣ'щанъ, обѣ'щана, обѣ'щаны, обѣ'щано	 
 	обещание		обѣща'ніе, обѣща'ніемъ	 
 	обещания		обѣща'нія, обѣща'ніями	 
 	обещанного		обѣ'щаннаго	 
 	обещанное		обѣ'щанное	 
 	обещанные		обѣ'щанные (м. р.), обѣ'щанныя (ж. р. и ср. р.)	 
 	обещанный		обѣ'щанный, обѣ'щаннаго	 
 	обещать		обѣща'ть	 
 	обещаться		обѣща'ться	 
 	обжёванный		обжёванный	 
 	обжёгший		обжёгшій	 
 	обжёгшись		обжёгшись	 
 	обжечь		обже'чь	 
 	обжечься		обже'чься	 
 	обживётся		обживётся	 
 	обжора		обжо'ра	 
 	обзаведение		обзаведе'ніе	 
 	обзаведёшься		обзаведёшься	 
 	обзовёшь		обзовёшь	 
 	обида		обида, въ оби'дѣ	 
 	обидел		оби'дѣлъ, оби'дѣли, оби'дѣла, но оби'денъ, оби'женъ	 
 	обиден		оби'денъ, оби'женъ но оби'дѣть	 
 	обидеть		оби'дѣть но оби'дитъ, оби'дно, но оби'денъ, оби'женъ	 
 	обидеться		оби'дѣться но оби'дится	 
 	обидит		оби'дитъ но оби'дѣть	 
 	обидится		оби'дится но оби'дѣться	 
 	обижает		обижа'етъ, обижа'емъ, обижа'ешь	 
 	обижается		обижа'ется, обижа'емся, обижа'ешься	 
 	обижен		оби'женъ, оби'женный, оби'денъ но оби'дѣть	 
 	обижены		оби'жены, оби'женныхъ	 
 	обиженные		оби'женные (м. р.), оби'женныя (ж. р. и ср. р.)	 
 	обиженный		оби'женный, оби'женнаго	 
 	обилие		оби'ліе	 
 	обирать		обира'ть	 
 	обитаемое		обита'емое	 
 	обитаемые		обита'емые (м. р.), обита'емыя (ж. р. и ср. р.)	 
 	обитаемый		обита'емый, обита'емаго	 
 	обитает		обита'етъ	 
 	обитание		обита'ніе	 
 	обитания		обита'нія	 
 	обитатель		обита'тель	 
 	обитель		оби'тель (жили'ще; монасты'рь)	 
 	обиходный		обихо'дный (обы'денный, повседне'вный, употребля'емый въ обихо'дѣ)	 
 	обкладенный		обкла'денный	 
 	обклёванный		обклёванный	 
 	обклеенный		обкле'енный	 
 	обклеить		обкле'ить	 
 	обклюёт		обклюётъ	 
 	обкраденный		обкра'денный, обокра'денный	 
 	обкрадёшь		обкрадёшь	 
 	облагаемый		облага'емый	 
 	облагодетельствовать		облагодѣ'тельствовать	 
 	облагороженный		облагоро'женный	 
 	обладает		облада'етъ	 
 	обладатель		облада'тель, облада'тельница	 
 	облако		о'блако, на о'блакѣ	 
 	областные		областны'е (м. р.), областны'я (ж. р. и ср. р.)	 
 	область		о'бласть, областно'го, областно'е, областе'й	 
 	облачается		облача'ется	 
 	облачение		облаче'ніе, облачи'ться	 
 	облачённый		облачённый	 
 	облачное		о'блачное	 
 	облёванный		облёванный	 
 	облёг		облёгъ	 
 	облегание		облега'ніе	 
 	облегать		облега'ть, но облига'ція, но аблега'ція	 
 	облегчение		облегче'ніе	 
 	облегчённый		облегчённый	 
 	облёгший		облёгшій	 
 	обледенелый		обледенѣ'лый	 
 	обледенение		обледенѣ'ніе	 
 	облежаться		облежа'ться	 
 	облёживать		облёживать	 
 	облезать		облѣза'ть	 
 	облезлый		облѣ'злый	 
 	облезть		облѣ'зть	 
 	облёк		облёкъ	 
 	облекать		облека'ть	 
 	облёкший		облёкшій	 
 	облениться		облѣни'ться	 
 	облесённый		облѣсённый	 
 	облётанный		облётанный	 
 	облетать		облета'ть	 
 	облететь		облетѣ'ть	 
 	облечённый		облечённый (вла'стью)	 
 	облечёшься		облечёшься	 
 	облечь		обле'чь (облега'ть), обля'гу, обля'жетъ, обля'гутъ, облёгъ, облегла', обля'гъ	 
 	облечь		обле'чь (одѣ'ть), облеку', облечётъ, облеку'тъ, облёкъ, облекла', облеки'	 
 	облечься		обле'чься (одѣ'ться), облеку'сь, облечётся, облеку'тся, облёкся, облекла'сь, облеки'сь	 
 	облепить		облѣпи'ть	 
 	облепиха		облѣпи'ха	 
 	облигация		облига'ція, но аблега'ція, но облега'ть	 
 	облизнёшься		облизнёшься	 
 	облицевать		облицева'ть	 
 	обличает		облича'етъ, облича'ете, облича'емъ, облича'ешь, облича'ютъ	 
 	обличающий		облича'ющій	 
 	обличение		обличе'ніе	 
 	обличённый		обличённый	 
 	обличье		обли'чье (о'бликъ) не обли'чіе!, обли'чій, обли'чьемъ, обли'чья, въ обли'чьѣ во'лка (не въ обли'чьи! и не въ обли'чіи!)	 
 	обложение		обложе'ніе	 
 	обложением		обложе'ніемъ	 
 	обложенного		обло'женнаго	 
 	обложенное		обло'женное	 
 	обложенные		обло'женные (м. р.), обло'женныя (ж. р. и ср. р.)	 
 	обложенный		обло'женный, обло'женнаго	 
 	обложечный		обло'жечный	 
 	обложить		обложи'ть	 
 	обложиться		обложи'ться	 
 	облокачиваться		облока'чиваться	 
 	облокотиться		облокоти'ться	 
 	облупленный		облу'пленный	 
 	облучённый		облучённый	 
 	облущённый		облущённый	 
 	облысение		облысѣ'ніе	 
 	облюём		облюёмъ	 
 	обмакнёшь		обмакнёшь	 
 	обмакнуть		обмакну'ть	 
 	обмалёвывать		обмалёвывать	 
 	обман		обма'нъ, при обма'нѣ	 
 	обманет		обма'нетъ, обма'немъ, обма'нешь	 
 	обманщик		обма'нщикъ	 
 	обмасленный		обма'сленный	 
 	обмахнёшься		обмахнёшься	 
 	обмежёванный		обмежёванный	 
 	обмеление		обмелѣ'ніе	 
 	обмельчать		обмельча'ть	 
 	обмен		обмѣ'нъ, при обмѣ'нѣ	 
 	обменённый		обмѣнённый	 
 	обменивать		обмѣ'нивать, обмѣ'ниваться	 
 	обменить		обмѣни'ть, обмѣни'ться (обмѣня'ть)	 
 	обменного		обмѣ'ннаго	 
 	обменное		обмѣ'нное	 
 	обменные		обмѣ'нные (м. р.), обмѣ'нныя (ж. р. и ср. р.)	 
 	обменный		обмѣ'нный, обмѣ'ннаго	 
 	обменщик		обмѣ'нщикъ	 
 	обменянный		обмѣ'нянный	 
 	обменять		обмѣня'ть, обмѣня'ться	 
 	обмереть		обмере'ть	 
 	обмерзать		обмерза'ть	 
 	обмёрзший		обмёрзшій	 
 	обмерить		обмѣ'рить, обмѣря'етъ	 
 	обмётанный		обмётанный	 
 	обметённый		обметённый	 
 	обмёточный		обмёточный	 
 	обмирщение		обмірще'ніе (проце'ссъ переоріента'ціи це'ркви на рѣше'ніе пробле'мъ мірско'й жи'зни)	 
 	обмолоченный		обмоло'ченный	 
 	обморожение		обмороже'ніе, обмороже'ніемъ	 
 	обмороженный		обморо'женный	 
 	обмоченный		обмо'ченный	 
 	обнадёжить		обнадёжить	 
 	обнажение		обнаже'ніе	 
 	обнажённый		обнажённый	 
 	обнародовать		обнаро'довать (глаго'лъ соверше'ннаго ви'да), обнаро'дывать (глаго'лъ ви'да несоверше'ннаго)	 
 	обнаружение		обнаруже'ніе	 
 	обнёс		обнёсъ	 
 	обнесём		обнесёмъ	 
 	обнесение		обнесе'ніе	 
 	обнесённый		обнесённый	 
 	обнимать		обнима'ть	 
 	обнищать		обнища'ть	 
 	обновление		обновле'ніе	 
 	обновлённый		обновлённый	 
 	обношенный		обно'шенный	 
 	обнулённый		обнулённый	 
 	обобщение		обобще'ніе	 
 	обобщённый		обобщённый	 
 	обобществлённый		обобществлённый	 
 	обобьётся		обобьётся	 
 	обовьёшься		обовьёшься	 
 	обогатеть		обогатѣ'ть	 
 	обогащение		обогаще'ніе	 
 	обогащённый		обогащённый	 
 	обогнёшь		обогнёшь	 
 	обоготворённый		обоготворённый	 
 	обогреться		обогрѣ'ться	 
 	ободрение		ободре'ніе	 
 	ободрённый		ободрённый	 
 	обоеполый		обоепо'лый	 
 	обожаемый		обожа'емый, обожа'емаго	 
 	обожает		обожа'етъ, обожа'ете, обожа'емъ, обожа'ешь	 
 	обожание		обожа'ніе	 
 	обождёшь		обождёшь, обожди'те	 
 	обожествлённый		обожествлённый	 
 	обожжённый		обожжённый	 
 	обожжёшься		обожжёшься	 
 	обожмётся		обожмётся	 
 	обожнётся		обожнётся	 
 	обожрётся		обожрётся	 
 	обоз		обо'зъ	 
 	обозлённый		обозлённый	 
 	обозначение		обозначе'ніе	 
 	обозначить		обозна'чить	 
 	обозреватель		обозрѣва'тель	 
 	обозрение		обозрѣ'ніе	 
 	обозримое		обозри'мое	 
 	обоев		обо'евъ (обо'и)	 
 	обоего		обо'его (лицъ обо'его по'лу)	 
 	обоим		обо'имъ	 
 	обоими		обо'ими	 
 	обоих		обо'ихъ (обо'ихъ сане'й, обо'ихъ но'жницъ, обо'ихъ су'токъ — съ сущ. не имѣющ. ед. числа)	 
 	обойдённый		обойдённый	 
 	обойдёт		обойдётъ	 
 	обойма		обо'йма, въ обо'ймѣ	 
 	обоймёт		обоймётъ	 
 	обойти		обойти'	 
 	обокраденный		обокра'денный, обкра'денный	 
 	Оболенский		Оболе'нскій	 
 	оболжёшь		оболжёшь	 
 	оболочка		оболо'чка	 
 	обольёшься		обольёшься	 
 	обольститель		обольсти'тель	 
 	обольщение		обольще'ніе	 
 	обольщённый		обольщённый	 
 	обомлевшего		обомлѣ'вшаго	 
 	обомлевшее		обомлѣ'вшее	 
 	обомлевшие		обомлѣ'вшіе (м. р.), обомлѣ'вшія (ж. р. и ср. р.)	 
 	обомлевший		обомлѣ'вшій, обомлѣ'вшаго	 
 	обомлеешь		обомлѣ'ешь, обомлѣ'етъ, обомлѣ'емъ, обомлѣ'ютъ	 
 	обомлел		обомлѣ'лъ, обомлѣ'ла, обомлѣ'ли	 
 	обомлеть		обомлѣ'ть	 
 	обомлею		обомлѣ'ю	 
 	обомнёшь		обомнёшь	 
 	обомрёшь		обомрёшь	 
 	обоняние		обоня'ніе	 
 	обопрёшься		обопрёшься	 
 	обопьёшься		обопьёшься	 
 	оборачивается		обора'чивается	 
 	оборванец		оборва'нецъ	 
 	оборвёшься		оборвёшься	 
 	оборвыш		обо'рвышъ	 
 	оборонённый		оборонённый	 
 	оборот		оборо'тъ, оборо'тѣ	 
 	оборотень		о'боротень, о'боротни въ пого'нахъ	 
 	оборудование		обору'дованіе	 
 	обосновать		обоснова'ть, обосну'етъ, обосну'ешь, обосну'емъ, обосну'ю	 
 	обособленность		обосо'бленность	 
 	обострение		обостре'ніе	 
 	обострённый		обострённый	 
 	оботрёмся		оботрёмся	 
 	обочтёмся		обочтёмся	 
 	обочтёшься		обочтёшься	 
 	обошёл		обошёлъ	 
 	обошёлся		обошёлся	 
 	обошьётся		обошьётся	 
 	обошьёшь		обошьёшь	 
 	обоюдный		обою'дный	 
 	обрабатывать		обраба'тывать и обрабо'тывать	 
 	обрадовать		обра'довать	 
 	образ		о'бразъ, въ о'бразѣ	 
 	образец		образе'цъ, на образцѣ'	 
 	образован		образо'ванъ	 
 	образование		образова'ніе	 
 	образованность		образо'ванность	 
 	образчик		обра'зчикъ	 
 	обрамление		обрамле'ніе	 
 	обрамлённый		обрамлённый	 
 	обрастать		обраста'ть	 
 	обрастёшь		обрастёшь	 
 	обратитесь		обрати'тесь	 
 	обратиться		обрати'ться	 
 	обратно		обра'тно, обра'тное	 
 	обратного		обра'тнаго	 
 	обратное		обра'тное, обра'тнаго	 
 	обратные		обра'тные (м. р.), обра'тныя (ж. р. и ср. р.)	 
 	обращаем		обраща'емъ, обраща'етъ, обраща'ешь	 
 	обращаемое		обраща'емое, обраща'емый, обраща'емая	 
 	обращаемся		обраща'емся, обраща'ется, обраща'ешься	 
 	обращаемые		обраща'емые (м. р.), обраща'емыя (ж. р. и ср. р.)	 
 	обращаемый		обраща'емый, обраща'емаго	 
 	обращайтесь		обраща'йтесь	 
 	обращать		обраща'ть	 
 	обращение		обраще'ніе	 
 	обращённый		обращённый, обращёнъ	 
 	обревётся		обревётся, обревѣ'ться	 
 	обреветься		обревѣ'ться, обревётся	 
 	обревизовывать		обревизо'вывать	 
 	обрез		обрѣ'зъ	 
 	обрезание		обрѣза'ніе	 
 	обрезать		обрѣ'зать	 
 	обрезка		обрѣ'зка	 
 	обрезной		обрѣзно'й	 
 	обрезок		обрѣ'зокъ	 
 	обрезь		о'брѣзь	 
 	обрёк		обрёкъ, обрека'ть	 
 	обрекать		обрека'ть	 
 	обрёкшие		обрёкшіе (м. р.), обрёкшія (ж. р. и ср. р.)	 
 	обрёкший		обрёкшій, обрёкшее	 
 	обрёл		обрѣ'лъ	 
 	обременение		обремене'ніе	 
 	обременённый		обременённый	 
 	Обреновичи		Обрено'вичи	 
 	обрести		обрѣсти'	 
 	обретать		обрѣта'ть, обрѣтёшь	 
 	обретение		обрѣте'ніе	 
 	обретённый		обрѣтённый	 
 	обретёшь		обрѣтёшь, обрѣтёмъ, обрѣтётъ, обрѣту'тъ	 
 	обретшего		обрѣ'тшаго	 
 	обретший		обрѣ'тшій, обрѣ'тшаго	 
 	обречён		обречёнъ, обречена', обречены'	 
 	обречённее		обречённѣе	 
 	обречённо		обречённо, обречённое	 
 	обречённые		обречённые (м. р.), обречённыя (ж. р. и ср. р.)	 
 	обречённый		обречённый, обречённаго	 
 	обречь		обре'чь, обрека'ть	 
 	обрешетить		обрѣше'тить	 
 	обрешётка		обрѣшётка	 
 	обробеть		обробѣ'ть	 
 	обронённый		обронённый	 
 	обрубленный		обру'бленный	 
 	обрусение		обрусѣ'ніе (обрусѣ'ть), но обрусе'ніе (обруси'ть)	 
 	обручение		обруче'ніе	 
 	обручённый		обручённый	 
 	обрушение		обруше'ніе	 
 	обрыв		обры'въ, на обры'вѣ	 
 	обрывает		обрыва'етъ, обрыва'емъ, обрыва'ешь	 
 	обряд		обря'дъ, въ обря'дѣ	 
 	обряженный		обря'женный	 
 	обсаженный		обса'женный	 
 	обсаленный		обса'ленный	 
 	обсахаренный		обса'харенный	 
 	обсевки		обсѣ'вки	 
 	обсекать		обсѣка'ть	 
 	обсеменение		обсѣмене'ніе	 
 	обсеменённый		обсѣменённый	 
 	обсерванты		обсерва'нты (франциска'нскіе мона'хи, соблюда'ющіе строгія пра'вила о'рдена)	 
 	обсерватор		обсерва'торъ (наблюда'тель)	 
 	обсерватория		обсервато'рія	 
 	обсесть		обсѣ'сть	 
 	обсечённый		обсѣчённый	 
 	обсеять		обсѣ'ять	 
 	обслужен		обслу'женъ	 
 	обслуженные		обслу'женные (м. р.), обслу'женныя (ж. р. и ср. р.)	 
 	обслуженный		обслу'женный, обслу'женнаго	 
 	обслуживается		обслу'живается, обслу'живаетесь	 
 	обслуживание		обслу'живаніе, обслу'живанія, обслу'живаніемъ	 
 	обслюнённый		обслюнённый	 
 	обсмеётся		обсмѣётся	 
 	обсмеёшь		обсмѣёшь	 
 	обсосёшь		обсосёшь	 
 	обсохшего		обсо'хшаго	 
 	обсохшее		обсо'хшее	 
 	обсохшие		обсо'хшіе (м. р.), обсо'хшія (ж. р. и ср. р.)	 
 	обсохший		обсо'хшій, обсо'хшаго	 
 	об стену		объ стѣ'ну, (не апстѣ'ну :)	 
 	обстоятельство		обстоя'тельство	 
 	обстрекать		обстрека'ть, обстрека'етъ, обстрека'ться (оже'чь крапи'вой) и острека'ть, острека'етъ, острека'ться	 
 	обстрел		обстрѣ'лъ, при обстрѣ'лѣ	 
 	обстрижёшься		обстрижёшься	 
 	обструкция		обстру'кція (дѣ'йствія, демонстрати'вно напра'вленныя на срывъ чего'-либо)	 
 	обсуждение		обсужде'ніе	 
 	обсуждённый		обсуждённый	 
 	обсушение		обсуше'ніе	 
 	обсценный		обсце'нный (непристо'йный)	 
 	обсчёт		обсчётъ	 
 	обтёк		обтёкъ	 
 	обтекать		обтека'ть	 
 	обтёкший		обтёкшій	 
 	обтереть		обтере'ть	 
 	обтёртый		обтёртый	 
 	обтёрханный		обтёрханный (въ истрёпанной, обо'рванной оде'ждѣ)	 
 	обтёршийся		обтёршійся	 
 	обтесать		обтеса'ть	 
 	обтёсанный		обтёсанный	 
 	обтечь		обте'чь	 
 	обтрёпанный		обтрёпанный	 
 	обтрясённый		обтрясённый	 
 	обтряхнётся		обтряхнётся	 
 	обувь		о'бувь (не о'бувѣ! :), въ о'буви	 
 	обугленный		обу'гленный	 
 	обуженный		обу'женный (на зака'зъ сдѣ'ланный, поши'тый сли'шкомъ у'зко по оши'бкѣ ма'стера)	 
 	обуревать		обурева'ть (охва'тывать съ большо'й си'лой — о мы'сляхъ, чу'вствахъ)	 
 	обуславливать		обусла'вливать и обусло'вливать, обусла'вливаетъ	 
 	обусловленного		обусло'вленнаго	 
 	обусловленное		обусло'вленное	 
 	обусловленные		обусло'вленные (м. р.), обусло'вленныя (ж. р. и ср. р.)	 
 	обусловленный		обусло'вленный, обусло'вленнаго	 
 	обусловливать		обусло'вливать и обусла'вливать, обусло'вливаетъ	 
 	обух		о'бухъ (тылъ вся'каго о'страго ору'дія, обы'чно топора')	 
 	Обуховский		Обу'ховскій (заво'дъ)	 
 	обучаемость		обуча'емость	 
 	обучение		обуче'ніе	 
 	обхамлённый		обхамлённый	 
 	обхваченный		обхва'ченный	 
 	обхитрённый		обхитрённый	 
 	обхлёстывал		обхлёстывалъ	 
 	обход		обхо'дъ, при обхо'дѣ	 
 	обхождение		обхожде'ніе	 
 	обчёлся		обчёлся (разъ, два и обчёлся; оди'нъ, друго'й — обчёлся)	 
 	обчёсанный		обчёсанный	 
 	обчесаться		обчеса'ться	 
 	обшлёпанный		обшлёпанный	 
 	общаемся		обща'емся	 
 	общается		обща'ется	 
 	общаешься		обща'ешься	 
 	общая		о'бщая, въ о'бщей	 
 	общего		о'бщаго	 
 	общее		о'бщее	 
 	общежитие		общежи'тіе	 
 	общеизвестный		общеизвѣ'стный	 
 	общей		о'бщей	 
 	общёлкать		общёлкать (па'льцами), общелка'ть (орѣ'хи)	 
 	общем		о'бщемъ, въ о'бщемъ	 
 	общему		о'бщему	 
 	общение		обще'ніе, обще'ніемъ, въ обще'ніи	 
 	общения		обще'нія	 
 	общеобразовательное		общеобразова'тельное	 
 	общепринятый		общепри'нятый	 
 	общераспространённый		общераспространённый	 
 	общеславянский		общеславя'нскій	 
 	общественного		обще'ственнаго	 
 	общественное		обще'ственное	 
 	общественность		обще'ственность	 
 	общественные		обще'ственные (м. р.), обще'ственныя (ж. р. и ср. р.)	 
 	общественный		обще'ственный, обще'ственнаго	 
 	общество		о'бщество, въ о'бществѣ	 
 	обществоведение		обществовѣ'дѣніе	 
 	общеупотребительный		общеупотреби'тельный	 
 	общие		о'бщіе (м. р.), о'бщія (ж. р. и ср. р.)	 
 	общий		о'бщій, о'бщаго, о'бщее, о'бщей, въ о'бщемъ	 
 	общим		о'бщимъ, о'бщими, о'бщихъ	 
 	объегорить		объего'рить (обману'ть, провести')	 
 	объедать		объѣда'ть	 
 	объедение		объяде'нье	 
 	объединение		объедине'ніе	 
 	объединённый		объединённый	 
 	объединить		объедини'ть	 
 	объедки		объѣ'дки	 
 	объезд		объѣ'здъ, при объѣ'здѣ	 
 	объездить		объѣ'здить	 
 	объездчик		объѣ'здчикъ (сто'рожъ большо'го земе'льнаго уча'стка, постоя'нно его' объѣзжа'ющій; спеціали'стъ по объѣ'здкѣ лошаде'й)	 
 	объезжание		объѣзжа'ніе	 
 	объезженный		объѣ'зженный (конь)	 
 	объезжий		объѣ'зжій (объѣздно'й)	 
 	объект		объе'ктъ, на объе'ктѣ	 
 	объектив		объекти'въ	 
 	объективизм		объективи'змъ	 
 	объективный		объекти'вный	 
 	объём		объёмъ, въ объёмѣ	 
 	объёмистый		объёмистый	 
 	объёмный		объёмный	 
 	объесть		объѣ'сть	 
 	объехал		объѣ'халъ	 
 	объехать		объѣ'хать	 
 	объягнение		объягне'ніе (ро'ды у ове'цъ)	 
 	объявление		объявле'ніе (не обьявле'ніе!)	 
 	объявленный		объя'вленный, объя'вленнаго	 
 	объявляется		объявля'ется	 
 	объяснение		объясне'ніе	 
 	объяснённый		объяснённый	 
 	объяснить		объясни'ть	 
 	объятие		объя'тіе	 
 	обыватель		обыва'тель (постоя'нный жи'тель да'нной мѣ'стности, офиціа'льное сосло'віе — городскі'е и се'льскіе обыва'тели)	 
 	обыграть		обыгра'ть	 
 	обыденно		обы'денно	 
 	обыденного		обы'деннаго	 
 	обыденное		обы'денное	 
 	обыденные		обы'денные (м. р.), обы'денныя (ж. р. и ср. р.)	 
 	обыденный		обы'денный, обы'деннаго	 
 	обыкновение		обыкнове'ніе, по обыкнове'нію	 
 	обыкновенно		обыкнове'нно	 
 	обыкновенного		обыкнове'ннаго	 
 	обыкновенное		обыкнове'нное	 
 	обыкновенные		обыкнове'нные (м. р.), обыкнове'нныя (ж. р. и ср. р.)	 
 	обыкновенный		обыкнове'нный, обыкнове'ннаго	 
 	обыск		о'быскъ (ра'нѣе — о'бъискъ)	 
 	обыскать		обыска'ть (ра'нѣе — объиска'ть)	 
 	обычай		обы'чай, обы'чаемъ, обы'чаевъ, въ обы'чаѣ	 
 	обязан		обя'занъ	 
 	обязанность		обя'занность	 
 	обязательно		обяза'тельно	 
 	обязательного		обяза'тельнаго	 
 	обязательное		обяза'тельное	 
 	обязательные		обяза'тельные (м. р.), обяза'тельныя (ж. р. и ср. р.)	 
 	обязательный		обяза'тельный, обяза'тельнаго	 
 	обязуется		обязу'ется	 
ов 	овации		ова'ціи	^
 	овация		ова'ція	 
 	овдовел		овдовѣ'лъ	 
 	овдоветь		овдовѣ'ть	 
 	овевать		овѣва'ть	 
 	Овен		Ове'нъ	 
 	Овернь		Ове'рнь	 
 	оверштаг		овершта'гъ	 
 	овершье		ове'ршье (верши'на сто'га, холма')	 
 	овёс		овёсъ	 
 	овечка		ове'чка, ове'чекъ, объ ове'чкѣ	 
 	овечий		ове'чій	 
 	овечье		ове'чье	 
 	овечьего		ове'чьяго	 
 	овеществлённый		овеществлённый	 
 	овеянный		овѣ'янный	 
 	овеять		овѣ'ять	 
 	Овидий		Ови'дій	 
 	Овидиополь		Овидіо'поль	 
 	овин		ови'нъ, въ ови'нѣ (строе'ніе для су'шки снопо'въ пе'редъ молотьбо'й)	 
 	овладевать		овладѣва'ть	 
 	овладевшего		овладѣ'вшаго	 
 	овладевшее		овладѣ'вшее	 
 	овладевшие		овладѣ'вшіе (м. р.), овладѣ'вшія (ж. р. и ср. р.)	 
 	овладевший		овладѣ'вшій, овладѣ'вшаго	 
 	овладеет		овладѣ'етъ	 
 	овладеешь		овладѣ'ешь	 
 	овладеть		овладѣ'ть	 
 	овощ		о'вощъ, овоще'й (не о'вощь!)	 
 	овощей		овоще'й	 
 	овощной		овощно'й	 
 	овражек		овра'жекъ	 
 	овсец		овсе'цъ, овсеца' (расте'ніе семе'йства зла'ковъ)	 
 	овца		овца', ове'цъ, объ овцѣ' (не аффца' :)	 
 	овцебык		овцебы'къ (парнокопы'тное живо'тное семе'йства полоро'гихъ, му'скусный бы'къ)	 
 	овцеводство		овцево'дство	 
 	Овьедо		Овіе'до	 
ог 	огаженный		ога'женный	^
 	Огайо		Ога'йо	 
 	Огарёв		Огарёвъ	 
 	оглавление		оглавле'ніе	 
 	огласка		огла'ска, преда'ть огла'скѣ	 
 	оглашение		оглаше'ніе	 
 	оглашенный		оглаше'нный (веду'щій себя' безтолко'во и шу'мно)	 
 	оглашённый		оглашённый (объя'вленный)	 
 	оглоед		оглоѣ'дъ (о ненасы'тномъ, жа'дномъ человѣ'кѣ, дармоѣ'дѣ, бездѣ'льникѣ)	 
 	оглупеть		оглупѣ'ть (ста'ть глу'пымъ), но оглупи'ть (сдѣ'лать глу'пымъ)	 
 	оглуплённый		оглуплённый	 
 	оглушённый		оглушённый	 
 	оглядеть		оглядѣ'ть	 
 	оглядеться		оглядѣ'ться	 
 	огне		въ огнѣ', но огнёмъ	 
 	огнёвка		огнёвка (небольша'я ба'бочка — вреди'тель расте'ній; поро'да лиси'цъ съ краснова'той ше'рстью)	 
 	огневой		огнево'й	 
 	огнедышащий		огнеды'шущій	 
 	огнезащищённый		огнезащищённый	 
 	огней		огне'й	 
 	огнём		огнёмъ, въ огнѣ'	 
 	огнемёт		огнемётъ	 
 	Огненная Земля		О'гненная Земля'	 
 	огнеопасное		огнеопа'сное	 
 	огнестойкость		огнесто'йкость	 
 	огнестрельное		огнестрѣ'льное	 
 	оговорённый		оговорённый	 
 	оголённый		оголённый	 
 	оголтело		огалтѣ'ло	 
 	оголтелость		огалтѣ'лость	 
 	оголтелые		огалтѣ'лые (м. р.), огалтѣ'лыя (ж. р. и ср. р.)	 
 	оголтелый		огалтѣ'лый (потеря'вшій вся'кое чу'вство мѣ'ры, кра'йне разну'зданный)	 
 	огонёк		огонёкъ	 
 	огонёчек		огонёчекъ	 
 	огонь		ого'нь, въ огнѣ', огнёмъ, огне'й	 
 	огород		огоро'дъ, въ огоро'дѣ, огоро'децъ	 
 	огородные		огоро'дные (м. р.), огоро'дныя (ж. р. и ср. р.)	 
 	огороженный		огоро'женный	 
 	огорчает		огорча'етъ, огорча'ете	 
 	огорчение		огорче'ніе	 
 	огорчённого		огорчённаго	 
 	огорчённое		огорчённое	 
 	огорчённые		огорчённые (м. р.), огорчённыя (ж. р. и ср. р.)	 
 	огорчённый		огорчённый, огорчённаго	 
 	огорчительно		огорчи'тельно, огорчи'теленъ	 
 	ограбление		ограбле'ніе	 
 	ограбленный		огра'бленный	 
 	ограждение		огражде'ніе	 
 	ограждённый		ограждённый	 
 	огранение		огране'ніе	 
 	огранённый		огранённый	 
 	ограничена		ограни'чена (пpич.)	 
 	ограничение		ограниче'ніе	 
 	ограниченна		ограни'ченна (пpил.)	 
 	ограниченность		ограни'ченность	 
 	ограничитель		ограничи'тель, ограничи'телемъ	 
 	огребать		огреба'ть	 
 	огрёбший		огрёбшій	 
 	огревать		огрѣва'ть	 
 	огрести		огрести'	 
 	огреть		огрѣ'ть	 
 	огромен		огро'менъ	 
 	огромное		огро'мное	 
 	огромные		огро'мные (м. р.), огро'мныя (ж. р. и ср. р.)	 
 	огромный		огро'мный, огро'мнаго, огро'мнѣйшій, въ огро'мнѣйшемъ	 
 	огрубел		огрубѣ'лъ	 
 	огрубелый		огрубѣ'лый	 
 	огрубеть		огрубѣ'ть	 
 	огрублённый		огрублённый	 
 	огрызнёшься		огрызнёшься	 
 	огурец		огуре'цъ, въ огурцѣ', огурцы', огурцо'мъ, огуре'чный (разсо'лъ)	 
 	огуречик		огуре'чикъ	 
 	огуречный		огуре'чный (разсо'лъ), огуре'чнаго	 
 	огустение		огустѣ'ніе	 
од 	одавленный		ода'вленный	^
 	одаренный		ода'ренный (получи'вшій пода'рокъ)	 
 	одарённый		одарённый (тала'нтливый)	 
 	одевать		одѣва'ть (кого'-либо), но оде'жда; надѣва'ть (что'-либо)	 
 	одёжа		одёжа, одёжка, по одёжѣ встрѣча'ютъ	 
 	одежда		оде'жда, въ оде'ждѣ, но одѣва'ть	 
 	одёжка		одёжка, одёжа, по одёжкѣ встрѣча'ютъ	 
 	одёжный		одёжный	 
 	одеколон		одеколо'нъ	 
 	оделённый		одѣлённый	 
 	Одельск		Оде'льскъ	 
 	оделять		одѣля'ть (дава'ть, надѣля'ть, снабжа'ть)	 
 	Оденпе		Оденпе'	 
 	Оденвальд		Оденва'льдъ	 
 	оденет		одѣ'нетъ, но оде'жда	 
 	оденете		одѣ'нете, но оде'жда	 
 	оденетесь		одѣ'нетесь, но оде'жда	 
 	оденется		одѣ'нется, но оде'жда	 
 	оденешь		одѣ'нешь, но оде'жда	 
 	оденешься		одѣ'нешься, но оде'жда	 
 	Одензе		Одензе'	 
 	одену		одѣ'ну, но оде'жда	 
 	оденусь		одѣ'нусь, но оде'жда	 
 	оденут		одѣ'нутъ, но оде'жда	 
 	оденутся		одѣ'нутся, но оде'жда	 
 	Одер		О'деръ	 
 	одер		о'деръ (плоха'я коро'ва, ло'шадь, кля'ча), о'дры, на о'драхъ	 
 	одёрганный		одёрганный	 
 	одёргивание		одёргиваніе	 
 	одеревенение		одеревянѣ'ніе	 
 	одержанный		оде'ржанный	 
 	одержать		одержа'ть	 
 	одёрнешь		одёрнешь	 
 	одернить		одерни'ть	 
 	одёрнувший		одёрнувшій	 
 	одёрнуть		одёрнуть	 
 	одесную		одесну'ю (спра'ва, впра'во), см. ткж. ошу'юю — уcтap.	 
 	Одесса		Оде'сса, въ Оде'ссѣ	 
 	оделение		одѣле'ніе	 
 	оделить		одѣли'ть	 
 	одень		одѣ'нь, одѣ'ньте, одѣ'нетъ, одѣ'нете, одѣ'немъ, одѣ'нутъ (кого'-либо)	 
 	одеть		одѣ'ть, одѣ'тъ, но оде'жда (одѣ'ть кого'-либо, но надѣ'ть что'-либо)	 
 	одеться		одѣ'ться, но оде'жда	 
 	одетые		одѣ'тые (м. р.), одѣ'тыя (ж. р. и ср. р.)	 
 	одетый		одѣ'тый, одѣ'таго, одѣ'тымъ	 
 	одеяло		одѣя'ло, одѣя'льце	 
 	одеяние		одѣя'ніе	 
 	один		оди'нъ, одного', однѣ' (ж. р.), но одни' (м. р. и ср. р.)	 
 	одинаковый		одина'ковый, одина'кій (схо'дный)	 
 	одинёхонек		одинёхонекъ	 
 	одинёшенек		одинёшенекъ	 
 	одиннадцатого		оди'ннадцатаго	 
 	одиннадцатое		оди'ннадцатое	 
 	одиннадцать		оди'ннадцать (не оди'надцать!)	 
 	одинокие		одино'кіе (м. р.), одино'кія (ж. р. и ср. р.)	 
 	одинокий		одино'кій (живу'щій одино'ко)	 
 	одиноко		одино'ко, одино'кое, одино'каго	 
 	одиночество		одино'чество, въ одино'чествѣ	 
 	Одиссей		Одиссе'й	 
 	одиссея		одиссе'я, объ одиссе'ѣ (до'лгія злоключе'нія, пережи'тыя го'рести, мы'тарства)	 
 	однако ж		одна'кожъ (но вмѣ'стѣ съ тѣ'мъ)	 
 	однако же		одна'коже (но вмѣ'стѣ съ тѣ'мъ)	 
 	одне		однѣ' — ж. р. отъ одни', сохраня'ется въ стиха'хъ — мнѣ'/однѣ' (сoвр. мне/одне')	 
 	одни		одни', одни'хъ, одни'мъ, одни'ми (м. р. и ср. р.), но однѣ', однѣ'хъ, однѣ'мъ, однѣ'ми (ж. р.)	 
 	одним		одни'мъ (м. р. и ср. р.), но однѣ'мъ (ж. р.)	 
 	одними		одни'ми (м. р. и ср. р.), но однѣ'ми (ж. р.)	 
 	одних		одни'хъ (м. р. и ср. р.), но однѣ'хъ (ж. р.)	 
 	одноверец		одновѣ'рецъ	 
 	одновёрстный		одновёрстный	 
 	одновременно		одновре'менно, одновреме'нно	 
 	одного		одного'	 
 	однодневный		однодне'вный, однодне'внаго	 
 	одноимённый		одноимённый, одноимённаго	 
 	одноклеточный		одноклѣ'точный, одноклѣ'тный	 
 	одноколенный		одноколѣ'нный, одноколѣ'ннаго	 
 	одноколёсный		одноколёсный, одноколёснаго	 
 	однолетний		однолѣ'тній, однолѣ'тняго	 
 	одномесячный		одномѣ'сячный, одномѣ'сячнаго	 
 	однопролётный		однопролётный	 
 	односельчанин		односельча'нинъ	 
 	одностороннее		односторо'ннее движе'ніе	 
 	одноцветный		одноцвѣ'тный	 
 	одночлен		одночле'нъ	 
 	одобревший		одобрѣ'вшій, одобрѣ'вшаго	 
 	одобрение		одобре'ніе	 
 	одобрительно		одобри'тельно	 
 	одобрительное		одобри'тельное	 
 	одобряет		одобря'етъ, одобря'ешь, одобря'емъ, одобря'ется	 
 	одолеем		одолѣ'емъ, одолѣ'етъ, одолѣ'ешь, одолѣ'ютъ	 
 	одолел		одолѣ'лъ, одолѣ'ла, одолѣ'ли	 
 	одоление		одолѣ'ніе, одолѣ'ніемъ	 
 	одолеть		одолѣ'ть	 
 	одолжение		одолже'ніе, смѣ'ю ли проси'ть объ одолже'ніи	 
 	одометр		одо'метръ (счётчикъ про'йденнаго пути')	 
 	одряхлевший		одряхлѣ'вшій	 
 	одуревший		одурѣ'вшій	 
 	одухотворённый		одухотворённый	 
 	одушевлённый		одушевлённый	 
 	одышка		оды'шка	 
ое 	оевропеенный		оевропе'енный, оевропе'ивать, оевропе'иваться, оевропе'ить, оевропе'иться, оевропе'ится, оевропе'етъ	^
ож 	ожёгшийся		ожёгшійся	^
 	оженить		ожени'ть (пожени'ть)	 
 	ожеребиться		ожереби'ться (роди'ть жеребёнка, детёныша — о кобы'лѣ, осли'цѣ, верблю'дицѣ, слони'хѣ, лоси'хѣ)	 
 	ожерелье		ожере'лье	 
 	Ожеро		Ожеро'	 
 	ожесточённый		ожесточённый	 
 	ожесточиться		ожесточи'ться	 
 	ожечь		оже'чь, оже'чься	 
 	Ожешко		Орже'шко	 
 	ожжёмся		ожжёмся	 
 	ожжёшься		ожжёшься	 
 	оживление		оживле'ніе	 
 	оживлённее		оживлённѣе	 
 	оживлённо		оживлённо	 
 	оживлённый		оживлённый	 
 	ожидаемого		ожида'емаго	 
 	ожидаемое		ожида'емое	 
 	ожидаемые		ожида'емые (м. р.), ожида'емыя (ж. р. и ср. р.)	 
 	ожидаемый		ожида'емый, ожида'емаго	 
 	ожидает		ожида'етъ, ожида'емъ, ожида'ешь	 
 	ожидание		ожида'ніе	 
 	ожидательный		ожида'тельный, ожида'тельная, ожида'тельное	 
 	ожирение		ожирѣ'ніе	 
 	ожог		ожо'гъ, ожо'га, обжо'гъ, обжо'га	 
 	Ожье		Ожье'	 
оз 	озабочен		озабо'ченъ	^
 	озабочивать		озабо'чивать	 
 	озадаченный		озада'ченный	 
 	озарение		озаре'ніе	 
 	озарённый		озарённый	 
 	оздоровительный		оздорови'тельный, оздорови'тельнаго	 
 	оздоровление		оздоровле'ніе	 
 	оздоровлённый		оздоровлённый	 
 	озеленение		озелене'ніе	 
 	озеленённый		озеленённый	 
 	оземь		о'земь (объ зе'млю)	 
 	озёра		озёра, у о'зера	 
 	озернённый		озернённый	 
 	озёрный		озёрный	 
 	озеро		о'зеро, на о'зерѣ	 
 	озимь		о'зимь (по'ле, за'нятое посѣ'вами ози'мыхъ культу'ръ)	 
 	озимые		ози'мые (м. р.), ози'мыя (ж. р. и ср. р.)	 
 	озлобленный		озло'бленный	 
 	ознаменование		ознаменова'ніе	 
 	означение		означе'ніе	 
 	означенное		озна'ченное	 
 	означенный		озна'ченный	 
 	озноб		озно'бъ, въ озно'бѣ	 
 	озноблённый		озноблённый	 
 	озокерит		озокери'тъ (минера'лъ съ нефтяны'мъ за'пахомъ, го'рный во'скъ)	 
 	озолочённый		озолочённый	 
 	озорник		озорни'къ	 
 	Озургеты		Озурге'ты	 
ои 	оидиум		ои'діумъ (распространённая болѣ'знь виногра'да)	^
ок 	окажемся		ока'жемся	^
 	окажет		ока'жетъ	 
 	окажете		ока'жете	 
 	окажется		ока'жется (не ока'жеться!), оказа'ться	 
 	окажешься		ока'жешься	 
 	окажите		окажи'те	 
 	оказавший		оказа'вшій	 
 	оказание		оказа'ніе	 
 	оказия		ока'зія (возмо'жность попу'тно доста'вить что'-либо, доѣ'хать съ ока'зіей)	 
 	оказывается		ока'зывается	 
 	окаймление		окаймле'ніе	 
 	окаймлённый		окаймлённый	 
 	окалечить		окалѣ'чить	 
 	окаменелость		окаменѣ'лость	 
 	окаменение		окаменѣ'ніе	 
 	окаменеть		окаменѣ'ть	 
 	окапывать		ока'пывать	 
 	окаченный		ока'ченный	 
 	окаянное		окая'нное	 
 	окаянные		окая'нные (м. р.), окая'нныя (ж. р. и ср. р.)	 
 	окаянный		окая'нный, окая'ннаго (про'клятый, грѣхо'вный, нечести'вый, непрія'тный, доса'дный; нечи'стая си'ла, бѣсъ, чортъ), не окоя'нный!	 
 	океан		океа'нъ, въ океа'нѣ	 
 	океанариум		океана'ріумъ и океана'рій	 
 	океаниды		океани'ды	 
 	океанийский		океані'йскій (отъ Океа'нія)	 
 	океанические		океани'ческіе (м. р.), океани'ческія (ж. р. и ср. р.)	 
 	океанический		океани'ческій, океани'ческаго	 
 	океанического		океани'ческаго	 
 	океаническое		океани'ческое	 
 	Океания		Океа'нія	 
 	океанология		океаноло'гія, океано'логъ	 
 	океанские		океа'нскіе (м. р.), океа'нскія (ж. р. и ср. р.)	 
 	океанский		океа'нскій, океа'нскаго	 
 	океанского		океа'нскаго	 
 	океанское		океа'нское	 
 	окисел		о'киселъ	 
 	окисление		окисле'ніе	 
 	окиян		окія'нъ (нaр. океа'нъ), въ окія'нѣ-мо'рѣ	 
 	оккупация		оккупа'ція	 
 	оклёванный		оклёванный	 
 	оклеветанный		оклеве'танный, оклеве'таннаго	 
 	оклеветать		оклевета'ть, оклевещу', оклеве'щетъ	 
 	оклеенный		окле'енный	 
 	оклейка		окле'йка	 
 	оклеймённый		оклеймённый	 
 	оклематься		оклема'ться (опра'виться по'слѣ болѣ'зни), оклема'ется	 
 	окно		окно', въ окнѣ'	 
 	окоём		окоёмъ (простра'нство, кото'рое мо'жно оки'нуть взгля'домъ)	 
 	околевание		околѣва'ніе	 
 	околевать		околѣва'ть, околѣва'етъ, околѣва'ете, околѣва'емъ, околѣва'ешь, околѣва'ютъ	 
 	околевшего		околѣ'вшаго	 
 	околевшее		околѣ'вшее	 
 	околевшие		околѣ'вшіе (м. р.), околѣ'вшія (ж. р. и ср. р.)	 
 	околевший		околѣ'вшій, околѣ'вшаго	 
 	околеет		околѣ'етъ, околѣ'ете, околѣ'емъ, околѣ'ешь, околѣ'ютъ	 
 	околеть		околѣ'ть (умере'ть, издо'хнуть; озя'бнуть — околѣ'лъ отъ хо'лода), околѣ'лъ, околѣ'ла, околѣ'ли, околѣ'етъ, околѣ'ете, околѣ'ютъ, околѣ'ешь, околѣ'емъ	 
 	околёсина		околёсина, околёсица	 
 	околесица		околе'сица, околёсица, околе'сина, околёсина (вздоръ, безсмы'слица)	 
 	околёсица		околёсица, околёсина	 
 	околёсная		околёсная, околёсица, околёсина	 
 	около		о'коло	 
 	околоток		около'токъ (подраздѣле'ніе полице'йскаго городско'го уча'стка), въ около'ткѣ	 
 	околоточный		около'точный (около'точный надзира'тель — чинъ городско'й поли'ціи, вѣ'давшій около'ткомъ)	 
 	околоченный		около'ченный	 
 	околпаченный		околпа'ченный (одура'чить, обману'ть)	 
 	окомёлок		окомёлокъ (комлево'й оста'токъ, обру'бокъ, чурба'нъ; окомёлокъ вѣ'ника съ обло'манными пру'тьями)	 
 	оконечный		оконе'чный	 
 	оконце		око'нце, въ око'нцѣ, око'нцемъ, око'нцевъ и око'нецъ	 
 	окончание		оконча'ніе	 
 	окончательно		оконча'тельно, оконча'тельнаго	 
 	окончен		око'нченъ, око'нчу, око'нчите	 
 	оконченность		око'нченность	 
 	окорённое		окорённое (бревно' со сня'той коро'й)	 
 	окосевший		окосѣ'вшій, окосѣ'вшаго	 
 	окосеет		окосѣ'етъ, окосѣ'ете, окосѣ'емъ, окосѣ'ешь, окосѣ'ютъ, окосѣ'ю	 
 	окосеть		окосѣ'ть, окосѣ'ю	 
 	окостенелый		окостенѣ'лый	 
 	окоченелый		окоченѣ'лый	 
 	окошечный		око'шечный	 
 	окошко		око'шко	 
 	окраина		окра'ина	 
 	окрашенный		окра'шенный	 
 	окреп		окрѣ'пъ	 
 	окрест		окре'стъ (вокру'гъ чего'-либо, по сосѣ'дству съ чѣ'мъ-либо)	 
 	окрестить		окрести'ть	 
 	окрестное		окре'стное	 
 	окрестность		окре'стность, окре'стности	 
 	окрестного		окре'стнаго	 
 	окрестное		окре'стное	 
 	окрестные		окре'стные (м. р.), окре'стныя (ж. р. и ср. р.)	 
 	окрестный		окре'стный, окре'стнаго	 
 	окрещённый		окрещённый	 
 	окривелый		окривѣ'лый	 
 	окровавленный		окрова'вленный	 
 	окромя		окромя' прoст. (кро'мѣ)	 
 	окроплённый		окроплённый	 
 	округ		о'кругъ, въ о'кругѣ, о'круга	 
 	округа		окру'га, въ окру'гѣ	 
 	округлённый		округлённый	 
 	округлого		окру'глаго	 
 	округлое		окру'глое	 
 	округлый		окру'глый, окру'глаго	 
 	окружает		окружа'етъ, окружа'емъ, окружа'ешь	 
 	окружающего		окружа'ющаго	 
 	окружение		окруже'ніе, въ окруже'ніи, окруже'ніемъ	 
 	окружённый		окружённый, окружённаго, окружённое	 
 	окружной		окружно'й, окружно'го — окружно'й судъ и окру'жный (окре'стный; око'льный) — окру'жные города'; идти' окру'жнымъ путёмъ	 
 	окрученный		окру'ченный	 
 	окрылённый		окрылённый	 
 	оксидентальный		оксидента'льный (сво'йственный стра'намъ за'пада)	 
 	окститесь		оксти'тесь (опо'мнитесь), оксти'сь	 
 	Октавиан		Октавіа'нъ	 
 	Октавий		Окта'вій	 
 	октаэдр		окта'эдръ (восьмигра'нникъ)	 
 	октет		окте'тъ (анса'мбль изъ восьми' исполни'телей)	 
 	октроировать		октрои'ровать (предоставля'ть форма'льныя преиму'щества, права' како'му-либо сосло'вію, организа'ціи)	 
 	октябрь		октя'брь, въ октябрѣ', октя'брьскій, деся'таго октября'	 
 	окуёшь		окуёшь	 
 	окунёвый		окунёвый	 
 	окунётесь		окунётесь	 
 	окунёшься		окунёшься	 
 	окупаемость		окупа'емость	 
 	окуренный		оку'ренный	 
ол 	оладейный		ола'дейный	^
 	оладья		ола'дья, ола'дій, ола'дьи (то'лстый бли'нъ)	 
 	олеандр		олеа'ндръ	 
 	Олеарий		Олеа'рій	 
 	Олег		Оле'гъ	 
 	оледенелый		оледенѣ'лый	 
 	олеин		олеи'нъ	 
 	Олёкма		Олёкма	 
 	Олёкминск		Олёкминскъ	 
 	Олёна		Олёна (отъ Еле'на)	 
 	оленёнок		оленёнокъ	 
 	олень		оле'нь, оле'ней, объ оле'нѣ	 
 	Оленька		О'ленька	 
 	олеография		олеогра'фія (воспроизведе'ніе карти'нъ ма'сляной жи'вописи спо'собомъ многокра'сочной литогра'фіи)	 
 	олеонафт		олеона'фтъ (видъ сма'зочнаго ма'сла, добыва'емаго изъ не'фти)	 
 	Олерон		Олеро'нъ	 
 	Олеся		Оле'ся	 
 	олешник		оле'шникъ (ольхо'вникъ и ольша'никъ)	 
 	Оливарец		Оливаре'цъ	 
 	оливка		оли'вка	 
 	оливье		оливье' (сала'тъ)	 
 	олигархия		олига'рхія	 
 	олигофрен		олигофре'нъ	 
 	олимпиада		олимпіа'да	 
 	олимпиец		олимпі'ецъ	 
 	Олимпий		Оли'мпій	 
 	олистер		олисте'ръ	 
 	олифа		оли'фа и али'фа	 
 	олицетворение		олицетворе'ніе	 
 	олицетворённый		олицетворённый	 
 	Оллендорф		Оллендо'рфъ	 
 	оловянный		оловя'нный	 
 	Олонец		Олоне'цъ	 
 	Олоферн		Олофе'рнъ	 
 	Ольвиополь		Ольвіопо'ль	 
 	Ольгерд		Ольге'рдъ	 
 	Ольденбург		Ольденбу'ргъ	 
ом 	омега		оме'га	^
 	омеднённый		омѣднённый	 
 	омела		оме'ла (паразити'рующій на дере'вьяхъ куста'рникъ съ вѣчнозелёными ли'стьями и бѣ'лыми кле'йкими я'годами)	 
 	омерзение		омерзѣ'ніе	 
 	омерзительный		омерзи'тельный	 
 	омертвение		омертвѣ'ніе	 
 	омертвлённый		омертвлённый	 
 	омёт		омётъ (ку'ча пло'тно уло'женной соло'мы)	 
 	омётывание		омётываніе	 
 	омлет		омле'тъ (яи'чница изъ взбо'лтанныхъ съ муко'й и молоко'мъ яи'цъ)	 
 	омнибус		омни'бусъ (многомѣ'стный ко'нный экипа'жъ для перево'зки пассажи'ровъ)	 
 	омовение		омове'ніе	 
 	омоложённый		омоложённый	 
 	омофор		омофо'ръ (ча'сть епи'скопскаго облаче'нія въ ви'дѣ дли'нной широ'кой полосы' мате'ріи съ изображе'ніями кресто'въ)	 
 	омочение		омоче'ніе	 
 	омрачение		омраче'ніе	 
 	омрачённый		омрачённый	 
 	омулёвый		омулёвый	 
 	Омфала		Омфа'ла	 
 	омылённый		омылённый	 
он 	он		О — о'нъ — пятна'дцатая бу'ква ру'сской а'збуки	^
 	она		она', ея' — род. ед. ч., её — вин. ед. ч.	 
 	оне		онѣ' — ж. р. отъ они', сохраняется въ стихахъ — мнѣ/онѣ' (сoвр. мне/оне')	 
 	Онега		Онѣ'га и Оне'га	 
 	Онегин		Евге'ній Онѣ'гинъ	 
 	Онежский		Оне'жскій и Онѣ'жскій (зали'въ)	 
 	онемев		онѣмѣ'въ	 
 	онемевшие		онѣмѣ'вшіе (м. р.), онѣмѣ'вшія (ж. р. и ср. р.)	 
 	онемевший		онѣмѣ'вшій	 
 	онемеет		онѣмѣ'етъ	 
 	онемеешь		онѣмѣ'ешь	 
 	онемел		онѣмѣ'лъ	 
 	онемела		онѣмѣ'ла	 
 	онемели		онѣмѣ'ли	 
 	онемело		онѣмѣ'ло	 
 	онемелые		онѣмѣ'лые (м. р.), онѣмѣ'лыя (ж. р. и ср. р.)	 
 	онемелый		онѣмѣ'лый	 
 	онемение		онѣмѣ'ніе	 
 	онеметь		онѣмѣ'ть (сдѣ'латься нѣмы'мъ), но онѣми'ть (сдѣ'лать нѣмы'мъ)	 
 	онемеченный		онѣме'ченный (устро'енный по нѣме'цкому образцу')	 
 	онемеют		онѣмѣ'ютъ	 
 	онемить		онѣми'ть (сдѣ'лать нѣмы'мъ), но онѣмѣ'ть (сдѣ'латься нѣмы'мъ)	 
 	они		они' (м. р. и ср. р.), онѣ' (ж. р.)	 
 	Онисим		Они'симъ	 
 	Онисифор		Онисифо'ръ	 
 	Онисий		Они'сій	 
 	оного		о'наго (того' са'маго)	 
 	ономедни		ономе'дни (ономня'сь, наме'дни, на-дня'хъ) — уcтap.	 
 	ономнясь		ономня'сь (ономе'дни, наме'дни, на-дня'хъ) — уcтap.	 
 	Оноприй		Оно'прій	 
 	Онтарио		Онта'ріо	 
 	Онуфрий		Ону'фрій	 
 	онуча		ону'ча, ону'чи (кусо'къ пло'тной мате'ріи, навёртываемый на но'гу при ноше'ніи лапте'й и'ли сапо'гъ; портя'нка)	 
 	оные		о'ные (м. р.), о'ныя (ж. р. и ср. р.)	 
 	оный		о'ный (тотъ са'мый), о'наго, о'ное, о'ная, о'но, о'ны	 
оп 	опавшее		опа'вшее	^
 	опавшие		опа'вшіе (м. р.), опа'вшія (ж. р. и ср. р.)	 
 	опавший		опа'вшій, па'вшаго	 
 	опадение		опаде'ніе	 
 	опадёт		опадётъ	 
 	опала		опа'ла (неми'лость), въ опа'лѣ	 
 	опаление		опале'ніе	 
 	опалённый		опалённый	 
 	опаляет		опаля'етъ, опаля'ете	 
 	опарение		опаре'ніе	 
 	опаршивленность		опарши'вленность	 
 	опаршивелость		опаршивѣ'лость	 
 	опасение		опасе'ніе	 
 	опасность		опа'сность	 
 	опахнётся		опахнётся	 
 	опашень		о'пашень (долгопо'лый лѣ'тній кафта'нъ съ коро'ткими широ'кими рукава'ми)	 
 	опевать		опѣва'ть	 
 	опека		опе'ка	 
 	опекать		опека'ть	 
 	опекун		опеку'нъ	 
 	опенить		опѣ'нить (покры'ть пѣ'ной)	 
 	опёнок		опёнокъ	 
 	опера		о'пера, въ о'перѣ	 
 	оперативный		операти'вный	 
 	оператор		опера'торъ	 
 	операция		опера'ція	 
 	опережать		опережа'ть, опережа'етъ, опережа'ете	 
 	опережение		опереже'ніе	 
 	опережённый		опережённый	 
 	оперение		опере'ніе, опере'нье	 
 	оперённый		оперённый	 
 	оперетка		опере'тка (опере'тта)	 
 	опереточный		опере'точный	 
 	оперетта		опере'тта (опере'тка)	 
 	опереться		опере'ться	 
 	оперившийся		опе'рившійся	 
 	оперировать		опери'ровать	 
 	опёрлись		опёрлись	 
 	оперяться		оперя'ться	 
 	опечаленный		опеча'ленный	 
 	опечатанный		опеча'танный	 
 	опечатка		опеча'тка	 
 	опешить		опѣ'шить, опѣ'шать	 
 	опиат		опіа'тъ	 
 	опий		о'пій, о'пія	 
 	опиленный		опи'ленный	 
 	опирается		опира'ется	 
 	опирание		опира'ніе	 
 	описание		описа'ніе	 
 	опиум		о'піумъ, о'пій	 
 	опишем		опи'шемъ, опи'шешь	 
 	оплавленный		опла'вленный	 
 	оплата		опла'та, въ опла'тѣ	 
 	оплатить		оплати'ть	 
 	оплаченный		опла'ченный	 
 	оплёванный		оплёванный	 
 	оплёл		оплёлъ	 
 	оплёсканный		оплёсканный	 
 	оплесневелый		оплѣсневѣ'лый	 
 	оплеснелый		оплѣ'снѣлый	 
 	оплеснуть		оплесну'ть	 
 	оплетать		оплета'ть	 
 	оплетённый		оплетённый	 
 	оплётка		оплётка	 
 	оплеуха		оплеу'ха	 
 	оплечье		опле'чье (часть оде'жды и'ли доспѣ'ховъ, покрыва'ющая пле'чи)	 
 	оплешивевший		оплѣши'вѣвшій	 
 	оплешивелый		оплѣши'вѣлый	 
 	оплешиветь		оплѣши'вѣть, оплѣши'вѣю, оплѣши'вѣетъ	 
 	оплодотворённый		оплодотворённый	 
 	оплывёшь		оплывёшь	 
 	оплюёшь		оплюёшь	 
 	оповестить		оповѣсти'ть	 
 	оповещение		оповѣще'ніе	 
 	оповещённый		оповѣщённый	 
 	опоганенный		опога'ненный	 
 	оподельдок		оподельдо'къ (мазь отъ ревмати'зма)	 
 	опоенный		опо'енный	 
 	опоённый		опоённый	 
 	опоздание		опозда'ніе	 
 	опознать		опозна'ть	 
 	опознаётся		опознаётся, опозна'ется	 
 	опозоренный		опозо'ренный	 
 	оползёшь		оползёшь	 
 	ополоснёшь		ополоснёшь	 
 	ополчение		ополче'ніе	 
 	ополье		опо'лье (широ'кое свобо'дное отъ лѣ'са простра'нство съ плодоро'дной по'чвой, удо'бной для хлѣбопа'шества)	 
 	опорожненный		опоро'жненный	 
 	опорожнённый		опорожнённый	 
 	опороченный		опоро'ченный	 
 	опорошенный		опоро'шенный	 
 	опосля		опосля' (по'слѣ) — уcтap.	 
 	опоссум		опо'ссумъ	 
 	опостылевшего		опосты'лѣвшаго	 
 	опостылевшее		опосты'лѣвшее	 
 	опостылевшие		опосты'лѣвшіе (м. р.), опосты'лѣвшія (ж. р. и ср. р.)	 
 	опостылевший		опосты'лѣвшій, опосты'лѣвшаго	 
 	опостылел		опосты'лѣлъ, опосты'лѣла, опосты'лѣли, опосты'лѣло	 
 	опостылеть		опосты'лѣть	 
 	опохмеление		опохмѣле'ніе и опохмеле'ніе	 
 	Опочецкий		Опо'чецкій (уѣ'здъ)	 
 	опочивальня		опочива'льня (спа'льня во дворцѣ', въ боя'рскихъ хоро'махъ), въ опочива'льнѣ, опочива'ленъ, опочива'льней	 
 	оппозиция		оппози'ція (противопоставле'ніе свои'хъ взгля'довъ и'ли свое'й поли'тики други'мъ взгля'дамъ и'ли поли'тикѣ)	 
 	оппонент		оппоне'нтъ (тотъ, кто возража'етъ кому'-либо, проти'вникъ въ спо'рѣ)	 
 	оппортунизм		оппортуни'змъ (приспособле'нчество, беспринци'пность)	 
 	оправление		оправле'ніе	 
 	опревать		опрѣва'ть	 
 	опрелый		опрѣ'лый	 
 	определение		опредѣле'ніе	 
 	определённее		опредѣлённѣе	 
 	определённо		опредѣлённо	 
 	определённого		опредѣлённаго	 
 	определённое		опредѣлённое	 
 	определённые		опредѣлённые (м. р.), опредѣлённыя (ж. р. и ср. р.)	 
 	определённый		опредѣлённый, опредѣлённаго	 
 	определено		опредѣлено'	 
 	определим		опредѣли'мъ	 
 	определит		опредѣли'тъ	 
 	определитель		опредѣли'тель	 
 	определить		опредѣли'ть	 
 	определишь		опредѣли'шь	 
 	определяет		опредѣля'етъ	 
 	определяется		опредѣля'ется	 
 	определять		опредѣля'ть	 
 	опреснённый		опрѣснённый	 
 	опреснитель		опрѣсни'тель	 
 	опресноки		опрѣ'сноки (восто'чныя то'нкія сухі'я лепёшки изъ прѣ'снаго тѣ'ста)	 
 	опричнина		опри'чнина и опри'чина (осо'бое во'йско Ива'на Гро'знаго, служи'вшее ему' опо'рой въ борьбѣ' съ кня'жеско-боя'рской оппози'ціей)	 
 	опричь		опри'чь (кро'мѣ) — уcтap.	 
 	опровергать		опроверга'ть, опроверга'ете, опроверга'етъ, опроверга'емъ, опроверга'ешь, опроверга'ютъ	 
 	опровергнуть		опрове'ргнуть	 
 	опровержение		опроверже'ніе, опроверже'ніемъ	 
 	опрометчиво		опроме'тчиво	 
 	опрометчивые		опроме'тчивые (м. р.), опроме'тчивыя (ж. р. и ср. р.)	 
 	опрометчивый		опроме'тчивый, опроме'тчиваго	 
 	опрометью		о'прометью (стреми'тельно, поспѣ'шно, о'чень бы'стро)	 
 	опротиветь		опроти'вѣть	 
 	опт		о'птъ и о'бтъ	 
 	оптимизм		оптими'змъ, въ оптими'змѣ	 
 	оптический		опти'ческій, опти'ческаго	 
 	оптовый		опто'вый и обто'вый, опто'ваго	 
 	опунция		опу'нція	 
 	опускает		опуска'етъ, опуска'ете, опуска'емъ, опуска'ешь, опуска'ютъ	 
 	опускается		опуска'ется, опуска'етесь, опуска'емся, опуска'ешься, опуска'ются	 
 	опустевшего		опустѣ'вшаго	 
 	опустевшее		опустѣ'вшее	 
 	опустевшие		опустѣ'вшіе (м. р.), опустѣ'вшія (ж. р. и ср. р.)	 
 	опустевший		опустѣ'вшій, опустѣ'вшаго	 
 	опустеет		опустѣ'етъ	 
 	опустел		опустѣ'лъ, опустѣ'ла, опустѣ'ли, опустѣ'ло	 
 	опустелый		опустѣ'лый, опустѣ'лаго	 
 	опустеть		опустѣ'ть	 
 	опустошение		опустоше'ніе	 
 	опустошённый		опустошённый, опустошённаго	 
 	опушённый		опушённый	 
 	опушка		опу'шка, на опу'шкѣ	 
 	опушечка		опу'шечка, на опу'шечкѣ	 
 	опущение		опуще'ніе	 
 	опущенное		опу'щенное	 
 	опущенные		опу'щенные (м. р.), опу'щенныя (ж. р. и ср. р.)	 
 	опущенный		опу'щенный, опу'щеннаго	 
 	опцион		опціо'нъ	 
 	опция		о'пція	 
 	опьяневшего		опьянѣ'вшаго	 
 	опьяневшие		опьянѣ'вшіе (м. р.), опьянѣ'вшія (ж. р. и ср. р.)	 
 	опьяневший		опьянѣ'вшій	 
 	опьянение		опьянѣ'ніе (не опъянѣ'ніе!)	 
 	опьянённый		опьянённый (отъ пьяни'ть)	 
 	опьянеть		опьянѣ'ть (не опъянѣ'ть!)	 
 	опыление		опыле'ніе	 
 	опылённый		опылённый	 
 	опытен		о'пытенъ	 
 	опять-таки		опя'ть-таки'	 
ор 	орава		ора'ва и ара'ва (безпоря'дочное, шу'мное сбо'рище)	^
 	оракул		ора'кулъ (прорица'ніе, исходя'щее отъ божества'; гада'тельная кни'га)	 
 	орало		ора'ло (соха') — уcтap., перекова'ть мечи' на ора'ла; ора'ть — паха'ть	 
 	орангутан		орангута'нъ, ора'нгъ-ута'нъ	 
 	Оранжевая		Ора'нжевая	 
 	оранжевое		ора'нжевое	 
 	оранжевые		ора'нжевые (м. р.), ора'нжевыя (ж. р. и ср. р.)	 
 	оранжевый		ора'нжевый, ора'нжеваго	 
 	оранжерея		оранжере'я, въ оранжере'ѣ	 
 	орание		ора'ніе (отъ ора'ть — крича'ть и паха'ть)	 
 	Ораниенбаум		Ораніенба'умъ	 
 	Ораниенбург		Ораніенбу'ргъ	 
 	орарь		ора'рь (зна'къ дья'конскаго са'на въ ви'дѣ вы'шитой и'ли цвѣтно'й ле'нты)	 
 	оратор		ора'торъ, объ ора'торѣ	 
 	оратория		орато'рія (кру'пное музыка'льное произведе'ніе для хо'ра, соли'стовъ-пѣвцо'въ и орке'стра), орато'ріей	 
 	орать		ора'ть (крича'ть), ору', орётъ, ору'тъ	 
 	орать		ора'ть (паха'ть), орю', о'ретъ, о'рютъ — уcтap.	 
 	орбита		орби'та, на орби'тѣ	 
 	орган		о'рганъ (о'рганъ тѣ'ла, въ о'рганѣ), орга'нъ (музыка'льный инструме'нтъ, на орга'нѣ)	 
 	организация		организа'ція, организа'ціей	 
 	организм		органи'змъ, въ органи'змѣ	 
 	организованность		организо'ванность	 
 	организует		организу'етъ	 
 	органический		органи'ческій	 
 	Оргеев		Оргѣ'евъ	 
 	оргия		о'ргія (разгу'льное пи'ршество, вакхана'лія), о'ргіей	 
 	орден		о'рденъ, объ о'рденѣ	 
 	ордер		о'рдеръ, въ о'рдерѣ	 
 	ординарец		ордина'рецъ	 
 	ординарный		ордина'рный (обыкнове'нный), но одина'рный (не двойно'й)	 
 	оребрённый		оребрённый	 
 	Орегон		Орего'нъ	 
 	орёл		орёлъ	 
 	Оренбург		Оренбу'ргъ	 
 	Орентий		Оре'нтій	 
 	ореол		орео'лъ	 
 	Орест		Оре'стъ	 
 	орех		орѣ'хъ	 
 	Орехов		Орѣ'ховъ	 
 	ореховка		орѣ'ховка	 
 	ореховый		орѣ'ховый	 
 	орешек		орѣ'шекъ	 
 	орешник		орѣ'шникъ	 
 	орешь		о'решь (па'шешь) — уcтap.	 
 	орёшь		орёшь (кричи'шь)	 
 	оржавелый		оржавѣ'лый	 
 	Ориген		Ориге'нъ	 
 	оригинал		оригина'лъ, въ оригина'лѣ	 
 	ориентализм		оріентали'змъ (восто'чный, оріента'льный хара'ктеръ чего'-либо)	 
 	ориентальный		оріента'льный (восто'чный)	 
 	ориентирование		оріенти'рованіе	 
 	ориентология		оріентоло'гія (востоковѣ'дѣніе)	 
 	Орион		Оріо'нъ	 
 	оркестр		орке'стръ, въ орке'стрѣ	 
 	оркестрант		оркестра'нтъ	 
 	оркестрина		оркестри'на	 
 	оркестрион		оркестріо'нъ	 
 	оркестровка		оркестро'вка	 
 	Орлеан		Орлеа'нъ	 
 	Орлеанская дева		Орлеа'нская дѣ'ва	 
 	орлёнок		орлёнокъ	 
 	орлец		орле'цъ (минера'лъ родони'тъ; кру'глый ко'врикъ съ вы'тканнымъ изображе'ніемъ орла', кото'рый кладу'тъ подъ но'ги архіере'ю въ це'ркви)	 
 	орнамент		орна'ментъ, въ орна'ментѣ	 
 	оробев		оробѣ'въ	 
 	оробеет		оробѣ'етъ, оробѣ'емъ, оробѣ'ютъ, оробѣ'ешь	 
 	оробейте		оробѣ'йте	 
 	оробело		оробѣ'ло	 
 	оробелые		оробѣ'лые (м. р.), оробѣ'лыя (ж. р. и ср. р.)	 
 	оробелый		оробѣ'лый, оробѣ'лаго, оробѣ'лая	 
 	оробеть		оробѣ'ть, оробѣ'лъ, оробѣ'ла, оробѣ'ли	 
 	орошение		ороше'ніе	 
 	орошённый		орошённый	 
 	орсель		орсе'ль (краси'льный мохъ, даю'щій кра'сную кра'ску и ла'кмусъ)	 
 	ортодоксальные		ортодокса'льные (м. р.), ортодокса'льныя (ж. р. и ср. р.)	 
 	ортодоксия		ортодо'ксія	 
 	ортопедический		ортопеди'ческій	 
 	ортопедия		ортопе'дія	 
 	орудие		ору'діе	 
 	оружейник		оруже'йникъ	 
 	оружейное		оруже'йное	 
 	оруженосец		оружено'сецъ	 
 	оружейные		оруже'йные (м. р.), оруже'йныя (ж. р. и ср. р.)	 
 	оружие		ору'жіе, ору'жіемъ, объ ору'жіи, пoэт. ору'жье	 
 	Орфей		Орфе'й	 
 	орфеон		орфео'нъ (музыка'льный инструме'нтъ, разнови'дность клави'ра)	 
 	орфеум		орфе'умъ (мѣ'сто пѣ'вческихъ и'ли музыка'льныхъ собра'ній)	 
 	орфизм		о'рфизмъ (мисти'ческое уче'ніе въ Дре'вней Гре'ціи)	 
 	орфический		орфи'ческій (мисти'ческій)	 
 	орфограф		орѳо'графъ	 
 	орфографии		орѳогра'фіи, орѳогра'фіей	 
 	орфографический		орѳографи'ческій, орѳографи'ческаго	 
 	орфография		орѳогра'фія (пра'вильное написа'ніе сло'въ), правописа'ніе	 
 	орфотония		орѳото'нія (пра'вильное ударе'ніе)	 
 	орфоэпия		орѳоэ'пія (пра'вильное литерату'рное произноше'ніе)	 
 	орхидея		орхиде'я	 
 	Орхомен		Орхоме'нъ	 
ос 	осадное		оса'дное	^
 	осаждение		осажде'ніе	 
 	осаждённый		осаждённый	 
 	осатанение		осатане'ніе	 
 	осатаневший		осатанѣ'вшій	 
 	осатанеть		осатанѣ'ть	 
 	осваивать		осва'ивать (но усво'ивать, присво'ивать!)	 
 	осведомитель		освѣдоми'тель	 
 	осведомить		освѣдоми'ть (сообщи'ть)	 
 	осведомиться		освѣ'домиться	 
 	осведомившись		освѣ'домившись	 
 	осведомление		освѣдомле'ніе	 
 	осведомлённый		освѣдомлённый	 
 	освежать		освѣжа'ть, освѣжи'ть	 
 	освежёванный		освѣжёванный	 
 	освежевать		освѣжева'ть	 
 	освежённый		освѣжённый	 
 	освежить		освѣжи'ть, освѣжа'ться, освѣже'ніе	 
 	осветить		освѣти'ть	 
 	осветлённый		освѣтлённый	 
 	осветлить		освѣтли'ть	 
 	освещать		освѣща'ть	 
 	освещение		освѣще'ніе (свѣ'тъ), но освяще'ніе (святи'ть)	 
 	освещённый		освѣщённый	 
 	освидетельствование		освидѣ'тельствованіе	 
 	освобождение		освобожде'ніе	 
 	освобождённый		освобождённый, освобождённаго	 
 	освоение		освое'ніе	 
 	освящение		освяще'ніе (святи'ть), но освѣще'ніе (свѣ'тъ)	 
 	освящённый		освящённый	 
 	осевой		осево'й	 
 	осевший		осѣ'вшій	 
 	оседавший		осѣда'вшій	 
 	оседание		осѣда'ніе	 
 	оседлание		осѣдла'ніе	 
 	осёдланный		осѣдланный	 
 	осёдлый		осѣ'длый	 
 	осёкся		осѣ'кся	 
 	осел		осѣ'лъ (пони'зился), но осёлъ (живо'тное)	 
 	осёл		осёлъ (живо'тное), но осѣ'лъ (пони'зился)	 
 	оселедец		оселе'децъ (дли'нный чубъ, оставля'емый на те'мени вы'бритой головы' у украи'нцевъ)	 
 	оселок		осело'къ (точи'льный ка'мень въ ви'дѣ бруска'), на оселкѣ'	 
 	осеменатор		осѣмена'торъ	 
 	осеменение		осѣмене'ніе	 
 	осеменённый		осѣменённый	 
 	осеменить		осѣмени'ть	 
 	осенение		осѣне'ніе	 
 	осенённый		осѣнённый	 
 	осенило		осѣни'ло, осѣня'ть	 
 	осенить		осѣни'ть, осѣня'ть	 
 	осениться		осѣни'ться, осѣня'ться	 
 	осеннего		осе'нняго	 
 	осеннее		осе'ннее	 
 	осенние		осе'нніе (м. р.), осе'ннія (ж. р. и ср. р.)	 
 	осенний		осе'нній, осе'нняго	 
 	осень		о'сень, осе'нній, о'сенью	 
 	осенять		осѣня'ть, осѣни'ло, осѣни'ть	 
 	осеняться		осѣня'ться, осѣни'ться	 
 	осердиться		осерди'ться (разсерди'ться, разозли'ться)	 
 	осеребрение		осеребре'ніе	 
 	осеребрённый		осеребрённый	 
 	осерение		осѣре'ніе	 
 	осеривание		осѣ'риваніе	 
 	осерчать		осерча'ть (разсерди'ться)	 
 	осесть		осѣ'сть	 
 	Осетия		Осе'тія	 
 	осётр		осётръ, объ осетрѣ', осетра', осетро'въ, осетро'вый	 
 	осетрина		осетри'на	 
 	осечка		осѣ'чка, при осѣ'чкѣ	 
 	осечься		осѣ'чься	 
 	осиление		осиле'ніе (оси'лить — спра'виться, поборо'ть, одолѣ'ть)	 
 	осина		оси'на, на оси'нѣ	 
 	осинение		осине'ніе	 
 	осиротевшие		осиротѣ'вшіе (м. р.), осиротѣ'вшія (ж. р. и ср. р.)	 
 	осиротевший		осиротѣ'вшій	 
 	осиротелый		осиротѣ'лый	 
 	осиротеть		осиротѣ'ть	 
 	Осия		Осі'я	 
 	осияние		осія'ніе (осія'ть — освѣти'ть, озари'ть)	 
 	оскаленный		оска'ленный	 
 	осквернение		оскверне'ніе	 
 	осквернённый		осквернённый	 
 	осклабленный		оскла'бленный	 
 	осклизлый		оскли'злый и осли'злый (покры'тый сли'зью, мо'крый и ско'льзкій)	 
 	оскомина		оско'мина, объ оско'минѣ	 
 	оскопление		оскопле'ніе	 
 	оскоплённый		оскоплённый	 
 	оскорбительный		оскорби'тельный	 
 	оскорбление		оскорбле'ніе	 
 	оскорблённый		оскорблённый	 
 	оскоромление		оскоро'мленіе	 
 	оскудевание		оскудѣва'ніе	 
 	оскудеть		оскудѣ'ть	 
 	ослабеть		ослабѣ'ть	 
 	ослабевание		ослабѣва'ніе	 
 	ослабить		осла'бить	 
 	ослабление		ослабле'ніе	 
 	ославление		ославле'ніе	 
 	ослёнок		ослёнокъ	 
 	ослепительный		ослѣпи'тельный, ослѣпи'тельнаго	 
 	ослепить		ослѣпи'ть	 
 	ослеплён		ослѣплёнъ	 
 	ослепление		ослѣпле'ніе	 
 	ослепшие		ослѣ'пшіе (м. р.), ослѣ'пшія (ж. р. и ср. р.)	 
 	ослепший		ослѣ'пшій, ослѣ'пшаго	 
 	осложнение		осложне'ніе	 
 	осложнённый		осложнённый	 
 	осмеём		осмѣёмъ	 
 	осмеёшь		осмѣёшь	 
 	осмеивать		осмѣ'ивать	 
 	осмелиться		осмѣ'литься	 
 	осмёток		осмётокъ (ошмётокъ, обно'сокъ)	 
 	осмеяние		осмѣя'ніе	 
 	осмоление		осмоле'ніе	 
 	осмолённый		осмолённый	 
 	осмотреть		осмотрѣ'ть, осмо'трѣнъ	 
 	осмысление		осмысле'ніе	 
 	оснащён		оснащёнъ	 
 	оснащение		оснаще'ніе	 
 	оснащённый		оснащённый	 
 	основа		осно'ва, въ осно'вѣ	 
 	основание		основа'ніе	 
 	основать		основа'ть, оснуётъ, оснуёшь, оснуёмъ, осную'	 
 	основное		основно'е, основно'го	 
 	основные		основны'е (м. р.), основны'я (ж. р. и ср. р.)	 
 	особенно		осо'бенно, въ осо'бенности	 
 	особенное		осо'бенное, осо'беннаго	 
 	особенность		осо'бенность	 
 	особенные		осо'бенные (м. р.), осо'бенныя (ж. р. и ср. р.)	 
 	особенный		осо'бенный, осо'беннаго	 
 	особливо		особли'во, особли'вый (отдѣ'льный; не похо'жій на други'хъ, осо'бенный)	 
 	особого		осо'баго	 
 	особое		осо'бое, осо'баго	 
 	особоодарённый		особоодарённый, особоодарённаго	 
 	особые		осо'бые (м. р.), осо'быя (ж. р. и ср. р.)	 
 	осовелый		осовѣ'лый	 
 	осоветь		осовѣ'ть	 
 	Осовец		Осове'цъ	 
 	осоеды		осоѣ'ды	 
 	осознаёшь		осознаёшь, осозна'ешь	 
 	осознание		осозна'ніе, осозна'ніемъ	 
 	осока		осо'ка, въ осо'кѣ	 
 	осоловелый		осоловѣ'лый	 
 	осоловеть		осоловѣ'ть	 
 	осопливевший		осопли'вѣвшій	 
 	осопливеть		осопли'вѣть	 
 	оспенный		о'спенный	 
 	оспоренный		оспо'ренный	 
 	осрамлённый		осрамлённый	 
 	Оссиан		Оссіа'нъ	 
 	оставленного		оста'вленнаго	 
 	оставляет		оставля'етъ	 
 	оставшегося		оста'вшагося	 
 	оставьте		оста'вьте	 
 	остаёшься		остаёшься	 
 	остальное		остально'е	 
 	остальные		остальны'е (м. р.), остальны'я (ж. р. и ср. р.)	 
 	останавливать		остана'вливать	 
 	останется		оста'нется (не оста'неться!)	 
 	Остафий		Оста'ѳій	 
 	остающегося		остаю'щагося, остаю'щійся	 
 	остевой		остево'й	 
 	остекленеть		остекленѣ'ть, остекленѣ'вшій	 
 	остеклённый		остеклённый, остеклённаго	 
 	Остенде		Осте'нде	 
 	Остен-Сакен		О'стенъ-Са'кенъ	 
 	остеология		остеоло'гія	 
 	остепенение		остепене'ніе	 
 	остепенённый		остепенённый	 
 	Остер		О'стеръ	 
 	остёр		остёръ	 
 	остервенение		остервенѣ'ніе	 
 	остерегаться		остерега'ться	 
 	остерёгся		остерёгся	 
 	остережение		остереже'ніе	 
 	остерия		остері'я (тракти'ръ, харче'вня)	 
 	Остзее		Остзе'е	 
 	Ост-Индия		О'стъ-И'ндія	 
 	Остия		О'стія	 
 	остов		о'стовъ и о'ставъ	 
 	остолбеневший		остолбенѣ'вшій	 
 	остолбенеть		остолбенѣ'ть	 
 	осторожен		осторо'женъ	 
 	осторожнее		осторо'жнѣе	 
 	осторожное		осторо'жное	 
 	осторожные		осторо'жные (м. р.), осторо'жныя (ж. р. и ср. р.)	 
 	осточертеть		осточертѣ'ть, осточертѣ'ло, осточертѣ'ли, осточертѣ'ла	 
 	острастка		остра'стка	 
 	острее		острѣ'е	 
 	острейшего		острѣ'йшаго	 
 	острейшее		острѣ'йшее	 
 	острейшие		острѣ'йшіе (м. р.), острѣ'йшія (ж. р. и ср. р.)	 
 	острейший		острѣ'йшій, острѣ'йшаго	 
 	острекать		острека'ть, острека'етъ, острека'ться (оже'чь крапи'вой) и обстрека'ть, обстрека'етъ, обстрека'ться	 
 	острённый		острённый, острённаго, острённое	 
 	остренькие		о'стренькіе (м. р.), о'стренькія (ж. р. и ср. р.)	 
 	остренько		о'стренько	 
 	остренького		о'стренькаго	 
 	остренькое		о'стренькое	 
 	острец		остре'цъ (со'рное расте'ніе семе'йства зла'ковъ, ро'дственное пыре'ю)	 
 	остриё		остріё и остреё, востріё и востреё	 
 	остриженный		остри'женный, остри'женнаго	 
 	острижёшь		острижёшь	 
 	остров		о'стровъ, на о'стровѣ	 
 	островерхий		острове'рхій	 
 	Островский		Остро'вскій	 
 	острог		остро'гъ, въ остро'гѣ	 
 	острое		о'строе, о'страго	 
 	острожные		остро'жные (м. р.), остро'жныя (ж. р. и ср. р.)	 
 	остроконечный		остроконе'чный	 
 	Остроленка		Остроле'нка	 
 	Остромир		Остроми'ръ, Остроми'рово Ева'нгеліе	 
 	острорёбрый		острорёбрый	 
 	остроумец		остроу'мецъ, остроу'мцемъ	 
 	остроумие		остроу'міе	 
 	остроумнее		остроу'мнѣе	 
 	острые		о'стрые (м. р.), о'стрыя (ж. р. и ср. р.)	 
 	Остужев		Осту'жевъ	 
 	остуженный		осту'женный, осту'женнаго, осту'женъ	 
 	осуждение		осужде'ніе	 
 	осуждённый		осуждённый	 
 	осушение		осуше'ніе	 
 	осуществление		осуществле'ніе	 
 	осуществлённый		осуществлённый	 
 	осыпаемость		осыпа'емость	 
 	осьмерик		осьмери'къ, восьмери'къ (мѣ'ра въ во'семь едини'цъ)	 
 	осьмеричный		осьмери'чный, восьмери'чный	 
 	осязание		осяза'ніе	 
от 	отбегать		отбѣга'ть	^
 	отбежал		отбѣжа'лъ	 
 	отбей		отбе'й, отбе'йте	 
 	отбейте		отбе'йте	 
 	отбелённый		отбѣлённый	 
 	отбеливание		отбѣ'ливаніе	 
 	отберёшь		отберёшь	 
 	отберу		отберу'	 
 	отблеск		о'тблескъ, въ о'тблескѣ	 
 	отблёскивал		отблёскивалъ	 
 	отболеть		отболѣ'ть	 
 	отбор		отбо'ръ, при отбо'рѣ	 
 	отбредёт		отбредётъ	 
 	отбрёл		отбрёлъ	 
 	отбрёхиваться		отбрёхиваться	 
 	отброшенный		отбро'шенный	 
 	отбрыкнёшься		отбрыкнёшься	 
 	отваленный		отва'ленный	 
 	отваренный		отва'ренный	 
 	отведайте		отвѣ'дайте	 
 	отведать		отвѣ'дать	 
 	отведение		отведе'ніе	 
 	отведённый		отведённый, отведённаго	 
 	отведёшь		отведёшь	 
 	отвезённый		отвезённый, отвезённаго	 
 	отвезти		отвезти' и отве'зть	 
 	отвёл		отвёлъ	 
 	отвенчать		отвѣнча'ть	 
 	отвергать		отверга'ть	 
 	отвергаться		отверга'ться	 
 	отвергает		отверга'етъ, отверга'емъ, отверга'ешь, отверга'ютъ	 
 	отвергнет		отве'ргнетъ, отве'ргнемъ, отве'ргнешь, отве'ргнутъ	 
 	отвергнутый		отве'ргнутый, отве'ргнутаго	 
 	отвердеть		отвердѣ'ть	 
 	отверждённый		отверждённый	 
 	отверженного		отве'рженнаго	 
 	отверженные		отве'рженные (м. р.), отве'рженныя (ж. р. и ср. р.)	 
 	отверженный		отве'рженный, отве'рженнаго	 
 	отверзнуть		отве'рзнуть, отве'рзнетъ	 
 	отверзнуться		отве'рзнуться, отве'рзнется	 
 	отверзть		отве'рзть, отве'рзетъ, отве'рстый, отве'рстъ	 
 	отвернёшься		отвернёшься	 
 	отвернуться		отверну'ться	 
 	отвёрнутый		отвёрнутый	 
 	отверстие		отве'рстіе и отве'рзтіе	 
 	отверстый		отве'рстый, отве'рстъ (отве'рзть)	 
 	отвёртка		отвёртка	 
 	отвертеться		отвертѣ'ться	 
 	отвес		отвѣ'съ	 
 	отвесить		отвѣ'сить	 
 	отвесный		отвѣ'сный	 
 	отвести		отвести' и отве'сть, отвёлъ	 
 	отвинченный		отви'нченный	 
 	ответ		отвѣ'тъ, въ отвѣ'тѣ, къ отвѣ'ту, нѣтъ отвѣ'та, отвѣ'ты	 
 	ответвление		отвѣтвле'ніе	 
 	ответвлённый		отвѣтвлённый	 
 	ответил		отвѣ'тилъ, отвѣ'тимъ, отвѣ'титъ, отвѣ'тишь, отвѣ'тятъ	 
 	ответить		отвѣ'тить, отвѣ'тятъ	 
 	ответного		отвѣ'тнаго	 
 	ответное		отвѣ'тное	 
 	ответные		отвѣ'тные (м. р.), отвѣ'тныя (ж. р. и ср. р.)	 
 	ответный		отвѣ'тный, отвѣ'тнаго	 
 	ответственного		отвѣ'тственнаго	 
 	ответственность		отвѣ'тственность	 
 	ответственные		отвѣ'тственные (м. р.), отвѣ'тственныя (ж. р. и ср. р.)	 
 	ответственный		отвѣ'тственный, отвѣ'тственнаго	 
 	ответчик		отвѣ'тчикъ, объ отвѣ'тчикѣ	 
 	ответчица		отвѣ'тчица, отвѣ'тчицей	 
 	ответь		отвѣ'ть	 
 	ответят		отвѣ'тятъ	 
 	отвечает		отвѣча'етъ, отвѣча'емъ, отвѣча'ешь, отвѣча'емый	 
 	отвечать		отвѣча'ть, отвѣча'ю, отвѣча'ешь, отвѣча'емъ, отвѣча'етъ	 
 	отвечен		отвѣ'ченъ, отвѣ'чены	 
 	отвеченный		отвѣ'ченный	 
 	отвечу		отвѣ'чу	 
 	отвешивание		отвѣ'шиваніе	 
 	отвещать		отвѣща'ть	 
 	отвильнёт		отвильнётъ	 
 	отвлекает		отвлека'етъ	 
 	отвлекать		отвлека'ть	 
 	отвлёкший		отвлёкшій	 
 	отвлечённый		отвлечённый	 
 	отвлечь		отвле'чь, отвлеку', отвлечётъ, отвлеку'тъ, отвлёкъ, отвлекла'	 
 	отвлечься		отвле'чься, отвлечёшься	 
 	отвне		отвнѣ' (извнѣ', снару'жи) — уcтap.	 
 	отвоёванный		отвоёванный	 
 	отвоевать		отвоева'ть	 
 	отволочённый		отволочённый	 
 	отворенный		отво'ренный	 
 	отворённый		отворённый	 
 	отворить		отвори'ть	 
 	отворожённый		отворожённый	 
 	отвороченный		отворо'ченный	 
 	отвоюем		отвою'емъ	 
 	отвратителен		отврати'теленъ	 
 	отвратительно		отврати'тельно	 
 	отвращение		отвраще'ніе	 
 	отвращённый		отвращённый	 
 	отглаженный		отгла'женный	 
 	отговорённый		отговорённый	 
 	отговеть		отговѣ'ть	 
 	отговорённый		отговорённый	 
 	отгоревать		отгорева'ть	 
 	отгореть		отгорѣ'ть	 
 	отгранённый		отгранённый	 
 	отграфлённый		отграфлённый	 
 	отгребать		отгреба'ть	 
 	отгребённый		отгребённый	 
 	отгрёбший		отгрёбшій	 
 	отгреметь		отгремѣ'ть	 
 	отгрести		отгрести'	 
 	отгружённый		отгружённый	 
 	отгрызенный		отгры'зенный	 
 	отгрызёшь		отгрызёшь	 
 	отдавленный		отда'вленный	 
 	отдаёт		отдаётъ, отдаёшь, отдаёмъ, отдаёте	 
 	отдаёте		отдаёте	 
 	отдаёшься		отдаёшься	 
 	отдайте		отда'йте	 
 	отдаление		отдале'ніе	 
 	отдалённый		отдалённый	 
 	отдаренный		отда'ренный	 
 	отдарённый		отдарённый	 
 	отдающего		отдаю'щаго	 
 	отдежурить		отдежу'рить	 
 	отдел		отдѣ'лъ, въ отдѣ'лѣ	 
 	отделается		отдѣ'лается	 
 	отделаться		отдѣ'латься, отдѣ'лался (легко' отдѣ'лался), отдѣ'лалась, отдѣ'лались, отдѣ'лаешься, отдѣ'лаюсь, отдѣ'лываться	 
 	отделение		отдѣле'ніе	 
 	отделённый		отдѣлённый (команди'ръ отдѣле'нія; вы'дѣленный въ самостоя'тельную едини'цу)	 
 	отделится		отдѣ'лится	 
 	отделиться		отдѣли'ться	 
 	отделка		отдѣ'лка, въ отдѣ'лкѣ	 
 	отдельная		отдѣ'льная	 
 	отдельно		отдѣ'льно, по отдѣ'льности	 
 	отдельного		отдѣ'льнаго	 
 	отдельное		отдѣ'льное	 
 	отдельный		отдѣ'льный, отдѣ'льными, отдѣ'льнаго, отдѣ'льной, отдѣ'льныхъ	 
 	отдельные		отдѣ'льные (м. р.), отдѣ'льныя (ж. р. и ср. р.)	 
 	отделывать		отдѣ'лывать	 
 	отдёргавший		отдёргавшій	 
 	отдёрганный		отдёрганный	 
 	отдерёшь		отдерёшь	 
 	отдёрнешь		отдёрнешь	 
 	отдёрнувший		отдёрнувшій	 
 	отдёрнуть		отдёрнуть	 
 	отдёрнутый		отдёрнутый	 
 	отдохнёшь		отдохнёшь	 
 	отдохновение		отдохнове'ніе	 
 	отдых		о'тдыхъ, на о'тдыхѣ	 
 	отдыхает		отдыха'етъ, отдыха'ешь, отдыха'емъ	 
 	отдыхать		отдыха'ть	 
 	отёк		отёкъ	 
 	отёклый		отёклый	 
 	отёкший		отёкшій	 
 	отёл		отёлъ	 
 	отеление		отеле'ніе	 
 	Отелло		Оте'лло	 
 	отель		оте'ль, въ оте'лѣ	 
 	отемневший		отемнѣ'вшій (отъ отемнѣ'ть)	 
 	отемнение		отемнѣ'ніе (отъ отемнѣ'ть), отемне'ніе (отъ отемни'ть)	 
 	отемнённый		отемнённый (отъ отемни'ть)	 
 	отемнеть		отемнѣ'ть (сдѣ'латься темнѣ'е)	 
 	отемнить		отемни'ть (сдѣ'лать темнѣ'е)	 
 	отенённый		отѣнённый	 
 	отеплённый		отеплённый	 
 	отёр		отёръ (лицо'), но оттёръ (конкуре'нта)	 
 	отеребить		отереби'ть	 
 	отереть		отере'ть (что'-нибу'дь), но оттере'ть (кого'-нибу'дь)	 
 	отёрлись		отёрлись	 
 	отёсанный		отёсанный	 
 	отесать		отеса'ть	 
 	отец		оте'цъ, отцо'въ уcт., цeрк. отце'въ, объ отцѣ'	 
 	отеческий		оте'ческій, оте'ческаго, о'тчій	 
 	отечественная		оте'чественная	 
 	отечественное		оте'чественное	 
 	отечественные		оте'чественные (м. р.), оте'чественныя (ж. р. и ср. р.)	 
 	отечественный		оте'чественный, оте'чественнаго	 
 	отечество		оте'чество, въ оте'чествѣ	 
 	отёчный		отёчный	 
 	отечь		оте'чь	 
 	отжатие		отжа'тіе	 
 	отжёванный		отжёванный	 
 	отжёг		отжёгъ, (не отжо'гъ :)	 
 	отжёгший		отжёгшій	 
 	отжечь		отже'чь	 
 	отживёшь		отживёшь	 
 	отжуёшь		отжуёшь	 
 	отзовёшься		отзовёшься	 
 	отит		оти'тъ	 
 	отказывает		отка'зываетъ, отка'зываете, отка'зываемъ, отка'зываешь	 
 	отказывается		отка'зывается, отка'зываетесь, отка'зываемся, отка'зываешься	 
 	откачнётся		откачнётся	 
 	откеда		отке'да прoст. (отку'да)	 
 	откедова		отке'дова прoст. (отку'да)	 
 	откель		отке'ль, отке'лева	 
 	отклёванный		отклёванный	 
 	отклевать		отклева'ть	 
 	отклеенный		откле'енный	 
 	отклеить		откле'ить	 
 	отклёпанный		отклёпанный	 
 	отклонение		отклоне'ніе	 
 	отклонённый		отклонённый	 
 	отклюёт		отклюётъ	 
 	отключённый		отключённый	 
 	отковырнёшь		отковырнёшь	 
 	откозырнёт		откозырнётъ	 
 	отколе		отко'лѣ (отку'да) — уcтap.	 
 	отколупнёшь		отколупнёшь	 
 	откормленный		отко'рмленный	 
 	откочевать		откочева'ть	 
 	откочёвка		откочёвка	 
 	откошенный		отко'шенный	 
 	откреплённый		открѣплённый	 
 	открестится		откре'стится	 
 	откреститься		открести'ться	 
 	открещиваться		откре'щиваться	 
 	откровение		открове'ніе	 
 	откровеннее		открове'ннѣе	 
 	откровенно		открове'нно	 
 	откровенный		открове'нный	 
 	откроение		открое'ніе	 
 	откроет		откро'етъ, откро'емъ, откро'ешь	 
 	открывается		открыва'ется	 
 	открывайте		открыва'йте	 
 	открывающегося		открыва'ющагося, открыва'ющейся, открыва'ющееся	 
 	открытее		откры'тѣе (бо'лѣе откры'то)	 
 	открытие		откры'тіе	 
 	открытое		откры'тое	 
 	открытые		откры'тые (м. р.), откры'тыя (ж. р. и ср. р.)	 
 	откуда		отку'да (прoст. отку'дова, отке'да, отке'дова)	 
 	откуёшь		откуёшь	 
 	откупорение		отку'пореніе	 
 	отлагать		отлага'ть	 
 	отлегание		отлега'ніе	 
 	отлегло		отлегло'	 
 	отлёгший		отлёгшій	 
 	отлежать		отлежа'ть	 
 	отлёживать		отлёживать	 
 	отлезть		отлѣ'зть	 
 	отлепить		отлѣпи'ть	 
 	отлёт		отлётъ, въ отлётѣ	 
 	отлетать		отлета'ть	 
 	отлететь		отлетѣ'ть	 
 	отлечь		отле'чь	 
 	отлит		отли'тъ, отли'таго	 
 	отличавшегося		отлича'вшагося	 
 	отличает		отлича'етъ, отлича'ешь, отлича'емъ	 
 	отличается		отлича'ется, отлича'ешься	 
 	отличающееся		отлича'ющееся	 
 	отличающиеся		отлича'ющіеся (м. р.), отлича'ющіяся (ж. р. и ср. р.)	 
 	отличение		отличе'ніе	 
 	отличённый		отличённый	 
 	отличие		отли'чіе, въ отли'чіе отъ	 
 	отличнее		отли'чнѣе	 
 	отличнейший		отли'чнѣйшій	 
 	отлично		отли'чно	 
 	отличного		отли'чнаго	 
 	отличное		отли'чное	 
 	отличные		отли'чные (м. р.), отли'чныя (ж. р. и ср. р.)	 
 	отлогое		отло'гое	 
 	отложе		отло'же (бо'лѣе отло'гій)	 
 	отложение		отложе'ніе	 
 	отложенный		отло'женный	 
 	отложить		отложи'ть	 
 	отлучение		отлуче'ніе	 
 	отлучённый		отлучённый	 
 	отмалёвывать		отмалёвывать	 
 	отманённый		отманённый	 
 	отмахнёшься		отмахнёшься	 
 	отмежевать		отмежева'ть	 
 	отмежёванный		отмежёванный	 
 	отмёл		отмёлъ	 
 	отмель		о'тмель	 
 	отмена		отмѣ'на, при отмѣ'нѣ	 
 	отменён		отмѣнёнъ, отмѣнена', отмѣнены', отмѣни'тъ, отмѣ'нишь	 
 	отменённый		отмѣнённый, отмѣнённаго	 
 	отменить		отмѣни'ть, отмѣня'лъ, отмѣни'лъ, отмѣни'ли, отмѣню'	 
 	отмениться		отмѣни'ться, отмѣ'нится	 
 	отменно		отмѣ'нно	 
 	отменные		отмѣ'нные (м. р.), отмѣ'нныя (ж. р. и ср. р.)	 
 	отменный		отмѣ'нный, отмѣ'ненъ, отмѣ'нна, отмѣ'ннаго	 
 	отменять		отмѣня'ть, отмѣня'етъ, отмѣня'ешь	 
 	отменяться		отмѣня'ться, отмѣня'ется	 
 	отмеренный		отмѣ'ренный	 
 	отмёрзший		отмёрзшій	 
 	отмереть		отмере'ть	 
 	отмерить		отмѣ'рить, отмѣря'етъ	 
 	отмерший		отме'ршій и о'тмершій	 
 	отмести		отмести' (му'соръ въ сто'рону)	 
 	отместка		отме'стка, въ отме'стку	 
 	отмётанный		отмётанный	 
 	отметать		отмета'ть, отмета'ю, отмета'ешь, отмета'емъ	 
 	отметённый		отметённый	 
 	отметить		отмѣ'тить	 
 	отметка		отмѣ'тка, на отмѣ'ткѣ	 
 	отмётший		отмётшій	 
 	отмечание		отмѣча'ніе (лучше — пра'зднованіе)	 
 	отмечать		отмѣча'ть	 
 	отмечен		отмѣ'ченъ	 
 	отмеченный		отмѣ'ченный	 
 	отмечено		отмѣ'чено	 
 	отмоленный		отмо'ленный	 
 	отмоченный		отмо'ченный	 
 	отмученный		отму'ченный	 
 	отморожение		отмороже'ніе	 
 	отмщение		отмще'ніе	 
 	отмщённый		отмщённый	 
 	отнекаться		отнѣ'каться, отнѣ'кается	 
 	отнекивание		отнѣ'киваніе	 
 	отнекиваться		отнѣ'киваться, отнѣ'кивается	 
 	отнёс		отнёсъ, отнесла', отнесли', отнесло'	 
 	отнесение		отнесе'ніе	 
 	отнесённый		отнесённый, отнесённаго, отнесёнъ, отнесена', отнесены'	 
 	отнёсся		отнёсся, отнесла'сь, отнесли'сь, отнесло'сь	 
 	отнести		отнести', отнесу', отнесётъ, отнесёмъ, отнесёшь, отнесёте	 
 	отнестись		отнести'сь, отнесу'сь, отнесётся, отнесёмся, отнесёшься, отнесётесь	 
 	отнёсший		отнёсшій, отнёсшаго	 
 	отнёсшийся		отнёсшійся, отнёсшагося	 
 	отнимает		отнима'етъ, отнима'емъ, отнима'ешь	 
 	отнимем		отни'мемъ	 
 	отнимет		отни'метъ, отни'мете	 
 	отнимется		отни'мется	 
 	отнимешь		отни'мешь	 
 	относительно		относи'тельно	 
 	относящийся		относя'щійся, относя'щихся, относя'щимся	 
 	отношение		отноше'ніе	 
 	отныне		отны'нѣ	 
 	отнюдь		отню'дь (совсѣ'мъ, во'все, нико'имъ о'бразомъ)	 
 	отобедал		отобѣ'далъ	 
 	отображает		отобража'етъ	 
 	отображается		отобража'ется	 
 	отображение		отображе'ніе	 
 	отображением		отображе'ніемъ	 
 	отображённый		отображённый	 
 	отобьёшься		отобьёшься	 
 	отоврётся		отоврётся	 
 	отовсюду		отовсю'ду и отвсю'ду	 
 	отогнёшься		отогнёшься	 
 	отогретый		отогрѣ'тый	 
 	отождествлённый		отождествлённый	 
 	отожествлённый		отожествлённый	 
 	отожжённый		отожжённый	 
 	отожжёт		отожжётъ, (не отожжо'тъ :)	 
 	отожмёшь		отожмёшь	 
 	отойдёшь		отойдёшь	 
 	отойти		отойти'	 
 	отолжётся		отолжётся	 
 	отольётся		отольётся	 
 	отомкнётся		отомкнётся	 
 	отомнёт		отомнётъ	 
 	отомрёт		отомрётъ	 
 	отомщевать		отомщева'ть	 
 	отомщённый		отомщённый	 
 	отопление		отопле'ніе	 
 	отопрёшь		отопрёшь	 
 	отопрёшься		отопрёшься	 
 	отопьёшь		отопьёшь	 
 	оторвёшь		оторвёшь	 
 	оторопеть		оторопѣ'ть	 
 	отороченный		оторо'ченный (обши'тый по края'мъ чѣ'мъ-либо)	 
 	ототкнёшь		ототкнёшь	 
 	отошёл		отошёлъ	 
 	отошлёшь		отошлёшь	 
 	отошьёшь		отошьёшь	 
 	отпадёшь		отпадёшь	 
 	отпевание		отпѣва'ніе	 
 	отпёкший		отпёкшій	 
 	отпереть		отпере'ть	 
 	отпёрший		отпёршій	 
 	отпеть		отпѣ'ть	 
 	отпетый		отпѣ'тый	 
 	отпечаток		отпеча'токъ	 
 	отпечённый		отпечённый	 
 	отпечь		отпе'чь	 
 	отпиленный		отпи'ленный	 
 	отпихнёшься		отпихнёшься	 
 	отплаченный		отпла'ченный	 
 	отплеваться		отплева'ться	 
 	отплёвываться		отплёвываться	 
 	отплёлся		отплёлся	 
 	отплескаться		отплеска'ться	 
 	отплёскивать		отплёскивать	 
 	отплеснёт		отплеснётъ	 
 	отплетённый		отплетённый	 
 	отплёснутый		отплёснутый	 
 	отплётший		отплётшій	 
 	отплывёт		отплывётъ	 
 	отплюёшься		отплюёшься	 
 	отповедь		о'тповѣдь (стро'гое и неодобри'тельное возраже'ніе, осужде'ніе, вы'говоръ)	 
 	отпоенный		отпо'енный	 
 	отпоёшь		отпоёшь	 
 	отползёшь		отползёшь	 
 	отпотеть		отпотѣ'ть	 
 	отправитель		отправи'тель	 
 	отправление		отправле'ніе	 
 	отправленный		отпра'вленный	 
 	отпрядённый		отпрядённый	 
 	отпряжённый		отпряжённый	 
 	отпрячь		отпря'чь	 
 	отпугнёшь		отпугнёшь	 
 	отпущение		отпуще'ніе	 
 	отравление		отравле'ніе	 
 	отражает		отража'етъ	 
 	отражающее		отража'ющее	 
 	отражение		отраже'ніе	 
 	отражённый		отражённый	 
 	отрасль		о'трасль	 
 	отрастать		отраста'ть	 
 	отрастёт		отрастётъ	 
 	отращённый		отращённый	 
 	отребье		отре'бье (него'дныя оста'тки), но отре'пье (лохмо'тья)	 
 	отревём		отревёмъ	 
 	отрез		отрѣ'зъ	 
 	отрезать		отрѣ'зать	 
 	отрезвел		отрезвѣ'лъ	 
 	отрезвлённый		отрезвлённый	 
 	отрезок		отрѣ'зокъ	 
 	отрекаться		отрека'ться	 
 	отрёкшийся		отрёкшійся	 
 	отрёпанный		отрёпанный	 
 	отрепье		отре'пье (лохмо'тья), но отре'бье (него'дныя оста'тки)	 
 	Отрепьев		Отре'пьевъ	 
 	отрётесь		отрётесь	 
 	отречение		отрече'ніе (но рѣчь!)	 
 	отречённый		отречённый, отречённаго	 
 	отречёшься		отречёшься	 
 	отречься		отре'чься (но рѣчь!)	 
 	отрешать		отрѣша'ть	 
 	отрешённый		отрѣшённый	 
 	отрешить		отрѣши'ть	 
 	отрешиться		отрѣши'ться	 
 	отрёшься		отрёшься	 
 	отринет		отри'нетъ, отри'нуть (отве'ргнуть, отбро'сить)	 
 	отрицательно		отрица'тельно	 
 	отроду		о'троду (нaрeч. никогда' — о'троду не ви'дѣлъ тако'го)	 
 	от роду		отъ-ро'ду (сyщ. отъ рожде'нія — пяти' лѣ'тъ о'тъ роду)	 
 	отродье		отро'дье (поро'да; пото'мокъ, о'тпрыскъ; порожде'ніе зло'го нача'ла)	 
 	отроение		отрое'ніе (отдѣле'ніе ча'сти пчёлъ для образова'нія но'ваго ро'я)	 
 	отроённый		отроённый	 
 	отроческий		о'троческій, о'троческаго	 
 	отрочество		о'трочество (во'зрастъ ме'жду дѣ'тствомъ и ю'ностью), о'трокъ, отрокови'ца	 
 	отруби		о'труби, отрубе'й, о'трубное	 
 	отрыв		отры'въ, въ отры'вѣ	 
 	отрывается		отрыва'ется	 
 	отрыгнёшь		отрыгнёшь	 
 	отряжённый		отряжённый	 
 	отрясённый		отрясённый	 
 	отряхнёшься		отряхнёшься	 
 	отсаженный		отса'женный	 
 	отсвет		о'тсвѣтъ	 
 	отсебятина		отсебя'тина	 
 	отсев		отсѣ'въ	 
 	отсек		отсѣ'къ (на су'днѣ), въ отсѣ'кѣ	 
 	отсёк		отсѣ'къ (чит. ё, отъ отсѣка'ть)	 
 	отсёкший		отсѣ'кшій	 
 	отселе		отсе'лѣ, отсе'ль (отсю'да)	 
 	отселение		отселе'ніе	 
 	отселённый		отселённый	 
 	отсечь		отсѣ'чь	 
 	отсечённый		отсѣчённый	 
 	отсеять		отсѣ'ять	 
 	отсидеть		отсидѣ'ть	 
 	отсиженный		отси'женный	 
 	отскребать		отскреба'ть	 
 	отскребёшь		отскребёшь	 
 	отследить		отслѣди'ть	 
 	отслеживать		отслѣ'живать	 
 	отслоение		отслое'ніе	 
 	отслоённый		отслоённый	 
 	отслонённый		отслонённый	 
 	отслюнённый		отслюнённый	 
 	отсмеётся		отсмѣётся	 
 	отсмеивание		отсмѣ'иваніе	 
 	отсоветовать		отсовѣ'товать	 
 	отсоединённый		отсоединённый	 
 	отсосёшь		отсосёшь	 
 	отставка		отста'вка, въ отста'вкѣ	 
 	отстаёшь		отстаёшь	 
 	отстёганный		отстёганный	 
 	отстегать		отстега'ть	 
 	отстёгивать		отстёгивать	 
 	отстегнуть		отстегну'ть	 
 	отстёжка		отстёжка	 
 	отстой		отстой, (не ацто'й :)	 
 	отстранённый		отстранённый	 
 	отстрел		отстрѣ'лъ	 
 	отстреленный		отстрѣ'ленный (па'лецъ), но отстрѣ'лянный (на охо'тѣ звѣ'рь)	 
 	отстрелянный		отстрѣ'лянный (на охо'тѣ звѣ'рь), но отстрѣ'ленный (па'лецъ)	 
 	отстрижёшь		отстрижёшь	 
 	отстроенный		отстро'енный	 
 	отступление		отступле'ніе	 
 	отсутствие		отсу'тствіе	 
 	отсчётный		отсчётный	 
 	отсырел		отсырѣ'лъ	 
 	отсюда же		отсю'да-же	 
 	оттаивать		отта'ивать	 
 	отталкивать		отта'лкивать	 
 	оттащить		оттащи'ть	 
 	оттеда		отте'да, отте'дова (отту'да) — уcтap.	 
 	оттёкший		оттёкшій	 
 	оттель		отте'ль, отте'лева (отту'да) — уcтap.	 
 	оттенённый		оттѣнённый	 
 	оттенок		оттѣ'нокъ, въ оттѣ'нкѣ	 
 	оттенять		оттѣня'ть, оттѣня'етъ	 
 	оттепель		о'ттепель	 
 	оттёр		оттёръ (конкуре'нта), но отёръ (лицо')	 
 	оттереблённый		оттереблённый	 
 	оттереть		оттере'ть (кого'-нибу'дь), но отере'ть (что'-нибу'дь)	 
 	оттёршийся		оттёршійся	 
 	оттёсанный		оттёсанный	 
 	оттеснённый		оттѣснённый	 
 	оттеснять		оттѣсня'ть	 
 	оттечёт		оттечётъ	 
 	оттиск		о'ттискъ	 
 	оттого		оттого' (сoю'зъ), но отъ того', кото'рый съ кра'ю	 
 	оттоле		отто'лѣ, отто'ль, отто'лева (отту'да) — уcтap.	 
 	оттолкнёшься		оттолкнёшься	 
 	оттолкнуть		оттолкну'ть	 
 	оттоманка		оттома'нка (широ'кій мя'гкій дива'нъ съ поду'шками, замѣня'ющими спи'нку, съ ва'ликами по бока'мъ)	 
 	оттопыренное		оттопы'ренное	 
 	отторжение		отторже'ніе	 
 	отточенный		отто'ченный	 
 	отточие		отто'чіе	 
 	оттрёпанный		оттрёпанный	 
 	оттрясённый		оттрясённый	 
 	оттряхнёт		оттряхнётъ	 
 	оттуда		отту'да	 
 	оттушёванный		оттушёванный	 
 	отуманенный		отума'ненный, отума'ненъ	 
 	отуманивание		отума'ниваніе, отума'ниваетъ	 
 	отупение		отупѣ'ніе	 
 	отупление		отупле'ніе	 
 	отучение		отуче'ніе	 
 	отучить		отучи'ть	 
 	отучнение		отучнѣ'ніе	 
 	отхаркивающее		отха'ркивающее (сре'дство)	 
 	отхлебнёшь		отхлебнёшь	 
 	отхлебнуть		отхлебну'ть	 
 	отхлёбывать		отхлёбывать	 
 	отхлёстанный		отхлёстанный	 
 	отхлестать		отхлеста'ть	 
 	отхожего		отхо'жаго	 
 	отхожее		отхо'жее мѣ'сто (убо'рная съ выгребно'й я'мой), отхо'жія мѣста'	 
 	отхожие		отхо'жіе (м. р.), отхо'жія (ж. р. и ср. р.)	 
 	отхожий		отхо'жій про'мыселъ (вре'менная сезо'нная рабо'та крестья'нъ внѣ свое'й дере'вни)	 
 	отхотеть		отхотѣ'ть	 
 	отцвёл		отцвѣ'лъ (подъ ударе'ніемъ произно'сится ё)	 
 	отцвести		отцвѣсти', отцвѣ'сть	 
 	отцветать		отцвѣта'ть	 
 	отцветёшь		отцвѣтёшь	 
 	отцветший		отцвѣ'тшій	 
 	отцеубийца		отцеубі'йца	 
 	отцедить		отцѣди'ть	 
 	отцеловать		отцѣлова'ть	 
 	отцепить		отцѣпи'ть	 
 	отциклёванный		отциклёванный	 
 	отцов		отцо'въ, уcт., цeрк. отце'въ	 
 	отцовский		отцо'вскій, отцо'вскаго	 
 	отцовского		отцо'вскаго	 
 	отцовское		отцо'вское	 
 	отчаёвничать		отчаёвничать	 
 	отчаиваться		отча'иваться	 
 	отчаленный		отча'ленный	 
 	отчасти		отча'сти	 
 	отчаяние		отча'яніе и отча'янье, отча'янный, въ отча'яніи и въ отча'яньи, отча'яніемъ и отча'яньемъ	 
 	отче		о'тче (звaтeльный пaдeжъ отъ оте'цъ)	 
 	Отче наш		О'тче нашъ (моли'тва)	 
 	отчего		о'тчаго (отъ о'тчій, отцо'вскій)	 
 	отчего		отчего' (сoю'зъ), но отъ чего' э'то зави'ситъ	 
 	отчее		о'тчее (отцо'вское)	 
 	отчеканить		отчека'нить	 
 	отчёрканный		отчёрканный	 
 	отчёркивать		отчёркивать	 
 	отчерпать		отчерпа'ть	 
 	отчерпнёт		отчерпнётъ	 
 	отчертить		отчерти'ть	 
 	отчёсанный		отчёсанный	 
 	отчесать		отчеса'ть	 
 	отчество		о'тчество	 
 	отчёт		отчётъ, въ отчётѣ	 
 	отчётистый		отчётистый (отчётливый)	 
 	отчётливее		отчётливѣе	 
 	отчётливо		отчётливо	 
 	отчётливого		отчётливаго	 
 	отчётливое		отчётливое, отчётливаго	 
 	отчётливость		отчётливость	 
 	отчётливые		отчётливые (м. р.), отчётливыя (ж. р. и ср. р.)	 
 	отчётный		отчётный, отчётнаго	 
 	отчизна		отчи'зна, объ отчи'знѣ	 
 	отчий		о'тчій (отцо'вскій, родно'й), о'тчаго, о'тчее	 
 	отчим		о'тчимъ и во'тчимъ (мужъ ма'тери по отноше'нію къ ея' дѣ'тямъ отъ предыду'щаго бра'ка)	 
 	отчина и дедина		о'тчина и дѣ'дина (владѣ'ніе отца' и дѣ'да, т. е. наслѣ'дственное владѣ'ніе)	 
 	отчисление		отчисле'ніе	 
 	отчичи и дедичи		о'тчичи и дѣ'дичи (зако'нные наслѣ'дники и владѣ'тели въ тре'тьемъ коле'нѣ)	 
 	отчленённый		отчленённый	 
 	отчуждённый		отчуждённый	 
 	отшагнёшь		отшагнёшь	 
 	отшатнёшься		отшатнёшься	 
 	отшвырнёшь		отшвырнёшь	 
 	отшелушённый		отшелушённый	 
 	отшельник		отше'льникъ	 
 	отшибает		отшиба'етъ	 
 	отшибёшь		отшибёшь	 
 	отшлёпать		отшлёпать	 
 	отшпаклевать		отшпаклева'ть	 
 	отщёлкнуть		отщёлкнуть (крючо'къ), отщелкну'ть (скорлупу')	 
 	отщепенец		отщепе'нецъ	 
 	отщепиться		отщепи'ться	 
 	отщепление		отщепле'ніе	 
 	отщеплённый		отщеплённый	 
 	отщипнёшь		отщипнёшь	 
 	отымённый		отымённый (ра'нѣе — отъимённый), отыменно'й (образо'ванный отъ и'мени существи'тельнаго и'ли прилага'тельнаго)	 
 	отыскать		отыска'ть (ра'нѣе — отъиска'ть)	 
 	отыщет		оты'щетъ (ра'нѣе — отъище'тъ), оты'щете, оты'щемъ, оты'щешь	 
 	отъедать		отъѣда'ть	 
 	отъединённый		отъединённый	 
 	отъезд		отъѣ'здъ	 
 	отъём		отъёмъ	 
 	отъёрзать		отъёрзать	 
 	отъёрничать		отъёрничать	 
 	отъесть		отъѣ'сть	 
 	отъемлемый		отъе'млемый	 
 	отъявленный		отъя'вленный	 
 	отэкзаменовать		отъэкзаменова'ть	 
 	отяготение		отяготѣ'ніе	 
 	отягощение		отягоще'ніе	 
 	отягощённый		отягощённый	 
 	отягчённый		отягчённый	 
 	отяжелевший		отяжелѣ'вшій	 
 	отяжелённый		отяжелённый	 
оу 	Оуэн		О'уэнъ	^
оф 	Офелия		Офе'лія	^
 	офеня		офе'ня (торго'вецъ, продава'вшій по деревня'мъ галантере'ю, мануфакту'ру, кни'жки; усло'вный жарго'нъ э'тихъ торго'вцевъ), офе'ней	 
 	оферта		офе'рта	 
 	офицер		офице'ръ, офице'ры (не офицера'!), офице'ровъ (не офицеро'въ!)	 
 	офицерик		офице'рикъ, офице'ришка	 
 	офицерство		офице'рство, офице'рскій	 
 	офицерша		офице'рша (рaзг. жена' офице'ра)	 
 	офицерьё		офицерьё, офицерня', офице'рщина — рaзг., прeзр.	 
 	офицеры		офице'ры (господа' офице'ры, не офицера'!)	 
 	официал		офиціа'лъ	 
 	официально		офиціа'льно	 
 	официального		офиціа'льнаго	 
 	официальное		офиціа'льное	 
 	официальные		офиціа'льные (м. р.), офиціа'льныя (ж. р. и ср. р.)	 
 	официальный		офиціа'льный (не оффиціа'льный!), офиціа'льнаго	 
 	официант		офиціа'нтъ, офиціа'нтка, офиціа'нтскій	 
 	официоз		офиціо'зъ, офиціо'зный, офиціо'знаго	 
 	оформитель		оформи'тель, объ оформи'телѣ, оформи'телемъ	 
 	оформить		офо'рмить, офо'рмилъ, офо'рмили, офо'рмила	 
 	оформление		оформле'ніе, оформле'ніемъ	 
 	оформленное		офо'рмленное	 
 	оформленные		офо'рмленные (м. р.), офо'рмленныя (ж. р. и ср. р.)	 
 	оформленный		офо'рмленный, офо'рмленнаго	 
 	оформляем		офо'рмляемъ, оформля'ешь, офо'рмляетъ, офо'рмляете, офо'рмляемый, офо'рмляемаго	 
 	оформляемые		офо'рмляемые (м. р.), офо'рмляемыя (ж. р. и ср. р.)	 
 	офорт		офо'ртъ (бума'жный о'ттискъ съ протра'вленной кислото'й гравю'ры на мета'ллѣ)	 
 	офтальмология		офталмоло'гія (нау'ка о строе'ніи гла'за, глазны'хъ болѣ'зняхъ и ихъ лѣче'ніи)	 
 	Оффенбах		Оффенба'хъ	 
 	Оффенбург		Оффенбу'ргъ	 
ох 	охабень		о'хабень, о'хобень (широ'кій кафта'нъ съ больши'мъ откидны'мъ во'ротомъ и про'рѣзями въ дли'нныхъ рукава'хъ)	^
 	охание		о'ханіе	 
 	охапка		оха'пка (но'ша, кото'рую мо'жно унести', обхвати'въ рука'ми)	 
 	охваченный		охва'ченный	 
 	охладевать		охладѣва'ть	 
 	охладеть		охладѣ'ть	 
 	охлаждение		охлажде'ніе	 
 	охлаждённый		охлаждённый	 
 	охлёстанный		охлёстанный	 
 	охлопье		охло'пье, охло'покъ (клокъ па'кли, пе'ньки и'ли льна, уже не го'дный для пря'жи)	 
 	охмелённый		охмелённый и охмѣлённый	 
 	охмелеть		охмелѣ'ть и охмѣ'лѣть	 
 	охмурённый		охмурённый	 
 	охолощённый		охолощённый (кастри'рованный)	 
 	охота		охо'та, на охо'тѣ	 
 	охотнее		охо'тнѣе	 
 	охотник		охо'тникъ, объ охо'тникѣ	 
 	охотничек		охо'тничекъ	 
 	охотничий		охо'тничій	 
 	охотничье		охо'тничье, охо'тничьяго	 
 	охотничьего		охо'тничьяго	 
 	охотовед		охотовѣ'дъ	 
 	охотоведение		охотовѣ'дѣніе	 
 	охотоведческое		охотовѣ'дческое	 
 	Охотское		Охо'тское (мо'ре)	 
 	охочего		охо'чаго	 
 	охочее		охо'чее	 
 	охочие		охо'чіе (м. р.), охо'чія (ж. р. и ср. р.)	 
 	охочий		охо'чій, охо'чаго	 
 	охра		о'хра и во'хра, о'хренный; о'хровый; охря'ный (приро'дная жёлтая и'ли кра'сная кра'ска)	 
 	охрана		охра'на, въ охра'нѣ, охране'ніе	 
 	охранение		охране'ніе	 
 	охранённый		охранённый	 
 	охраняет		охраня'етъ, охраня'емъ, охраня'ете, охраня'ешь, охраня'йте	 
 	охромелый		охромѣ'лый	 
 	Охта		О'хта, на О'хтѣ	 
 	охтинец		о'хтенецъ, о'хтенцемъ, о'хтенцевъ	 
 	охтинка		о'хтенка, о'хтенокъ	 
 	охтинские		о'хтенскіе (м. р.), о'хтенскія (ж. р. и ср. р.)	 
 	охтинский		о'хтенскій, о'хтенскаго	 
 	охтинского		о'хтенскаго	 
 	охтинское		о'хтенское	 
 	охуление		охуле'ніе	 
 	охулённый		охулённый	 
оц 	оцелот		оцело'тъ (больша'я ди'кая ко'шка)	^
 	оценённый		оцѣнённый	 
 	оценим		оцѣ'нимъ	 
 	оценит		оцѣ'нитъ, оцѣ'ните, оцѣ'нимъ, оцѣ'нишь, оцѣ'нятъ	 
 	оценить		оцѣни'ть	 
 	оценишь		оцѣ'нишь	 
 	оценка		оцѣ'нка, оцѣни'ть, оцѣ'нивать, въ оцѣ'нкѣ	 
 	оценке		въ оцѣ'нкѣ	 
 	оценочное		оцѣ'ночное	 
 	оценят		оцѣ'нятъ	 
 	оцепенение		оцѣпенѣ'ніе	 
 	оцепенённый		оцѣпенѣ'нный	 
 	оцепенеть		оцѣпенѣ'ть	 
 	оцепить		оцѣпи'ть	 
 	оцеплен		оцѣ'пленъ	 
 	оцепление		оцѣпле'ніе	 
 	оцет		о'цетъ, о'цта, о'цту (у'ксусъ)	 
оч 	очаровательно		очарова'тельно	^
 	очаровательного		очарова'тельнаго	 
 	очаровательное		очарова'тельное	 
 	очаровательные		очарова'тельные (м. р.), очарова'тельныя (ж. р. и ср. р.)	 
 	очаровательный		очарова'тельный, очарова'тельнаго	 
 	очаровывание		очаро'вываніе, очаро'выванье	 
 	очевиден		очеви'денъ	 
 	очевидец		очеви'децъ, очеви'дцевъ, очеви'дцемъ, объ очеви'дцѣ	 
 	очевидица		очеви'дица	 
 	очевидно		очеви'дно, очеви'денъ	 
 	очевидное		очеви'дное	 
 	очевидность		очеви'дность (Капита'нъ Очеви'дность гаранти'руетъ э'то :)	 
 	очеканить		очека'нить	 
 	очёлок		очёлокъ, очёлъ, шесто'къ (ка'менная площа'дка пе'редъ у'стьемъ печи')	 
 	очень		о'чень	 
 	очерёд		очерёдъ	 
 	очередное		очередно'е	 
 	очередной		очередно'й, очередно'го	 
 	очередные		очередны'е (м. р.), очередны'я (ж. р. и ср. р.)	 
 	очерёдный		очерёдный, очерёднаго	 
 	очерёдность		очерёдность	 
 	очередь		о'чередь	 
 	очерет		очере'тъ (травяни'стое боло'тное расте'ніе, родъ камыша')	 
 	очерк		о'черкъ, въ о'черкѣ	 
 	очёркивать		очёркивать	 
 	очернение		очерне'ніе	 
 	очернённый		очернённый	 
 	очерствелый		очерствѣ'лый	 
 	очерствлённый		очерствлённый	 
 	очертание		очерта'ніе	 
 	очертить		очерти'ть	 
 	очертя		очертя' го'лову	 
 	очёсанный		очёсанный	 
 	очёсок		очёсокъ (отбро'сы пряди'льныхъ матеріа'ловъ)	 
 	очечник		оче'чникъ	 
 	очи		о'чи (глаза'), оче'й очарова'нье	 
 	очиненный		очи'ненный	 
 	очищение		очище'ніе	 
 	очнётся		очнётся	 
 	очнёшься		очнёшься	 
 	очумевший		очумѣ'вшій	 
 	очумелый		очумѣ'лый, очумѣ'лаго	 
 	очуметь		очумѣ'ть (одурѣ'ть)	 
 	очувствлённый		очувствлённый	 
ош 	ошалеть		ошалѣ'ть	^
 	ошаренный		оша'ренный, обша'ренный (обыска'ть, тща'тельно ощу'пывая)	 
 	ошейник		оше'йникъ (но моше'нник!), въ оше'йникѣ	 
 	ошеломить		ошеломи'ть	 
 	ошеломлённый		ошеломлённый, ошеломлённаго	 
 	ошелушение		ошелуше'ніе	 
 	ошелушённый		ошелушённый	 
 	ошельмование		ошельмова'ніе (объяви'ть подлецо'мъ, ше'льмой; опозо'рить, обезче'стить)	 
 	ошибёшься		ошибёшься, ошибётся, ошибётесь	 
 	ошмётки		ошмётки	 
 	ошмёток		ошмётокъ (осмётокъ, обно'сокъ)	 
 	ошпаренный		ошпа'ренный	 
 	ошуюю		ошу'ю (слѣ'ва, влѣ'во) — уcтap., см. ткж. одесну'ю, не ошу'йную! — уcтap.	 
ощ 	ощениться		ощени'ться	^
 	ощетиниться		ощети'ниться	 
 	ощутимее		ощути'мѣе	 
 	ощутимое		ощути'мое, ощути'маго	 
 	ощутите		ощути'те, ощути'тельно	 
 	ощущаемое		ощуща'емое, ощуща'емаго	 
 	ощущает		ощуща'етъ, ощуща'емъ, ощуща'ешь	 
 	ощущение		ощуще'ніе, ощуще'ніемъ, ощуще'ніямъ, ощуще'нію	 
 	ощущённый		ощущённый, ощущённаго	 
ою 	оюнелый		оюнѣ'лый (помолодѣ'вшій), оюнѣ'ть