уб 	убавление		убавле'ніе	^
 	убегать		убѣга'ть, убѣ'чь	 
 	убедившись		убѣди'вшись	 
 	убедился		убѣди'лся, убѣди'лась, убѣди'лись	 
 	убедительная		убѣди'тельная	 
 	убедительнее		убѣди'тельнѣе	 
 	убедительнейший		убѣди'тельнѣйшій	 
 	убедительно		убѣди'тельно	 
 	убедительные		убѣди'тельные (м. р.), убѣди'тельныя (ж. р. и ср. р.)	 
 	убедитесь		убѣди'тесь	 
 	убедится		убѣди'тся, убѣдя'тся	 
 	убедить		убѣди'ть	 
 	убедиться		убѣди'ться	 
 	убедясь		убѣдя'сь	 
 	убедят		убѣдя'тъ	 
 	убежавшие		убѣжа'вшіе (м. р.), убѣжа'вшія (ж. р. и ср. р.)	 
 	убежавший		убѣжа'вшій	 
 	убежавшими		убѣжа'вшими	 
 	убежал		убѣжа'лъ, убѣжа'ла, убѣжа'ли	 
 	убежать		убѣжа'ть, убѣга'ть	 
 	убеждал		убѣжда'лъ, убѣжда'ла, убѣжда'ли, убѣжда'ло	 
 	убеждать		убѣжда'ть	 
 	убеждён		убѣждёнъ, убѣждена', убѣждены'	 
 	убеждение		убѣжде'ніе, убѣжде'ніемъ	 
 	убеждённый		убѣждённый, убѣждённѣе, убѣждённѣйшій	 
 	убежище		убѣ'жище, въ убѣ'жищѣ	 
 	убей		убе'й, убе'йте	 
 	убейте		убе'йте	 
 	убелённый		убѣлённый	 
 	убелить		убѣли'ть	 
 	убелять		убѣля'ть	 
 	уберегать		уберега'ть	 
 	уберёгшийся		уберёгшійся	 
 	убережённый		убережённый	 
 	уберётесь		уберётесь	 
 	уберечь		убере'чь	 
 	уберёшься		уберёшься	 
 	уберите		убери'те, убери'тесь	 
 	уберут		уберу'тъ	 
 	убивает		убива'етъ, убива'емъ, убива'ешь	 
 	убивается		убива'ется, убива'емся, убива'ешься	 
 	убивайте		убива'йте	 
 	убивец		уби'вецъ	 
 	убиен		убіе'нъ	 
 	убиение		убіе'ніе	 
 	убиением		убіе'ніемъ	 
 	убиенного		убіе'ннаго	 
 	убиенное		убіе'нное	 
 	убиенные		убіе'нные (м. р.), убіе'нныя (ж. р. и ср. р.)	 
 	убиенный		убіе'нный, убіе'ннаго	 
 	убийственного		убі'йственнаго	 
 	убийственно		убі'йственно	 
 	убийственное		убі'йственное	 
 	убийственные		убі'йственные (м. р.), убі'йственныя (ж. р. и ср. р.)	 
 	убийственный		убі'йственный, убі'йственнаго	 
 	убийство		убі'йство, объ убі'йствѣ	 
 	убийца		убі'йца, объ убі'йцѣ	 
 	ублаготворённый		ублаготворённый	 
 	ублажённый		ублажённый	 
 	убогие		убо'гіе (м. р.), убо'гія (ж. р. и ср. р.)	 
 	убогий		убо'гій, убо'гаго	 
 	убогое		убо'гое	 
 	убогонький		убо'гонькій, убо'гонькаго	 
 	убожество		убо'жество	 
 	убредёшь		убредёшь	 
 	убудет		убу'детъ	 
 	убьём		убьёмъ	 
 	убьёт		убьётъ	 
 	убьёшь		убьёшь	 
 	убьёшься		убьёшься	 
 	убыстрённый		убыстрённый	 
ув 	уважаемого		уважа'емаго	^
 	уважаемые		уважа'емые (м. р.), уважа'емыя (ж. р. и ср. р.)	 
 	уважаемый		уважа'емый	 
 	уважает		уважа'етъ	 
 	уважение		уваже'ніе	 
 	уважительный		уважи'тельный	 
 	уважьте		ува'жьте (отъ ува'жить)	 
 	увалень		у'валень (лѣнтя'й, лежебо'къ, со'ня, неповоро'тливый, ували'вшійся)	 
 	уваренный		ува'ренный	 
 	уведённый		уведённый	 
 	уведёмъ		уведёмъ	 
 	уведётъ		уведётъ	 
 	уведёшь		уведёшь	 
 	уведомить		увѣ'домить	 
 	уведомление		увѣдомле'ніе	 
 	уведу		уведу'	 
 	увезённый		увезённый, увезённаго	 
 	увезёшь		увезёшь	 
 	увезти		увезти' и уве'зть	 
 	увековечить		увѣковѣ'чить	 
 	увёл		увёлъ	 
 	увеличение		увеличе'ніе	 
 	увеличенный		увели'ченный	 
 	увеличить		увели'чить	 
 	увенчать		увѣнча'ть	 
 	уверен		увѣ'ренъ	 
 	уверение		увѣре'ніе, увѣре'нія	 
 	увереннее		увѣ'реннѣе	 
 	увереннейший		увѣ'реннѣйшій	 
 	уверенность		увѣ'ренность	 
 	уверить		увѣ'рить	 
 	увернёшься		увернёшься	 
 	увернуться		уверну'ться	 
 	увёрнутый		увёрнутый	 
 	уверовать		увѣ'ровать	 
 	увёрстанный		увёрстанный	 
 	увёрстывать		увёрстывать	 
 	увертеться		увертѣ'ться	 
 	увёртка		увёртка	 
 	увёртливый		увёртливый	 
 	увёртывать		увёртывать	 
 	увертюра		увертю'ра	 
 	уверять		увѣря'ть, увѣря'ю, увѣря'ешь, увѣря'ете, увѣря'ютъ, увѣря'емъ	 
 	увеселение		увеселе'ніе	 
 	увеселённый		увеселённый	 
 	увеселительного		увесели'тельнаго	 
 	увеселительное		увесели'тельное	 
 	увеселительные		увесели'тельные (м. р.), увесели'тельныя (ж. р. и ср. р.)	 
 	увеселительный		увесели'тельный, увесели'тельнаго	 
 	увесить		увѣ'сить	 
 	увесистый		увѣ'систый	 
 	увести		увести', уведу', уведёшь, увёлъ, увела', увело', уве'дшій, уведённый, уведёнъ, уведена', уведено', уведя'	 
 	увет		увѣ'тъ (увѣща'ніе, совѣ'тъ)	 
 	увечный		увѣ'чный, увѣ'чнаго	 
 	увечье		увѣ'чье, увѣ'чій	 
 	увешанный		увѣ'шанный (отъ увѣ'шать)	 
 	увешать		увѣ'шать	 
 	увешенный		увѣ'шенный (отъ увѣ'сить)	 
 	увещание		увѣща'ніе	 
 	увещевать		увѣщева'ть и увѣщава'ть	 
 	увидевший		уви'дѣвшій	 
 	увиденный		уви'дѣнный	 
 	увидеть		уви'дѣть	 
 	увидит		уви'дитъ	 
 	увильнёшь		увильнёшь	 
 	увлажнённый		увлажнённый	 
 	увлёк		увлёкъ, увлекла', увлекли', увлекло'	 
 	увлекает		увлека'етъ, увлека'ется	 
 	увлекательно		увлека'тельно, увлека'тельное	 
 	увлекать		увлека'ть, увлека'ться	 
 	увлёкся		увлёкся, увлекла'сь, увлекли'сь	 
 	увлёкшийся		увлёкшійся	 
 	увлечение		увлече'ніе	 
 	увлечённый		увлечённый, увлечённаго	 
 	увлечётесь		увлечётесь	 
 	увлечётся		увлечётся	 
 	увлечь		увле'чь, увлеку', увлечётъ, увлеку'тъ, увлёкъ, увлекла'	 
 	увлечься		увле'чься, увлечётся	 
 	уволенный		уво'ленный, уво'леннаго	 
 	уволочённый		уволочённый	 
 	увольнение		увольне'ніе	 
 	увольте		уво'льте	 
 	увриер		увріе'ръ (рабо'тникъ)	 
 	увриерка		увріе'рка (рабо'тница)	 
 	увьётся		увьётся	 
 	увядать		увяда'ть, увя'дшее	 
уг 	углеводороды		углеводоро'ды	^
 	углеводы		углево'ды	 
 	углекислый		углеки'слый	 
 	углём		углёмъ	 
 	углеподъёмный		углеподъёмный	 
 	углерод		углеро'дъ	 
 	Углич		У'гличъ, въ У'гличѣ, у'гличскій	 
 	угломер		угломѣ'ръ	 
 	углублённый		углублённый	 
 	углядел		углядѣ'лъ	 
 	углядеть		углядѣ'ть	 
 	угнездиться		угнѣзди'ться	 
 	угнетает		угнета'етъ	 
 	угнетатель		угнета'тель, угнета'телемъ, объ угнета'телѣ	 
 	угнетать		угнета'ть	 
 	угнетение		угнете'ніе	 
 	угнетённый		угнетённый	 
 	уговорённый		уговорённый	 
 	угодье		уго'дье	 
 	угождение		угожде'ніе	 
 	угол		у'голъ, въ углу' и матем. въ углѣ', во главу' угла'	 
 	уголёк		уголёкъ	 
 	уголёчек		уголёчекъ	 
 	уголовник		уголо'вникъ, объ уголо'вникѣ	 
 	уголовного		уголо'внаго (уголо'вный), но головно'го (головно'й)	 
 	уголовное		уголо'вное дѣ'ло	 
 	уголовные		уголо'вные (м. р.), уголо'вныя (ж. р. и ср. р.)	 
 	уголок		уголо'къ, въ уголкѣ'	 
 	уголь		у'голь, им. п. мн. ч. у'гли и у'голья, у'глей, у'гольевъ	 
 	угомонённый		угомонённый	 
 	угорать		угара'ть	 
 	угорелый		угорѣ'лый	 
 	угореть		угорѣ'ть	 
 	угощает		угоща'етъ, угоща'ете, угоща'емъ, угоща'ешь	 
 	угощается		угоща'ется, угоща'етесь, угоща'емся, угоща'ешься	 
 	угощение		угоще'ніе, угоще'нія	 
 	угощённый		угощённый	 
 	угребать		угреба'ть	 
 	угребёт		угребётъ	 
 	угревать		угрѣва'ть	 
 	угреватый		угрева'тый	 
 	угревой		угревой (отъ у'горь — прыщъ)	 
 	угрёвый		угрёвый (отъ у'горь — ры'ба)	 
 	угрёнок		угрёнокъ	 
 	угретый		угрѣ'тый	 
 	Угреша		Угрѣ'ша, Нико'ло-Угрѣ'шскій монасты'рь	 
 	угрызение		угрызе'ніе	 
 	угрызённый		угрызённый	 
 	угрюмее		угрю'мѣе	 
 	угрюметь		угрю'мѣть, угрю'мѣю, угрю'мѣешь, угрю'мѣвшій	 
 	угрюмое		угрю'мое, угрю'маго	 
 	угрюмые		угрю'мые (м. р.), угрю'мыя (ж. р. и ср. р.)	 
уд 	удавленник		уда'вленникъ	^
 	удаётся		удаётся	 
 	удаление		удале'ніе (не удоле'ніе!)	 
 	удалённый		удалённый, удалёнъ	 
 	удалец		удале'цъ	 
 	удалой		удало'й	 
 	удалый		уда'лый	 
 	удаляет		удаля'етъ, удаля'емъ, удаля'ешь, удаля'ютъ	 
 	удаляется		удаля'ется, удаля'емся, удаля'ешься, удаля'ются	 
 	удаляйтесь		удаля'йтесь	 
 	удалять		удаля'ть	 
 	удаляться		удаля'ться	 
 	удар		ударъ, въ уда'рѣ	 
 	ударение		ударе'ніе	 
 	ударенный		уда'ренный, пpоcт. вда'ренный (пы'льнымъ мѣшко'мъ)	 
 	ударное		уда'рное	 
 	удаться		уда'ться (а не уда'сться!)	 
 	удача		уда'ча, въ уда'чѣ, уда'чею, уда'чей, нaр. науда'чу, сyщ. надѣ'яться на уда'чу	 
 	удачей		уда'чей	 
 	удачен		уда'ченъ	 
 	удачливее		уда'чливѣе	 
 	удачливого		уда'чливаго	 
 	удачливое		уда'чливое	 
 	удачливые		уда'чливые (м. р.), уда'чливыя (ж. р. и ср. р.)	 
 	удачнее		уда'чнѣе	 
 	удачнейший		уда'чнѣйшій	 
 	удачного		уда'чнаго	 
 	удачное		уда'чное	 
 	удачные		уда'чные (м. р.), уда'чныя (ж. р. и ср. р.)	 
 	удвоение		удвое'ніе	 
 	Уде		У'де	 
 	удевятерённый		удевятерённый	 
 	удел		удѣ'лъ, удѣ'льнаго	 
 	уделать		удѣ'лать, удѣ'ланный	 
 	уделённый		удѣлённый	 
 	уделить		удѣли'ть, удѣли'те	 
 	удельный		удѣ'льный, удѣ'льнаго	 
 	уделывать		удѣ'лывать	 
 	уделяет		удѣля'етъ, удѣля'ешь, удѣля'емъ	 
 	уделять		удѣля'ть, удѣля'ться	 
 	удерёшь		удерёшь	 
 	удерж		у'держъ, у'держу нѣ'тъ, безъ у'держу, у'держу не зна'ть	 
 	удержаться		удержа'ться	 
 	удесятерённый		удесятерённый	 
 	удесятерить		удесятери'ть	 
 	удешевление		удешевле'ніе	 
 	удешевлённый		удешевлённый	 
 	удивительнее		удиви'тельнѣе	 
 	удивительнейший		удиви'тельнѣйшій	 
 	удивительно		удиви'тельно	 
 	удивительного		удиви'тельнаго	 
 	удивительное		удиви'тельное	 
 	удивительные		удиви'тельные (м. р.), удиви'тельныя (ж. р. и ср. р.)	 
 	удивительный		удиви'тельный, удиви'тельнаго	 
 	удивление		удивле'ніе	 
 	удивлённый		удивлённый	 
 	удивляете		удивля'ете	 
 	удлинение		удлине'ніе	 
 	удлинённый		удлинённый	 
 	удобен		удо'бенъ, удо'бнѣе, удо'бнѣйшій	 
 	удобнее		удо'бнѣе, удо'бнѣйшій	 
 	удобрение		удобре'ніе (вся'кое вещество', прибавля'емое къ воздѣ'лываемой по'чвѣ для повыше'нія ея' урожа'йности)	 
 	удовлетворение		удовлетворе'ніе	 
 	удовлетворённый		удовлетворённый	 
 	удовлетворительно		удовлетвори'тельно	 
 	удовольствие		удово'льствіе	 
 	удометр		удо'метръ (дождемѣ'ръ)	 
 	удорожённый		удорожённый	 
 	удостоверение		удостовѣре'ніе	 
 	удостовериться		удостовѣ'риться	 
 	удостоверяет		удостовѣря'етъ	 
 	удостоен		удосто'енъ, досто'инъ	 
 	удочерённая		удочерённая	 
 	удочерённые		удочерённыя (му'жескаго ро'да тутъ быть не мо'жетъ)	 
 	удочерит		удочери'тъ, удочери'шь, удочери'мъ, удочери'ть	 
 	удочерят		удочеря'тъ, удочеря'ть, удочерю'	 
 	удручает		удруча'етъ, удруча'ешь, удруча'ютъ, удруча'емъ	 
 	удручающе		удруча'юще	 
 	удручён		удручёнъ	 
 	удручена		удручена'	 
 	удручённого		удручённаго	 
 	удручённое		удручённое	 
 	удручённость		удручённость	 
 	удручённые		удручённые (м. р.), удручённыя (ж. р. и ср. р.)	 
 	удручённый		удручённый, удручённаго	 
 	удушенного		удуше'ннаго	 
 	удушенное		удуше'нное	 
 	удушенные		удуше'нные (м. р.), удуше'нныя (ж. р. и ср. р.)	 
 	удушенный		удуше'нный, удуше'ннаго	 
 	удушье		уду'шье, уду'шья, уду'шьемъ	 
уе 	уедать		уѣда'ть, уѣ'сть	^
 	уедем		уѣ'демъ, уѣ'детъ, уѣ'дете, уѣ'дешь, уѣ'дутъ	 
 	уединение		уедине'ніе	 
 	уединённый		уединённый	 
 	уёжишься		уёжишься	 
 	уезд		уѣ'здъ, въ уѣ'здѣ, уѣ'здомъ (часть губе'рніи)	 
 	уездить		уѣ'здить (уката'ть), уѣ'здиться (уката'ться)	 
 	уездное		уѣ'здное	 
 	уездные		уѣ'здные (м. р.), уѣ'здныя (ж. р. и ср. р.)	 
 	уездный		уѣ'здный, уѣ'зднаго	 
 	уезжаете		уѣзжа'ете	 
 	уезжать		уѣзжа'ть	 
 	уел		уѣ'лъ, уѣ'ла, уѣ'ли	 
 	уёмистый		уёмистый	 
 	уёмный		уёмный	 
 	уёрзаешься		уёрзаешься	 
 	уесть		уѣ'сть, уѣда'ть	 
 	уехал		уѣ'халъ, уѣ'хала, уѣ'хали	 
 	уехать		уѣ'хать	 
уж 	ужаленный		ужа'ленный	^
 	ужаренный		ужа'ренный	 
 	ужас		у'жасъ, въ у'жасѣ, ужа'снѣе, ужа'снѣйшій, ужаснёшься	 
 	ужасен		ужа'сенъ	 
 	ужаснее		ужа'снѣе, ужа'снѣйшій, но ужаснёшься	 
 	ужаснёшься		ужаснёшься, но ужа'снѣйшій	 
 	ужасного		ужа'снаго	 
 	ужасное		ужа'сное	 
 	ужасные		ужа'сные (м. р.), ужа'сныя (ж. р. и ср. р.)	 
 	уже		уже', у'жъ	 
 	уже		у'же (отъ у'зко)	 
 	ужёвый		ужёвый	 
 	ужели		уже'ли, уже'ль, ужли'	 
 	ужение		уже'ніе, уже'нье	 
 	ужесточённый		ужесточённый	 
 	уживёшься		уживёшься	 
 	ужин		у'жинъ, на у'жинѣ, у'жинаетъ	 
 	ужмёшься		ужмёшься	 
 	ужнётся		ужнётся	 
 	ужо		ужо' (по'зже, пото'мъ) — я ужо' зайду' къ ва'мъ	 
уз 	узаконенный		узако'ненный	^
 	узбеки		узбе'ки	 
 	узда		узда', въ уздѣ'	 
 	уздень		узде'нь (вы'сшій кла'ссъ у черке'сскихъ племёнъ)	 
 	уздечка		узде'чка	 
 	уздцы		уздцы' и устцы'	 
 	Узедом		Узе'домъ	 
 	узел		у'зелъ, узело'къ	 
 	узелок		узело'къ	 
 	узенький		у'зенькій, у'зенькаго	 
 	узкий		у'зкій, у'зкаго	 
 	узкобёдрый		узкобёдрый, узкобёдраго	 
 	узкоколейный		узкоколе'йный, узкоколе'йнаго	 
 	узнаваемого		узнава'емаго	 
 	узнаваемое		узнава'емое	 
 	узнаваемые		узнава'емые (м. р.), узнава'емыя (ж. р. и ср. р.)	 
 	узнаваемый		узнава'емый, узнава'емаго	 
 	узнаем		узна'емъ	 
 	узнаём		узнаёмъ	 
 	узнает		узна'етъ, узна'ете	 
 	узнаёт		узнаётъ, узнаёте	 
 	узнаешь		узна'ешь	 
 	узнаёшь		узнаёшь	 
 	узнайте		узна'йте	 
 	узревать		узрѣва'ть, узрѣва'етъ, узрѣва'ете, узрѣва'ешь, узрѣва'емъ, узрѣва'ютъ	 
 	узренный		узрѣ'нный, узрѣ'ннаго	 
 	узреть		узрѣ'ть, узрѣ'лъ, узрѣ'ла, узрѣ'ли	 
уй 	уйдёте		уйдёте	^
 	уйдёшь		уйдёшь	 
 	уйдите		уйди'те	 
 	уймёшь		уймёшь	 
 	уймите		уйми'те	 
 	уйти		уйти'	 
ук 	ук		У — у'къ — двадца'тая бу'ква ру'сской а'збуки	^
 	укажет		ука'жетъ, ука'жете, ука'жемъ, ука'жешь	 
 	укажите		укажи'те но ука'жете	 
 	указ		ука'зъ, въ ука'зѣ	 
 	указание		указа'ніе	 
 	указанное		ука'занное	 
 	указательный		указа'тельный	 
 	указчик		ука'зчикъ	 
 	укаченный		ука'ченный	 
 	Укереве		Укере'ве	 
 	уклеенный		укле'енный	 
 	уклейка		укле'йка, укле'екъ	 
 	уклея		уклея'	 
 	уклонение		уклоне'ніе	 
 	уклонённый		уклонённый	 
 	укоренившееся		укорени'вшееся	 
 	укоренять		укореня'ть	 
 	укоренённый		укоренённый	 
 	укорённый		укорённый	 
 	укоризненно		укори'зненно	 
 	укоризненный		укори'зненный	 
 	укороченный		укоро'ченный	 
 	укоснение		укосне'ніе (замедле'ніе)	 
 	укоснительный		укосни'тельный (замедля'ющійся)	 
 	украденный		укра'денный	 
 	украдёшь		украдёшь	 
 	украина		укра'ина, окра'ина	 
 	Украина		Укра'йна, Малоро'ссія, на Укра'йнѣ, съ Укра'йны	 
 	украинец		укра'инецъ, малороссія'нинъ, малоро'ссъ, укра'инцемъ	 
 	украинский		укра'инскій	 
 	украшение		украше'ніе	 
 	украшенный		укра'шенный	 
 	украшены		укра'шены	 
 	укрепить		укрѣпи'ть	 
 	укрепление		укрѣпле'ніе	 
 	укреплённый		укрѣплённый	 
 	укрепляется		укрѣпля'ется	 
 	укрепляешься		укрѣпля'ешься	 
 	укреплял		укрѣпля'лъ	 
 	укреплялась		укрѣпля'лась	 
 	укреплялись		укрѣпля'лись	 
 	укреплялся		укрѣпля'лся	 
 	укреплять		укрѣпля'ть	 
 	укрепляться		укрѣпля'ться	 
 	укрепляюще		укрѣпля'юще	 
 	укрепляющего		укрѣпля'ющаго	 
 	укрепляющее		укрѣпля'ющее	 
 	укрепляющие		укрѣпля'ющіе (м. р.), укрѣпля'ющія (ж. р. и ср. р.)	 
 	укрепляющий		укрѣпля'ющій, укрѣпля'ющаго	 
 	укроет		укро'етъ	 
 	укротитель		укроти'тель, укроти'телемъ, объ укроти'телѣ	 
 	укротительница		укроти'тельница, укроти'тельницей, объ укроти'тельницѣ	 
 	укрощение		укроще'ніе	 
 	укрощённый		укрощённый, укрощённаго	 
 	укрупнённый		укрупнённый	 
 	укрывает		укрыва'етъ, укрыва'емъ, укрыва'ешь	 
 	укупоренный		уку'поренный	 
 	укушенный		уку'шенный, уку'шеннаго	 
ул 	улаженный		ула'женный, ула'женнаго	^
 	Уле		У'ле	 
 	Улеаборг		Улеа'боргъ	 
 	улеглась		улегла'сь	 
 	улеглись		улегли'сь	 
 	улёгся		улёгся	 
 	улёгшегося		улёгшагося	 
 	улёгшиеся		улёгшіеся (м. р.), улёгшіяся (ж. р. и ср. р.)	 
 	улёгшийся		улёгшійся	 
 	улёживавшийся		улёживавшійся	 
 	улей		у'лей, въ у'льѣ	 
 	Улео		У'лео	 
 	улепётывавший		улепётывавшій	 
 	улепётывать		улепётывать	 
 	улёт		улётъ	 
 	улетать		улета'ть	 
 	улетел		улетѣ'лъ, улетѣ'ло, улетѣ'ла, улетѣ'ли	 
 	улететь		улетѣ'ть, улетѣ'лъ, улетѣ'ла, улетѣ'ли, улетѣ'ло	 
 	улетучиться		улету'читься	 
 	улечься		уле'чься	 
 	улещённый		улещённый	 
 	улизнёшь		улизнёшь	 
 	улица		у'лица, на у'лицѣ	 
 	уличённый		уличённый	 
 	уличное		у'личное, у'личнаго	 
 	уличные		у'личные (м. р.), у'личныя (ж. р. и ср. р.)	 
 	уловленный		уло'вленный	 
 	уложение		уложе'ніе (системати'ческій сбо'рникъ зако'новъ)	 
 	уложенный		уло'женный (отъ уложи'ть)	 
 	уложённый		уложённый (узако'ненный)	 
 	улучённый		улучённый	 
 	улучшение		улучше'ніе	 
 	Ульпиан		Ульпіа'нъ	 
 	ультиматум		ультима'тумъ	 
 	ультрафиолетовый		ультрафіоле'товый	 
 	Ульяна		Улья'на	 
 	улыбается		улыба'ется	 
 	улыбка		улы'бка, въ улы'бкѣ	 
ум 	умаление		умале'ніе	^
 	умалённый		умалённый	 
 	умалишённый		умалишённый, умалишённаго	 
 	умалчивает		ума'лчиваетъ, ума'лчиваете, ума'лчивается, ума'лчиваемъ, ума'лчиваешь	 
 	уманённый		уманённый	 
 	умасленный		ума'сленный	 
 	умащённый		умащённый	 
 	Умбрия		У'мбрія	 
 	уме		умѣ' (себѣ' на умѣ')	 
 	умеем		умѣ'емъ	 
 	умеет		умѣ'етъ	 
 	умеете		умѣ'ете	 
 	умеешь		умѣ'ешь	 
 	умей		умѣ'й	 
 	умейте		умѣ'йте	 
 	умел		умѣ'лъ (умѣ'лый)	 
 	умёл		умёлъ (подмёлъ)	 
 	умелая		умѣ'лая	 
 	умелец		умѣ'лецъ, объ умѣ'льцѣ	 
 	умело		умѣ'ло	 
 	умелого		умѣ'лаго	 
 	умелое		умѣ'лое	 
 	умелые		умѣ'лые (м. р.), умѣ'лыя (ж. р. и ср. р.)	 
 	умелый		умѣ'лый, умѣ'лаго, умѣ'лыми, умѣ'лыхъ	 
 	умён		умёнъ	 
 	умение		умѣ'ніе, умѣ'ніемъ	 
 	умений		умѣ'ній, умѣ'ніями	 
 	уменье		умѣ'нье, умѣ'ньемъ	 
 	уменьшать		уменьша'ть	 
 	уменьшение		уменьше'ніе	 
 	уменьшенный		уме'ньшенный, уме'ньшеннаго	 
 	уменьшённый		уменьшённый, уменьшённаго	 
 	уменьшительное		уменьши'тельное	 
 	уменьшительный		уменьши'тельный, уменьши'тельнаго	 
 	умер		у'меръ, умерла', у'мерли, у'мерло	 
 	умеренность		умѣ'ренность	 
 	умеренный		умѣ'ренный, умѣ'реннаго	 
 	умереть		умере'ть, у'меръ	 
 	умерить		умѣ'рить, умѣ'рь (пы'лъ),	 
 	умертвить		умертви'ть	 
 	умертвлённый		умертвлённый	 
 	умертвлять		умертвля'ть	 
 	умершего		уме'ршаго	 
 	умершие		уме'ршіе (м. р.), уме'ршія (ж. р. и ср. р.)	 
 	умерший		уме'ршій	 
 	умерщвление		умерщвле'ніе (не умерщевле'ніе!)	 
 	умерщвлённый		умерщвлённый (не умерщевлённый!)	 
 	умерщвлять		умерщвля'ть (не умерщевля'ть!)	 
 	умерьте		умѣ'рьте (пы'лъ), умѣря'етъ	 
 	умесить		умѣси'ть	 
 	уместно		умѣ'стно, умѣ'стное	 
 	уместного		умѣ'стнаго	 
 	уместные		умѣ'стные (м. р.), умѣ'стныя (ж. р. и ср. р.)	 
 	уместный		умѣ'стный, умѣ'стнаго, умѣ'стенъ	 
 	умёт		умётъ (скирда')	 
 	умётанный		умётанный	 
 	уметённый		уметённый	 
 	уметь		умѣ'ть, умѣ'етъ, но умётъ (скирда')	 
 	умещать		умѣща'ть	 
 	умещённый		умѣщённый	 
 	умеют		умѣ'ютъ	 
 	умеючи		умѣ'ючи (умѣ'ло, со зна'ніемъ дѣ'ла), до'лго ли умѣ'ючи	 
 	умеющего		умѣ'ющаго	 
 	умеющие		умѣ'ющіе (м. р.), умѣ'ющія (ж. р. и ср. р.)	 
 	умеющий		умѣ'ющій, умѣ'ющимъ, умѣ'ющаго	 
 	умиление		умиле'ніе	 
 	умилённый		умилённый	 
 	умилительно		умили'тельно	 
 	умирает		умира'етъ, умира'емъ, умира'ешь	 
 	умирённый		умирённый	 
 	умиротворённый		умиротворённый	 
 	умнее		умнѣ'е, умнѣ'йшій	 
 	умненький		у'мненькій	 
 	умнёхонький		умнёхонькій	 
 	умнёшенький		умнёшенькій	 
 	умнёшь		умнёшь	 
 	умножение		умноже'ніе	 
 	умное		у'мное	 
 	умные		у'мные (м. р.), у'мныя (ж. р. и ср. р.)	 
 	умный		у'мный, у'мнаго	 
 	умозрение		умозрѣ'ніе	 
 	умозрительно		умозри'тельно	 
 	умозрительный		умозри'тельный	 
 	умолённый		умолённый	 
 	умоляет		умоля'етъ	 
 	умоповреждённый		умоповреждённый	 
 	умопомешательство		умопомѣша'тельство	 
 	умопомрачение		умопомраче'ніе (не умопомрачнѣ'ніе!)	 
 	уморённый		уморённый	 
 	уморительно		умори'тельно	 
 	умощённый		умощённый	 
 	умрёт		умрётъ, умрёмъ, умрёшь	 
 	умственен		у'мствененъ и у'мственъ, у'мственна, у'мственно	 
 	умственного		у'мственнаго	 
 	умственное		у'мственное	 
 	умственные		у'мственные (м. р.), у'мственныя (ж. р. и ср. р.)	 
 	умственный		у'мственный, у'мственнаго	 
 	умствует		у'мствуетъ, у'мствуете	 
 	умудрённый		умудрённый	 
 	умыкнёшь		умыкнёшь	 
 	умысел		у'мыселъ	 
 	умышленный		умы'шленный	 
 	умягчённый		умягчённый	 
ун 	Унгены		Унге'ны	^
 	Унгер		У'нгеръ	 
 	Ундервуд		Ундерву'дъ	 
 	унёс		унёсъ	 
 	унесённый		унесённый	 
 	унеси		унеси'	 
 	унести		унести'	 
 	унёсшийся		унёсшійся	 
 	унженка		у'нженка (суда', стро'ющіяся на Во'лгѣ и У'нжѣ для перево'зки со'ли и желѣ'за)	 
 	универсальный		универса'льный	 
 	университет		университе'тъ	 
 	унижение		униже'ніе	 
 	унизительно		унизи'тельно	 
 	уникальнее		уника'льнѣе	 
 	уникальнейший		уника'льнѣйшій	 
 	уникального		уника'льнаго	 
 	уникальное		уника'льное	 
 	уникальные		уника'льные (м. р.), уника'льныя (ж. р. и ср. р.)	 
 	уничижение		уничиже'ніе	 
 	уничтожение		уничтоже'ніе	 
 	униат		уніа'тъ	 
 	унионизм		уніони'змъ	 
 	унионист		уніони'стъ	 
 	уния		у'нія	 
 	Унтервальден		Унтерва'льденъ	 
 	унтер-офицер		у'нтеръ-офице'ръ	 
 	унциальный		унціа'льный	 
 	унция		у'нція	 
 	унылое		уны'лое	 
 	унылые		уны'лые (м. р.), уны'лыя (ж. р. и ср. р.)	 
 	уныние		уны'ніе	 
уо 	Уокер		Уо'керъ	^
 	Уоллес		Уо'ллэсъ	 
уп 	упавшее		упа'вшее	^
 	упадёшь		упадёшь	 
 	упасённый		упасённый	 
 	упекать		упека'ть	 
 	упёкший		упёкшій	 
 	упелёнатый		упелёнатый	 
 	упелёнутый		упелёнутый	 
 	упёр		упёръ	 
 	упережённый		упережённый	 
 	упереться		упере'ться	 
 	упёрлась		упёрлась	 
 	упёртый		упёртый	 
 	упестрённый		упестрённый	 
 	упечённый		упечённый	 
 	упечь		упе'чь	 
 	упирается		упира'ется, упира'ться	 
 	упираешься		упира'ешься	 
 	упихнётся		упихнётся	 
 	уплачен		упла'ченъ	 
 	уплачено		упла'чено (не упло'чено!)	 
 	уплёл		уплёлъ	 
 	уплёлся		уплёлся	 
 	уплетать		уплета'ть	 
 	уплетённый		уплетённый	 
 	уплетёт		уплетётъ	 
 	уплотнение		уплотне'ніе	 
 	уплотнённый		уплотнённый	 
 	уплощённый		уплощённый	 
 	уплывёшь		уплывёшь	 
 	уподобление		уподобле'ніе	 
 	уповает		упова'етъ, упова'емъ, упова'ешь	 
 	упование		упова'ніе	 
 	уповательно		упова'тельно, упова'тельное, упова'теленъ	 
 	упоение		упое'ніе, упое'нье	 
 	упоённый		упоённый	 
 	упоенье		упое'нье, упое'ніе	 
 	упоительно		упои'тельно	 
 	упокоение		упокое'ніе	 
 	упокоенный		упоко'енный	 
 	уползёшь		уползёшь	 
 	уполномоченный		уполномо'ченный	 
 	упоминается		упомина'ется	 
 	упоминовение		упоминове'ніе и упомянове'ніе	 
 	упорхнёшь		упорхнёшь	 
 	употребимый		употреби'мый	 
 	употребительный		употреби'тельный, употреби'тельнаго	 
 	употребление		употребле'ніе	 
 	употреблённый		употреблённый	 
 	употребляем		употребля'емъ	 
 	употребляемый		употребля'емый, употребля'емаго	 
 	употребляет		употребля'етъ, употребля'ете	 
 	употребляешь		употребля'ешь	 
 	управа		упра'ва, въ упра'вѣ, упра'вское	 
 	управитель		управи'тель, управи'телемъ	 
 	управленец		управле'нецъ, управле'нцы, управле'нцемъ	 
 	управление		управле'ніе, подъ управле'ніемъ, въ управле'ніи	 
 	управляем		управля'емъ, управля'етъ, управля'ете, управля'ешь	 
 	управляемое		управля'емое	 
 	управляемые		управля'емые (м. р.), управля'емыя (ж. р. и ср. р.)	 
 	управляемый		управля'емый, управля'емаго	 
 	управляющего		управля'ющаго	 
 	управляющей		управля'ющей	 
 	управляющие		управля'ющіе (м. р.), управля'ющія (ж. р. и ср. р.); управля'ющимъ	 
 	упражнение		упражне'ніе	 
 	упразднение		упраздне'ніе	 
 	упразднённое		упразднённое	 
 	упразднённые		упразднённые (м. р.), упразднённыя (ж. р. и ср. р.)	 
 	упразднённый		упразднённый, упразднённаго	 
 	упревание		упрѣва'ніе	 
 	упредительный		упреди'тельный, упреди'тельнаго	 
 	упредить		упреди'ть, упрежу', упреди'тъ	 
 	упреждать		упрежда'ть, упрежда'ться, упрежда'ется	 
 	упреждающий		упрежда'ющій, упрежда'ющаго	 
 	упреждение		упрежде'ніе	 
 	упреждённый		упреждённый, упреждённаго	 
 	упрёк		упрёкъ	 
 	упрекать		упрека'ть	 
 	упрекнёшь		упрекнёшь	 
 	упрётся		упрётся	 
 	упрёшься		упрёшься	 
 	упроченный		упро'ченный	 
 	упрочнённый		упрочнённый	 
 	упрошенный		упро'шенный	 
 	упрощение		упроще'ніе	 
 	упрощённый		упрощённый	 
 	упругий		упру'гій	 
 	упряжённый		упряжённый	 
 	упряжь		у'пряжь	 
 	упрямец		упря'мецъ	 
 	упрямо		упря'мо	 
 	упущение		упуще'ніе	 
 	упьёмся		упьёмся	 
 	упырём		упырёмъ	 
 	упырь		упы'рь, упи'рь	 
 	упятерённый		упятерённый	 
ур 	уравнение		уравне'ніе	^
 	уравнённый		уравнённый	 
 	уравновесить		уравновѣ'сить	 
 	уравнять		уравня'ть (ра'вный), но уровня'ть (ро'вный)	 
 	ураган		урага'нъ, объ урага'нѣ	 
 	уразумев		уразумѣ'въ	 
 	уразумел		уразумѣ'лъ, уразумѣ'ла, уразумѣ'ли	 
 	уразумение		уразумѣ'ніе	 
 	уразуметь		уразумѣ'ть, уразумѣ'етъ, уразумѣ'ете, уразумѣ'ешь, уразумѣ'ютъ, уразумѣ'емъ	 
 	Урал		Ура'лъ, на Ура'лѣ	 
 	уралец		ура'лецъ, ура'льцемъ, объ ура'льцѣ	 
 	уральские		ура'льскіе (м. р.), ура'льскія (ж. р. и ср. р.)	 
 	уральское		ура'льское, ура'льскаго, ура'льскихъ	 
 	Урания		Ура'нія	 
 	урвёт		урвётъ	 
 	Ургенч		Урге'нджъ	 
 	урежённый		урѣжённый	 
 	уреживать		урѣ'живать	 
 	урезанный		урѣ'занный	 
 	урезать		урѣ'зать (сов.), урѣза'ть (несов.)	 
 	урезонивать		урезо'нивать	 
 	урезывать		урѣ'зывать	 
 	уремия		уремі'я	 
 	уретра		уре'тра (мочеиспуска'тельный кана'лъ)	 
 	уретрит		уретри'тъ (воспале'ніе сли'зистой оболо'чки мочеиспуска'тельнаго кана'ла)	 
 	Урзеренская		Урзере'нская (доли'на)	 
 	Уриил		Уріи'лъ	 
 	Урмия		У'рмія	 
 	уровень		у'ровень, у'ровней, у'ровнемъ, на у'ровнѣ	 
 	уровнять		уровня'ть (ро'вный), но уравня'ть (ра'вный)	 
 	уродец		уро'децъ	 
 	урождённый		урождённый	 
 	уроженец		уроже'нецъ	 
 	урок		уро'къ, на уро'кѣ	 
 	урология		уроло'гія	 
 	урометр		уро'метръ (арео'метръ для опредѣле'нія удѣ'льнаго вѣ'са мочи')	 
 	уроненный		уро'ненный	 
 	уроскопия		уроскопі'я	 
 	урочище		уро'чище (характе'рная осо'бенность мѣ'стности, представля'ющая отличи'тельный при'знакъ)	 
 	урыхленный		уры'хленный	 
 	урядник		уря'дникъ	 
ус 	усадебный		уса'дебный	^
 	усадьба		уса'дьба, на уса'дьбѣ, уса'дебъ и уса'дьбъ, уса'дебка	 
 	усажен		уса'женъ	 
 	усаженный		уса'женный	 
 	усваивает		усво'иваетъ, усво'ивается	 
 	усваивать		усво'ивать, усво'иваться (но осва'ивать!)	 
 	усвоение		усвое'ніе, усво'енный	 
 	усвояемый		усвоя'емый	 
 	усевать		усѣва'ть	 
 	усёк		усѣ'къ	 
 	усекать		усѣка'ть	 
 	усекновение		усѣкнове'ніе	 
 	усёкший		усѣ'кшій	 
 	уселся		усѣ'лся, усѣ'лась, усѣ'лись	 
 	усемерённый		усемерённый	 
 	усеница		усе'ница (жукъ)	 
 	усенница		усе'нница (ко'жица на па'льцѣ)	 
 	усёнки		усёнки	 
 	усердие		усе'рдіе, усе'рдствуетъ	 
 	усерднее		усе'рднѣе	 
 	усердность		усе'рдность	 
 	усердство		усе'рдство, въ усе'рдствѣ	 
 	усердствование		усе'рдствованіе	 
 	усесться		усѣ'сться	 
 	усечение		усѣче'ніе	 
 	усечённый		усѣчённый	 
 	усеянный		усѣ'янный	 
 	усеяно		усѣ'яно	 
 	усидеть		усидѣ'ть	 
 	усиление		усиле'ніе	 
 	усилие		уси'ліе	 
 	ускользнёт		ускользнётъ	 
 	ускорение		ускоре'ніе	 
 	услаждённый		услаждённый	 
 	услащённый		услащённый	 
 	уследить		услѣди'ть	 
 	условие		усло'віе	 
 	усложнённый		усложнённый	 
 	услужение		услуже'ніе	 
 	услышьте		услы'шьте, услы'шанъ	 
 	усмехаться		усмѣха'ться	 
 	усмехнёмся		усмѣхнёмся	 
 	усмешка		усмѣ'шка	 
 	усмирение		усмире'ніе	 
 	усмирённый		усмирённый	 
 	усмотрение		усмотрѣ'ніе	 
 	усмотреть		усмотрѣ'ть	 
 	уснащённый		уснащённый	 
 	уснёшь		уснёшь	 
 	усовершенствование		усоверше'нствованіе	 
 	усовестить		усо'вѣстить	 
 	усовещевать		усо'вѣщевать	 
 	Усолье		Усо'лье	 
 	усомниться		усомни'ться и усумни'ться	 
 	усопшего		усо'пшаго	 
 	усопшей		усо'пшей	 
 	усопший		усо'пшій, усо'пшаго	 
 	успевает		успѣва'етъ, успѣва'емъ, успѣва'ешь, успѣва'ютъ	 
 	успевать		успѣва'ть	 
 	успеется		успѣ'ется	 
 	успеешь		успѣ'ешь, успѣ'етъ, успѣ'емъ, успѣ'ютъ	 
 	успел		успѣ'лъ, успѣ'ла, успѣ'ли, успѣ'ло	 
 	успение		успе'ніе (отъ усыпа'ть, спа'ть), Успе'ніе Бо'жіей Ма'тери — двунадеся'тый пра'здникъ	 
 	Успенский		Успе'нскій	 
 	успеть		успѣ'ть	 
 	успех		успѣ'хъ, объ успѣ'хѣ	 
 	успеха		успѣ'ха	 
 	успехи		успѣ'хи	 
 	успехов		успѣ'ховъ (пожела'ніе)	 
 	успехом		успѣ'хомъ	 
 	успешнее		успѣ'шнѣе	 
 	успешного		успѣ'шнаго	 
 	успешное		успѣ'шное	 
 	успешные		успѣ'шные (м. р.), успѣ'шныя (ж. р. и ср. р.)	 
 	успешный		успѣ'шный, успѣ'шнаго, успѣ'шнымъ	 
 	успокаивать		успока'ивать и успоко'ивать	 
 	успокоение		успокое'ніе	 
 	успокоенный		успоко'енный	 
 	успокоительное		успокои'тельное	 
 	усреднённый		усреднённый	 
 	Уссурийск		Нико'льскъ-Уссурі'йскій, въ Нико'льскѣ-Уссурі'йскомъ	 
 	уставленный		уста'вленный	 
 	уставной		уставно'й	 
 	уставный		уста'вный (по'черкъ)	 
 	уставшие		уста'вшіе (м. р.), уста'вшія (ж. р. и ср. р.)	 
 	устаёшь		устаёшь	 
 	установление		установле'ніе	 
 	установленный		устано'вленный, устано'вленнаго, устано'влено, устано'вленное	 
 	установочное		устано'вочное	 
 	устаревшее		устарѣ'вшее	 
 	устаревшие		устарѣ'вшіе (м. р.), устарѣ'вшія (ж. р. и ср. р.)	 
 	устаревший		устарѣ'вшій, устарѣ'вшаго	 
 	устарелый		устарѣ'лый	 
 	устареть		устарѣ'ть	 
 	устерёгший		устерёгшій	 
 	устережённый		устережённый	 
 	устеречь		устере'чь	 
 	Устин		Усти'нъ, Іусти'нъ	 
 	Устинья		Усти'нья, Іусти'нія, Іусти'на	 
 	усторожённый		усторожённый	 
 	устраивает		устра'иваетъ, устра'иваемъ, устра'иваешь	 
 	устраивается		устра'ивается, устра'иваемся, устра'иваешься	 
 	устраивать		устра'ивать и устро'ивать	 
 	устранение		устране'ніе	 
 	устранённый		устранённый	 
 	устрашает		устраша'етъ, устраша'емъ, устраша'ешь	 
 	устрашение		устраше'ніе	 
 	устрашённый		устрашённый	 
 	устремление		устремле'ніе	 
 	устремлённый		устремлённый	 
 	устроен		устро'енъ	 
 	устроение		устрое'ніе	 
 	устроенный		устро'енный	 
 	уступает		уступа'етъ, уступа'емъ, уступа'ешь	 
 	уступите		уступи'те и усту'пите	 
 	уступленный		усту'пленный	 
 	устье		у'стье (ни'жняя часть рѣки' при ея' впаде'ніи въ мо'ре и'ли о'зеро), идёмъ куда'? — въ у'стье, но идёмъ гдѣ? — въ у'стьѣ	 
 	устьице		у'стьице	 
 	устыжённый		устыжённый	 
 	усугублённый		усугублённый	 
 	усыновлённые		усыновлённые (м. р.)	 
 	усыновлённый		усыновлённый, усыновлённаго	 
 	усыплённый		усыплённый	 
ут 	утаённый		утаённый	^
 	утащенный		ута'щенный	 
 	утвердительно		утверди'тельно, утверди'тельное	 
 	утвердить		утверди'ть, утверди'те	 
 	утверждать		утвержда'ть, утвержда'ете	 
 	утверждение		утвержде'ніе	 
 	утверждённые		утверждённые (м. р.), утверждённыя (ж. р. и ср. р.)	 
 	утверждённый		утверждённый	 
 	утёк		утёкъ, утекла', утекло', утекли'	 
 	утекать		утека'ть	 
 	утёкшее		утёкшее	 
 	утёкший		утёкшій	 
 	утемнённый		утемнённый (отъ утемни'ть)	 
 	утемнить		утемни'ть	 
 	утёнок		утёнокъ, им. п. мн. ч. утя'та	 
 	утёночек		утёночекъ	 
 	утеплённый		утеплённый	 
 	утереть		утере'ть	 
 	утёрлись		утёрлись	 
 	утерпеть		утерпѣ'ть	 
 	утерянный		уте'рянный	 
 	утерять		утеря'ть	 
 	утёс		утёсъ (обнажённая, почти' отвѣ'сная часть го'рнаго кря'жа и'ли отдѣ'льной возвы'шенности)	 
 	утёсанный		утёсанный	 
 	утёсистый		утёсистый	 
 	утеснение		утѣсне'ніе	 
 	утеснённый		утѣснённый	 
 	утеснять		утѣсня'ть	 
 	утёсывать		утёсывать	 
 	утеха		утѣ'ха, утѣ'хи, въ утѣ'хѣ, утѣ'хамъ, въ утѣ'хахъ	 
 	утечёт		утечётъ	 
 	утечёшь		утечёшь	 
 	утечка		уте'чка	 
 	утешал		утѣша'лъ, утѣша'ла, утѣша'ли	 
 	утешать		утѣша'ть, утѣша'емый	 
 	утешаться		утѣша'ться	 
 	утешаемые		утѣша'емые (м. р.), утѣша'емыя (ж. р. и ср. р.)	 
 	утешаемый		утѣша'емый	 
 	утешает		утѣша'етъ	 
 	утешается		утѣша'ется	 
 	утешают		утѣша'ютъ	 
 	утешаются		утѣша'ются	 
 	утешение		утѣше'ніе, утѣше'ніемъ	 
 	утешенный		утѣ'шенный	 
 	утешеньице		утѣше'ньице	 
 	утешитель		утѣши'тель	 
 	утешительнее		утѣши'тельнѣе	 
 	утешительница		утѣши'тельница	 
 	утешительность		утѣши'тельность	 
 	утешительный		утѣши'тельный, утѣши'тельнаго	 
 	утешительство		утѣши'тельство	 
 	утешится		утѣ'шится	 
 	утешить		утѣ'шить	 
 	утешиться		утѣ'шиться	 
 	утешишь		утѣ'шишь	 
 	утешишься		утѣ'шишься	 
 	утешусь		утѣ'шусь	 
 	утилизация		утилиза'ція	 
 	утирать		утира'ть	 
 	утихомиренный		утихоми'ренный, утихоми'реннаго	 
 	утихомирить		утихоми'рить, утихоми'рили, утихоми'рила, утихоми'римъ, утихоми'ришь	 
 	утишённый		утишённый	 
 	уткнёмся		уткнёмся	 
 	утоление		утоле'ніе	 
 	утолённый		утолённый	 
 	утолчённый		утолчённый	 
 	утолщение		утолще'ніе	 
 	утолщённый		утолщённый	 
 	утомительно		утоми'тельно	 
 	утомительный		утоми'тельный	 
 	утомительные		утоми'тельные (м. р.), утоми'тельныя (ж. р. и ср. р.)	 
 	утомление		утомле'ніе	 
 	утомлённый		утомлённый	 
 	утонённый		утонённый	 
 	утончение		утонче'ніе	 
 	утончённые		утончённые (м. р.), утончённыя (ж. р. и ср. р.)	 
 	утончённый		утончённый	 
 	утончённость		утончённость	 
 	утопия		уто'пія (несбы'точная мечта')	 
 	утопленник		уто'пленникъ	 
 	уторённый		уторённый	 
 	уточнение		уточне'ніе	 
 	уточнённый		уточнённый	 
 	утрамбовывать		утрамбо'вывать	 
 	утраченный		утра'ченный	 
 	утреннего		у'тренняго	 
 	утреннее		у'треннее	 
 	утренние		у'тренніе (м. р.), у'треннія (ж. р. и ср. р.)	 
 	утренний		у'тренній и у'трешній, у'тренняго	 
 	утренник		у'тренникъ (рѣ'зкое и значи'тельное паде'ніе температу'ры ни'же нуля' въ вече'рніе и ночны'е часы')	 
 	Утреня		У'треня	 
 	Утрехт		У'трехтъ	 
 	утрецо		утрецо', съ утреца'	 
 	утречко		у'тречко, мн. ч. у'тречекъ	 
 	утрёшься		утрёшься	 
 	утро		у'тро, объ у'трѣ	 
 	утроенный		утро'енный	 
 	утруднённый		утруднённый	 
 	утруждает		утружда'етъ, утружда'ете, утружда'етесь, утружда'емся, утружда'ешься	 
 	утруждённый		утруждённый	 
 	утрясём		утрясёмъ	 
 	утрясённый		утрясённый	 
 	утюженный		утю'женный	 
 	утяжелённый		утяжелённый	 
уф 	Уфа		Уфа'	^
ух 	ухажёр		ухажёръ	^
 	ухвостье		ухво'стье, охво'стье (легковѣ'сныя зёрна хлѣ'ба, относи'мыя вѣ'тромъ вмѣ'стѣ съ мяки'ной и собирающі'яся при ве'яніи въ концѣ' во'роха)	 
 	ухищрение		ухищре'ніе	 
 	ухищрённый		ухищрённый	 
 	ухлёстанный		ухлёстанный	 
 	ухоботье		ухобо'тье (ме'лочь и оста'тки отъ вѣ'янія обмоло'ченнаго хлѣ'ба)	 
 	уховёртка		уховёртка	 
уц 	уцелевшем		уцѣлѣ'вшемъ, уцѣлѣ'вшей, уцѣлѣ'вшими	^
 	уцелевшие		уцѣлѣ'вшіе (м. р.), уцѣлѣ'вшія (ж. р. и ср. р.)	 
 	уцелевший		уцѣлѣ'вшій, уцѣлѣ'вшаго, уцѣлѣ'вшихъ	 
 	уцелеет		уцѣлѣ'етъ, уцѣлѣ'ютъ	 
 	уцелел		уцѣлѣ'лъ, уцѣлѣ'ла, уцѣлѣ'ли, уцѣлѣ'ло	 
 	уцелеть		уцѣлѣ'ть	 
 	уценённый		уцѣнённый	 
 	уценка		уцѣ'нка	 
 	уцепиться		уцѣпи'ться	 
уч 	участвовать		уча'ствовать	^
 	участие		уча'стіе	 
 	участок		уча'стокъ, на уча'сткѣ, въ уча'сткѣ	 
 	участь		у'часть	 
 	учащённый		учащённый	 
 	учащиеся		уча'щіеся (м. р.), уча'щіяся (ж. р. и ср. р.)	 
 	учащийся		уча'щійся, уча'щагося	 
 	учащегося		уча'щагося	 
 	учёба		учёба, въ учёбѣ	 
 	учебка		уче'бка	 
 	учебник		уче'бникъ, въ уче'бникѣ, уче'бничекъ	 
 	учебного		уче'бнаго	 
 	учебные		уче'бные (м. р.), уче'бныя (ж. р. и ср. р.)	 
 	учебный		уче'бный	 
 	учён		учёнъ	 
 	учёнее		учёнѣе	 
 	учёнейший		учёнѣйшій	 
 	учение		уче'ніе (систе'ма взгля'довъ на что'-либо), уче'нье (обуче'ніе); уче'нія (мн. въ войска'хъ)	 
 	ученик		учени'къ, объ учени'кѣ	 
 	ученица		учени'ца, объ учени'цѣ	 
 	ученический		учени'ческій, учени'ческаго	 
 	учения		уче'нія (мн. въ войска'хъ), уче'ній, на уче'ніяхъ	 
 	учёного		учёнаго	 
 	учёное		учёное	 
 	ученье		уче'нье (обуче'ніе), уче'ніе (систе'ма взгля'довъ на что'-либо); уче'нія (мн. въ войска'хъ)	 
 	учёные		учёные (м. р.), учёныя (ж. р. и ср. р.)	 
 	учёный		учёный, учёнаго, учёнымъ, учёныхъ, брита'нскими учёными	 
 	учёсанный		учёсанный	 
 	учесть		уче'сть	 
 	учёт		учётъ, въ учётѣ	 
 	учетверить		учетвери'ть	 
 	учётного		учётнаго	 
 	учётное		учётное	 
 	учётные		учётные (м. р.), учётныя (ж. р. и ср. р.)	 
 	учётный		учётный, учётнаго	 
 	училище		учи'лище (сущ.), идёмъ куда? — въ учи'лище, но у'чимся гдѣ? — въ учи'лищѣ, мн. учи'лищъ	 
 	учинённый		учинённый, учинённаго	 
 	учиняет		учиня'етъ, учиня'емъ, учиня'ешь	 
 	учитель		учи'тель, учителе'й, объ учи'телѣ	 
 	учительница		учи'тельница, объ учи'тельницѣ	 
 	учнёт		учнётъ	 
 	учредить		учреди'ть, учреди'тель, учреди'тельное собра'ніе (не учереди'ть!)	 
 	учреждать		учрежда'ть, учрежда'етъ, учрежда'ется	 
 	учреждение		учрежде'ніе, учрежде'нье	 
 	учреждённый		учреждённый	 
 	учтённый		учтённый	 
 	учтётся		учтётся	 
 	учтивое		учти'вое	 
 	учтивые		учти'вые (м. р.), учти'выя (ж. р. и ср. р.)	 
 	учует		учу'етъ, учу'ете	 
уш 	ушвырнёт		ушвырнётъ	^
 	ушедшего		уше'дшаго	 
 	ушедшее		уше'дшее	 
 	ушедшие		уше'дшіе (м. р.), уше'дшія (ж. р. и ср. р.)	 
 	ушедший		уше'дшій, уше'дшая, уше'дшими, уше'дшихъ	 
 	ушей		уше'й	 
 	ушёл		ушёлъ	 
 	ушестерённый		ушестерённый	 
 	ушибёмся		ушибёмся	 
 	ушлёшь		ушлёшь	 
 	ушьёшь		ушьёшь	 
ущ 	ущекотать		ущекота'ть	^
 	ущелье		уще'лье (глубо'кіе го'рные котлови'ны и прохо'ды, называ'емые та'кже тѣсни'нами и дефиле'ями)	 
 	ущемить		ущеми'ть	 
 	ущемление		ущемле'ніе	 
 	ущемлённый		ущемлённый	 
 	ущерб		уще'рбъ (у'быль, убы'токъ)	 
 	ущерблённый		ущерблённый	 
 	ущипнёшь		ущипнёшь	 
ую 	уютен		ую'тенъ	^
 	уютнее		ую'тнѣе, ую'тнѣй	 
 	уютнейший		ую'тнѣйшій, ую'тнѣйшаго	 
 	уютное		ую'тное, ую'тный, ую'тнаго	 
 	уютные		ую'тные (м. р.), ую'тныя (ж. р. и ср. р.)	 
уя 	уязвлён		уязвлёнъ	^
 	уязвлённый		уязвлённый	 
 	уяснения		уясне'нія	 
 	уяснённый		уяснённый