га 	гавань		га'вань	^
 	Гавриил		Гавріи'лъ	 
 	Гаврила		Гаври'ла	 
 	гагачий		гага'чій, гага'чья, гага'чье, гага'чьяго	 
 	гадание		гада'ніе, гада'ніемъ	 
 	гаданый		га'даный, не жда'но, не га'дано	 
 	гадателем		гада'телемъ, гада'телями	 
 	гадатель		гада'тель, гада'теля	 
 	гадательница		гада'тельница	 
 	гадательные		гада'тельные (м. р.), гада'тельныя (ж. р. и ср. р.)	 
 	гадательный		гада'тельный, гада'тельнаго	 
 	гадёныш		гадёнышъ	 
 	гадкие		га'дкіе (м. р.), га'дкія (ж. р. и ср. р.)	 
 	гадкий		га'дкій, га'дкаго	 
 	гадкое		га'дкое, га'дкаго, га'же	 
 	гаер		га'еръ (кривля'ка, пая'цъ, шу'тъ), га'ерничать, га'ерство	 
 	гаже		га'же, га'дкій	 
 	газель		газе'ль	 
 	газета		газе'та, въ газе'тѣ	 
 	газетёнка		газетёнка, въ газетёнкѣ	 
 	газетка		газе'тка, въ газе'ткѣ	 
 	газетное		газе'тное, газе'тнаго	 
 	газетные		газе'тные (м. р.), газе'тныя (ж. р. и ср. р.)	 
 	газетчик		газе'тчикъ	 
 	газоосвещение		газоосвѣще'ніе	 
 	гайковёрт		гайковёртъ	 
 	гакен		га'кенъ	 
 	Галактион		Галактіо'нъ	 
 	галантерейный		галантере'йный и галанте'рный (ирoн. — чрезмѣ'рно любе'зный, вѣ'жливый до слаща'вости)	 
 	галантерея		галантере'я (това'ры, относя'щіеся къ предме'тамъ ли'чнаго обихо'да и туале'та; магази'нъ съ о'ными това'рами)	 
 	Галатея		Галате'я	 
 	галдёж		галдёжъ (многоголо'сный кри'къ, шу'мъ)	 
 	галдеть		галдѣ'ть и галди'ть	 
 	галеон		галіо'нъ (большо'е многопа'лубное па'русное су'дно XVI-XVIII вѣко'въ)	 
 	галера		гале'ра (анти'чное гребно'е многовёсельное вое'нное су'дно съ раба'ми въ ка'чествѣ гребцо'въ)	 
 	галерея		галлере'я, галдаре'я, на галлере'ѣ	 
 	галёрка		галёрка (ве'рхній я'русъ въ теа'трѣ, въ ци'ркѣ), на галёркѣ	 
 	галета		гале'та (сухо'е пече'нье, лепёшка изъ прѣ'снаго тѣ'ста)	 
 	галечник		га'лечникъ	 
 	галиматьёй		галиматьёй	 
 	галиматьёю		галиматьёю	 
 	галиматья		галиматья' (безсмы'слица, чепуха', нелѣ'пица)	 
 	галиот		галіо'тъ (двухма'чтовое су'дно)	 
 	галифе		галифэ', въ галифэ' (вое'нныя рейту'зы осо'баго покро'я, облега'ющія го'лени и си'льно расширя'ющіяся кве'рху)	 
 	Галиция		Гали'ція	 
 	Галле		Галле'	 
 	галльский		га'лльскій (отъ галлъ)	 
 	галлюцинация		галлюцина'ція (обма'нъ чу'вствъ; зри'тельная, слухова'я оши'бка)	 
 	галоп		гало'пъ, въ гало'пѣ	 
 	галочий		га'лочій и га'личій (отъ га'лка)	 
 	галоши		гало'ши и кало'ши	 
 	галстук		га'лстукъ и га'лстухъ, га'лстучекъ, при га'лстукѣ	 
 	галтель		галте'ль (деревя'нная пла'нка), га'лтель (руба'нокъ)	 
 	галун		галу'нъ, галу'нчикъ (ши'тая зо'лотомъ, серебро'мъ, цвѣтно'й мишуро'й тесьма', ле'нта; наши'вка изъ о'ныхъ; позуме'нтъ)	 
 	галчонок		галчо'нокъ и галчёнокъ, галча'та	 
 	гальюн		галью'нъ, въ гальюнѣ' (туале'тъ, убо'рная)	 
 	гамак		гама'къ, въ гамакѣ'	 
 	гамма		га'мма, въ га'ммѣ	 
 	гангрена		гангре'на (омертвѣ'ніе тка'ней вслѣ'дствіе наруше'нія кровообраще'нія)	 
 	ганец		га'нецъ (жи'тель Га'ны), но гоне'цъ	 
 	Ганимед		Ганиме'дъ	 
 	Ганновер		Ганно'веръ	 
 	гантели		ганте'ли	 
 	гараж		гара'жъ, въ гаражѣ'	 
 	гарантия		гара'нтія	 
 	гардель		га'рдель	 
 	гардемарин		гардемари'нъ (воспи'танникъ ста'ршаго кла'сса морско'го каде'тскаго ко'рпуса)	 
 	гардения		гарде'нія	 
 	гардери		гардери' (соста'въ для жи'вописи по стеклу' и эма'ли изъ желѣ'зныхъ опи'локъ и сѣ'ры)	 
 	гардероб		гардеро'бъ (шкафъ и'ли помѣще'ніе для хране'нія оде'жды; оде'жда одного' человѣ'ка), въ гардеро'бѣ	 
 	гардесак		гардеса'къ (чехо'лъ, надѣва'емый на доро'жный мѣшо'къ)	 
 	гардина		гарди'на (занавѣ'ска, закрыва'ющая всё окно')	 
 	гарем		гаре'мъ (въ старину' въ стра'нахъ Восто'ка: жёны и нало'жницы одного' мужчи'ны; часть до'ма, предназна'ченная то'лько для жёнъ и нало'жницъ), въ гаре'мѣ	 
 	гармоника		гармо'ника	 
 	гармония		гармо'нія	 
 	гарнец		га'рнецъ, га'рнца, га'рнцевъ (мѣ'ра объёма сыпу'чихъ тѣ'лъ, ра'вная 3,28 ли'тра)	 
 	гарнизон		гарнизо'нъ, въ гарнизо'нѣ	 
 	Гарпия		Га'рпія	 
 	гаруспекс		гаруспе'ксъ (предвѣща'тель по вну'тренностямъ живо'тныхъ)	 
 	гарцевать		гарцова'ть (умѣ'ло, краси'во ѣ'здить верхо'мъ)	 
 	гасконец		гаско'нецъ, о гаско'нцѣ	 
 	гассени		гассе'ни	 
 	гастролёр		гастролёръ	 
 	гастроль		гастро'ль	 
 	гастрономический		гастрономи'ческій, гастрономи'ческаго	 
 	гаудеамус		гаудеа'мусъ (назва'ніе студе'нческой пѣ'сни на лати'нскомъ языкѣ')	 
 	гауптвахта		гауптва'хта, гауптва'хтенный (помѣще'ніе для содержа'нія подъ аре'стомъ военнослу'жащихъ)	 
 	гафель		га'фель (накло'нный ре'й, закрѣплённый одни'мъ концо'мъ къ ве'рхней ча'сти ма'чты)	 
 	гаченый		га'ченый (отъ гать — насти'лъ изъ брёвенъ и'ли хво'роста для проѣ'зда и прохо'да че'резъ то'пкое мѣ'сто)	 
 	гашёный		гашёный, гашёнаго	 
гв 	Гваделупа		Гваделу'па	^
 	гвардеец		гварде'ецъ, гварде'йцемъ, гварде'йцевъ, о гварде'йцѣ	 
 	гвардия		гва'рдія, гварде'йскій, гварде'йскаго	 
 	гверильясы		гверилья'сы (испа'нскіе партиза'ны)	 
 	Гвиана		Гвіа'на	 
 	Гвинея		Гвине'я	 
 	гвоздём		гвоздёмъ	 
 	гвоздика		гвозди'ка	 
 	гвоздодёр		гвоздодёръ	 
 	гвоздь		гво'здь, на гвоздѣ', гвоздёмъ	 
гд 	где		гдѣ	^
 	где-где		гдѣ-гдѣ?	 
 	где-либо		гдѣ-ли'бо	 
 	где ни есть		гдѣ ни есть	 
 	где-нибудь		гдѣ'-нибудь	 
 	где-то		гдѣ'-то	 
ге 	Геба		Ге'ба (Гебе'я)	^
 	гебраист		гебраистъ (учёный по ча'сти древне-евре'йскаго языка' и литерату'ры)	 
 	Гебридские		Гебри'дскіе (острова')	 
 	Гегель		Ге'гель	 
 	гегемония		гегемо'нія (главе'нство, госпо'дство; руководя'щая ро'ль)	 
 	гедонизм		гедони'змъ (стремле'ніе къ удово'льствіямъ, наслажде'ніямъ какъ вы'сшее бла'го, цѣ'ль жи'зни)	 
 	геенна		гее'нна (адъ), о'гненная гее'нна, въ о'гненной гее'ннѣ (не гее'на! и не гіе'нна!), но гіе'на (звѣ'рь)	 
 	гёз		гёзъ (уча'стникъ револю'ціи въ Нидерла'ндахъ)	 
 	гезель		ге'зель	 
 	гей		гей! (о'крикъ)	 
 	Гейгер		Ге'йгеръ	 
 	Гейдельберг		Гейдельбе'ргъ	 
 	гейзер		ге'йзеръ	 
 	Гейне		Ге'нрихъ Ге'йне	 
 	гейша		ге'йша (профессіона'льная танцо'вщица и пѣви'ца, обу'ченная умѣ'нію вести' свѣ'тскую бесѣ'ду и приглаша'емая для развлече'нія госте'й на пріёмахъ, банке'тахъ)	 
 	гекатомба		гекатомба (закла'ніе ста воло'въ въ честь бого'въ)	 
 	гекзаметр		гекза'метръ и экза'метръ (стихотво'рный размѣ'ръ)	 
 	геккон		гекко'нъ, гекко' (небольша'я я'щерица)	 
 	Гекла		Ге'кла	 
 	гексаэдр		гекса'эдръ (шестигра'нникъ)	 
 	гектар		гекта'ръ, въ гекта'рѣ, мн. де'сять гекта'ровъ (не де'сять гекта'ръ!)	 
 	гектограф		гекто'графъ (простѣ'йшій аппара'тъ для печа'танія о'ттисковъ съ те'кста)	 
 	Гекуба		Геку'ба	 
 	гелий		ге'лій	 
 	Геликон		Гелико'нъ	 
 	Гелиос		Ге'ліосъ	 
 	гелиотроп		геліотро'пъ	 
 	Геллеспонт		Геллеспо'нтъ	 
 	Геллия		Ге'ллія	 
 	Гельголанд		Гельгола'ндъ	 
 	Гельсингфорс		Гельсингфо'рсъ	 
 	гематит		гемати'тъ (минера'лъ, окси'дъ желѣ'за)	 
 	гематома		гемато'ма (скопле'ніе кро'ви при закры'тыхъ поврежде'ніяхъ; синя'къ)	 
 	гемма		ге'мма (рѣзно'й ка'мень съ вы'пуклымъ и'ли углублённымъ изображе'ніемъ, на'дписью)	 
 	гемоглобин		гемоглоби'нъ	 
 	геморрой		геморро'й, при геморро'ѣ	 
 	гемофилия		гемофилі'я (болѣ'знь — пони'женная свёртываемость кро'ви)	 
 	гендерный		ге'ндерный	 
 	генеалогия		генеало'гія (нау'ка, изуча'ющая происхожде'ніе и ро'дственныя свя'зи отдѣ'льныхъ родо'въ)	 
 	генезис		ге'незисъ (происхожде'ніе, возникнове'ніе; исто'рія зарожде'нія и послѣ'дующаго разви'тія)	 
 	генерал		генера'лъ, о генера'лѣ	 
 	генерал-адьютант		генера'лъ-адьюта'нтъ	 
 	генерал-аншеф		генера'лъ-анше'фъ	 
 	генерал-губернатор		генера'лъ-губерна'торъ	 
 	генерал-майор		генера'лъ-майо'ръ и генера'лъ-маіо'ръ	 
 	генералиссимус		генерали'ссимусъ	 
 	генералитет		генералите'тъ	 
 	генерального		генера'льнаго	 
 	генеральные		генера'льные (м. р.), генера'льныя (ж. р. и ср. р.)	 
 	генеральный		генера'льный, генера'льнаго	 
 	генератор		генера'торъ, въ генера'торѣ	 
 	генерация		генера'ція	 
 	генетика		гене'тика, въ гене'тикѣ	 
 	генетический		генети'ческій, генети'ческаго, генети'ческое	 
 	гениальнее		геніа'льнѣе	 
 	гениальнейший		геніа'льнѣйшій	 
 	гениально		геніа'льно	 
 	гениального		геніа'льнаго	 
 	гениальное		геніа'льное	 
 	гениальные		геніа'льные (м. р.), геніа'льныя (ж. р. и ср. р.)	 
 	гениальный		геніа'льный, геніа'льное	 
 	гений		ге'ній, ге'ніемъ, ге'нію, о ге'ніи	 
 	Геннадий		Генна'дій, Генна'діевичъ и Генна'дьевичъ	 
 	Геннисаретское		Геннисаре'тское (о'зеро)	 
 	генотип		геноти'пъ, въ геноти'пѣ	 
 	генофонд		генофо'ндъ	 
 	геноцид		геноци'дъ	 
 	Гент		Ге'нтъ	 
 	Генуэзский		Генуэ'зскій	 
 	Генуя		Ге'нуя	 
 	географические		географи'ческіе (м. р.), географи'ческія (ж. р. и ср. р.)	 
 	географический		географи'ческій, географи'ческаго	 
 	географического		географи'ческаго	 
 	географическое		географи'ческое (о'бщество)	 
 	география		геогра'фія	 
 	геодезист		геодези'стъ	 
 	геодезистка		геодези'стка	 
 	геодезический		геодези'ческій, геодези'ческаго	 
 	геодезия		геоде'зія	 
 	геодиметр		геоди'метръ	 
 	геодинамика		геодина'мика	 
 	геоид		гео'идъ	 
 	геологический		геологи'ческій	 
 	геомант		геома'нтъ (землегада'тель по сдѣ'ланнымъ на уда'чу то'чкамъ)	 
 	геометрия		геоме'трія, геоме'тръ	 
 	Георгиевск		Гео'ргіевскъ	 
 	Георгиевский		Гео'ргіевскій кавале'ръ, Гео'ргіевскаго	 
 	Георгий		Гео'ргій, Его'рій	 
 	георгин		георги'нъ, георги'на	 
 	гепард		гепа'рдъ	 
 	гепатит		гепати'тъ	 
 	Геракл		Гера'клъ	 
 	Гераклит		Геракли'тъ	 
 	геральдика		гера'льдика (составле'ніе, истолкова'ніе и изуче'ніе гербо'въ)	 
 	герань		гера'нь	 
 	Герасим		Гера'симъ и Гара'симъ	 
 	герб		ге'рбъ, на гербѣ'	 
 	гербарий		герба'рій	 
 	гербовая		ге'рбовая, гербова'я (спеціа'льная ма'рка госуда'рственнаго сбо'ра; бума'га съ гербо'мъ)	 
 	гербовый		ге'рбовый, гербово'й	 
 	Геркулес		Геркуле'съ	 
 	Герман		Ге'рманъ	 
 	Германия		Герма'нія	 
 	гермафродит		гермафроди'тъ (органи'змъ, имѣ'ющій при'знаки какъ мужско'го, такъ и же'нскаго по'ла)	 
 	герменевтика		гермене'втика (толкова'ніе те'кстовъ, первонача'льный смы'слъ кото'рыхъ нея'сенъ вслѣ'дствіе ихъ дре'вности и'ли непо'лной сохра'нности)	 
 	Гермес		Герме'съ	 
 	герметический		гермети'ческій	 
 	герои		геро'и, геро'ямъ, геро'ями, о геро'яхъ	 
 	героизм		герои'змъ, о герои'змѣ	 
 	героин		герои'нъ (сре'дство для раще'нія воло'съ :)	 
 	героиня		герои'ня, герои'нямъ, герои'нями, о герои'няхъ	 
 	героические		герои'ческіе (м. р.), герои'ческія (ж. р. и ср. р.)	 
 	героическое		герои'ческое	 
 	герой		геро'й, геро'ю, геро'емъ, о геро'ѣ, геро'евъ, геро'ями	 
 	геройские		геро'йскіе (м. р.), геро'йскія (ж. р. и ср. р.)	 
 	геройское		геро'йское	 
 	геройство		геро'йство, въ геро'йствѣ	 
 	герольд		геро'льдъ (глаша'тай, возвѣсти'тель; посо'лъ, для перегово'ровъ во вре'мя войны'; смотри'тель при турни'рахъ)	 
 	герольдия		геро'льдія (учётъ свѣ'дѣній о дворя'нскихъ родосло'віяхъ, ти'тулахъ, герба'хъ)	 
 	геронтология		геронтоло'гія (нау'ка, изуча'ющая явле'нія старе'нія живы'хъ органи'змовъ)	 
 	Герострат		Геростра'тъ	 
 	Герц		Ге'рцъ	 
 	Герцеговина		Герцогови'на	 
 	Герцен		Ге'рценъ, о Ге'рценѣ	 
 	герцог		ге'рцогъ, о ге'рцогѣ	 
 	герцогиня		герцоги'ня, о герцоги'нѣ	 
 	герцогство		ге'рцогство (не ге'рцегство!), въ ге'рцогствѣ	 
 	Гессен		Ге'ссенъ	 
 	гессы		ге'ссы	 
 	Гёте		Гёте	 
 	Гётеборг		Гётеборгъ	 
 	гетера		гете'ра (образо'ванная незаму'жняя же'нщина, веду'щая незави'симый о'бразъ жи'зни; же'нщина лёгкаго поведе'нія)	 
 	гетман		ге'тманъ (кома'ндующій войска'ми на Укра'йнѣ, въ По'льшѣ и Литвѣ'), не ге'тьманъ!	 
 	гетры		ге'тры	 
 	Гёттинген		Гёттингенъ	 
 	гетто		ге'тто (райо'нъ го'рода, въ кото'ромъ живу'тъ представи'тели дискримини'руемыхъ ра'совыхъ и'ли религіо'зныхъ гру'ппъ)	 
 	Гефест		Гефе'стъ	 
 	Гефсимания		Геѳсима'нія	 
 	гешефт		геше'фтъ (спекуляти'вная, вы'годная сдѣ'лка; вы'года, при'быль, бары'шъ)	 
гж 	Гжель		Гже'ль	^
ги 	гиацинт		гіаци'нтъ	^
 	гибеллины		гибелли'ны	 
 	гибель		ги'бель, ги'бнетъ, ги'бельнѣе	 
 	гибкие		ги'бкіе (м. р.), ги'бкія (ж. р. и ср. р.)	 
 	гибкий		ги'бкій	 
 	гибкое		ги'бкое	 
 	гибнет		ги'бнетъ	 
 	гибче		ги'бче	 
 	гигант		гига'нтъ, гига'нтскій	 
 	гигиена		гигіе'на, гигіэ'на	 
 	гигиенический		гигіени'ческій и гигіени'чный	 
 	гигрометр		гигро'метръ (прибо'ръ для измѣре'нія вла'жности во'здуха)	 
 	гигроскопический		гигроскопи'ческій и гигроскопи'чный	 
 	гидрометеорология		гидрометеороло'гія, гидрометеорологи'ческій	 
 	гидротехника		гидроте'хника	 
 	гиена		гіе'на, гіэ'на (звѣ'рь), но гее'нна (адъ)	 
 	гиероглиф		гіеро'глифъ, іеро'глифъ	 
 	Гиерон		Гіеро'нъ	 
 	гильдия		ги'льдія (объедине'ніе купцо'въ и реме'сленниковъ; иму'щественные разря'ды внутри' купе'ческаго сосло'вія)	 
 	Гильотен		Гильоте'нъ	 
 	гильотина		гильоти'на (маши'на для обезгла'вливанія какъ спо'соба сме'ртной ка'зни), на гильоти'нѣ	 
 	гимназист		гимнази'стъ, гимнази'стка (ученики' въ гимна'зіи)	 
 	гимназические		гимнази'ческіе (м. р.), гимнази'ческія (ж. р. и ср. р.)	 
 	гимназический		гимнази'ческій, гимнази'ческаго	 
 	гимназическое		гимнази'ческое	 
 	гимназия		гимна'зія (общеобразова'тельное сре'днее уче'бное заведе'ніе), гимнази'стъ	 
 	гимнастёрка		гимнастёрка, въ гимнастёркѣ	 
 	Гименей		Гимене'й	 
 	гинекология		гинеколо'гія	 
 	гинея		гине'я (стари'нная англі'йская золота'я моне'та)	 
 	гипербола		гипе'рбола (чрезмѣ'рное преувеличе'ніе)	 
 	гиперболоид		гиперболо'идъ	 
 	Гиперборея		Гиперборе'я	 
 	Гиперборейские		Гиперборе'йскія (го'ры)	 
 	Гиперборейское		Гиперборе'йское (мо'ре)	 
 	гипнотизёр		гипнотизёръ	 
 	гипнотизм		гипноти'змъ	 
 	гипотеза		гипо'теза, въ гипо'тезѣ	 
 	гипотенуза		гипотену'за	 
 	гиппопотам		гиппопота'мъ	 
 	гирлянда		гирля'нда, въ гирля'ндѣ	 
 	Гиссен		Ги'ссенъ	 
 	гистерезис		гистере'зисъ	 
 	гитара		гита'ра, на гита'рѣ	 
гл 	глава		глава', во главѣ', ко главѣ'	^
 	главарь		глава'рь, о главарѣ'	 
 	главнейшая		главнѣ'йшая	 
 	главного		гла'внаго	 
 	главное		гла'вное	 
 	главнокомандующий		главнокома'ндующій	 
 	главные		гла'вные (м. р.), гла'вныя (ж. р. и ср. р.)	 
 	главный		гла'вный, гла'внаго	 
 	глагол		глаго'лъ, о глаго'лѣ	 
 	глаголем		глаго'лемъ (въ ви'дѣ бу'квы "Г"), домъ располо'женъ глаго'лемъ	 
 	глаголет		глаго'летъ (высокопа'рно говори'тъ), глаго'лешь, глаго'лать, глаго'лю; не глаго'литъ!; не глого'литъ!	 
 	глаголите		глаго'лите, глаго'лить; не глого'лить!	 
 	глаголица		глаго'лица, въ глаго'лицѣ, глаго'лицей, ко глаго'лицѣ	 
 	глаголический		глаголи'ческій, глаголи'ческаго	 
 	глаголь		Г — глаго'ль — четвёртая бу'ква ру'сской а'збуки	 
 	гладенький		гла'денькій	 
 	гладёхонький		гладёхонькій, гладёхонекъ	 
 	гладёшенький		гладёшенькій, гладёшенекъ	 
 	гладиатор		гладіа'торъ	 
 	гладкий		гла'дкій, гла'же	 
 	гладкошёрстный		гладкошёрстный	 
 	гладкошёрстый		гладкошёрстый	 
 	гладкощёкий		гладкощёкій	 
 	глаже		гла'же	 
 	глажен		гла'женъ	 
 	глаженный		гла'женный (пpич.)	 
 	глаженый		гла'женый (пpил.)	 
 	глаз		глазъ, въ глазу', о гла'зѣ	 
 	Глазго		Глэ'зго	 
 	глазеет		глазѣ'етъ, глазѣ'ете, глазѣ'емъ, глазѣ'ешь, глазѣ'ютъ	 
 	глазейте		глазѣ'йте	 
 	Глазенап		Глазена'пъ	 
 	глазёнки		глазёнки	 
 	глазет		глазе'тъ (стари'нная тка'нь ти'па парчи' съ цвѣтно'й шёлковой осно'вой и вы'тканными на ней золоты'ми и'ли сере'бряными узо'рами)	 
 	глазеть		глазѣ'ть (смотрѣ'ть безцѣ'льно, изъ пра'зднаго любопы'тства), глазѣ'йте, глазѣ'ю, глазѣ'етъ	 
 	глазомер		глазомѣ'ръ	 
 	гласе		гласе'	 
 	глауберова		глаубе'рова (соль)	 
 	Глеб		Глѣбъ, Глѣ'бовъ Глѣбъ Глѣ'бовичъ, о Глѣ'бовѣ Глѣ'бѣ Глѣ'бовичѣ	 
 	глень		глѣ'нь, глѣ'нистый	 
 	глетчер		гле'тчеръ (ледни'къ), на гле'тчерѣ	 
 	Гликерия		Глике'рія, Луке'рья	 
 	глинозём		глинозёмъ	 
 	глинтвейн		глинтве'йнъ (горя'чій напи'токъ изъ кра'снаго вина' съ са'харомъ и пря'ностями)	 
 	глиняный		гли'няный	 
 	глицерин		глицери'нъ	 
 	глобальное		глоба'льное	 
 	глобальные		глоба'льные (м. р.), глоба'льныя (ж. р. и ср. р.)	 
 	глодать		глода'ть, гло'жутъ, гло'жетъ, глода'ешь	 
 	гложет		гло'жетъ	 
 	Гломмен		Гло'мменъ	 
 	глотнёт		глотнётъ	 
 	глубже		глу'бже	 
 	глубина		глубина', по глубинѣ'	 
 	глубинное		глуби'нное	 
 	глубинные		глуби'нные (м. р.), глуби'нныя (ж. р. и ср. р.)	 
 	глубокие		глубо'кіе (м. р.), глубо'кія (ж. р. и ср. р.)	 
 	глубокое		глубо'кое, глубо'каго	 
 	глубокомысленнее		глубокомы'сленнѣе	 
 	глубокомысленно		глубокомы'сленно	 
 	глубокомысленного		глубокомы'сленнаго	 
 	глубокомысленное		глубокомы'сленное	 
 	глубокомысленные		глубокомы'сленные (м. р.), глубокомы'сленныя (ж. р. и ср. р.)	 
 	глубокомысленный		глубокомы'сленный, глубокомы'сленнаго	 
 	глубоконек		глубо'конекъ	 
 	глубокоуважаемого		глубокоуважа'емаго	 
 	глубокоуважаемые		глубокоуважа'емые (м. р.), глубокоуважа'емыя (ж. р. и ср. р.)	 
 	глубокоуважаемый		глубокоуважа'емый, глубокоуважа'емаго	 
 	глубочайше		глубоча'йше	 
 	глубочайшее		глубоча'йшее	 
 	глумление		глумле'ніе	 
 	глупее		глупѣ'е	 
 	глупеем		глупѣ'емъ	 
 	глупеет		глупѣ'етъ	 
 	глупеешь		глупѣ'ешь	 
 	глупейшее		глупѣ'йшее	 
 	глупейший		глупѣ'йшій, глупѣ'йшаго	 
 	глупенький		глу'пенькій, глу'пенькаго	 
 	глупеть		глупѣ'ть (дѣ'латься глу'пымъ), но глупи'ть (дѣ'лать глу'пости)	 
 	глупёхонький		глупёхонькій, глупёхонекъ, глупёхонькаго	 
 	глупец		глупе'цъ, глупцо'въ, о глупцѣ'	 
 	глупёшенький		глупёшенькій, глупёшенекъ, глупёшенькаго	 
 	глупею		глупѣ'ю (какъ одѣ'ну портупе'ю, такъ глупѣ'ю и тупѣ'ю)	 
 	глупеют		глупѣ'ютъ	 
 	глупо		глу'по, глу'пый, глу'паго, глупѣ'е	 
 	глупого		глу'паго	 
 	глупое		глу'пое	 
 	глупые		глу'пые (м. р.), глу'пыя (ж. р. и ср. р.)	 
 	глухонемой		глухонѣмо'й, глухонѣмо'го	 
 	глушение		глуше'ніе	 
 	глядел		глядѣ'лъ, глядѣ'ла, глядѣ'ли	 
 	гляделки		глядѣ'лки (игра')	 
 	гляделся		глядѣ'лся, глядѣ'лась, глядѣ'лись	 
 	глядение		глядѣ'ніе	 
 	глядением		глядѣ'ніемъ	 
 	глядеть		глядѣ'ть	 
 	глядеться		глядѣ'ться	 
 	глядите		гляди'те	 
 	глядитесь		гляди'тесь	 
 	гляженое		гля'женое (гля'женое лу'чше хва'ленаго — что самъ ви'дѣлъ, ощу'палъ — вѣрнѣ'е)	 
 	глянет		гля'нетъ	 
 	глянете		гля'нете	 
 	глянец		гля'нецъ, въ гля'нцѣ, гля'нцемъ	 
 	глянцевитая		глянцови'тая	 
 	глянцевитый		глянцови'тый	 
гн 	гнев		гнѣвъ, въ гнѣ'вѣ	^
 	гневаться		гнѣ'ваться, гнѣ'вается	 
 	гневить		гнѣви'ть	 
 	гневиться		гнѣви'ться	 
 	гневливо		гнѣвли'во	 
 	гневливого		гнѣвли'ваго	 
 	гневливое		гнѣвли'вое	 
 	гневливые		гнѣвли'вые (м. р.), гнѣвли'выя (ж. р. и ср. р.)	 
 	гневливый		гнѣвли'вый, гнѣвли'ваго, гнѣвли'вость	 
 	гневно		гнѣ'вно	 
 	гневного		гнѣ'внаго	 
 	гневное		гнѣ'вное	 
 	гневность		гнѣ'вность	 
 	гневные		гнѣ'вные (м. р.), гнѣ'вныя (ж. р. и ср. р.)	 
 	гневный		гнѣ'вный, гнѣ'внаго, гнѣ'венъ, гнѣ'вна и гнѣвна'	 
 	Гнедич		Гнѣ'дичъ	 
 	гнедко		гнѣдко' (ло'шадь)	 
 	гнедой		гнѣдо'й, гнѣдо'го	 
 	гнездо		гнѣздо', мн. — гнѣ'зда, на гнѣздѣ', въ гнѣздѣ'	 
 	Гнезно		Гне'зно	 
 	гнейс		гне'йсъ (го'рная кристалли'ческая поро'да)	 
 	гнём		гнёмъ	 
 	гнёмся		гнёмся	 
 	гнести		гнести', гне'сть (дави'ть свое'й тя'жестью; удруча'ть)	 
 	гнёт		гнётъ, гнести', гнету'	 
 	гнёта		гнѣ'та	 
 	гнетёт		гнетётъ	 
 	гнётесь		гнётесь	 
 	гнетить		гнѣти'ть (зажига'ть)	 
 	гнётом		гнётомъ	 
 	гнетущего		гнету'щаго	 
 	гнетуще		гнету'ще (наpѣч.)	 
 	гнетущее		гнету'щее	 
 	гнетущие		гнету'щіе (м. р.), гнету'щія (ж. р. и ср. р.)	 
 	гнетущий		гнету'щій, гнету'щаго	 
 	гнёшь		гнёшь	 
 	гнёшься		гнёшься	 
 	гниение		гніе'ніе	 
 	гниём		гніёмъ	 
 	гниёт		гніётъ	 
 	гниёшь		гніёшь	 
 	гнилее		гнилѣ'е	 
 	гнильё		гнильё	 
 	гнию		гнію'	 
 	гниют		гнію'тъ	 
 	гносеология		гносеоло'гія (тео'рія позна'нія)	 
 	гнусен		гну'сенъ	 
 	гнуснее		гнуснѣ'е	 
 	гнусные		гну'сные (м. р.), гну'сныя (ж. р. и ср. р.)	 
 	гнусный		гну'сный, гну'снаго, гну'сное	 
 	гнутоклеёный		гнутоклеёный	 
 	гнутьё		гнутьё	 
го 	гобелен		гобеле'нъ (декорати'вная тка'нь съ вы'тканымъ рису'нкомъ)	^
 	говельщик		говѣ'льщикъ, говѣ'льщица	 
 	говение		говѣ'ніе	 
 	говеть		говѣ'ть (пости'ться и посѣща'ть церко'вныя слу'жбы), говѣ'ніе	 
 	говорённый		говорённый	 
 	говорите		говори'те	 
 	говорящего		говоря'щаго	 
 	говорящее		говоря'щее	 
 	говорящие		говоря'щіе (м. р.), говоря'щія (ж. р. и ср. р.)	 
 	говорящий		говоря'щій, говоря'щаго	 
 	говядина		говя'дина	 
 	говяжье		говя'жье, говя'жьяго	 
 	гоголем		го'големъ ходи'ть (щёголемъ, хва'томъ, самодово'льно подня'въ го'лову)	 
 	гогочет		гого'четъ	 
 	годен		го'денъ	 
 	годного		го'днаго	 
 	годное		го'дное	 
 	годные		го'дные (м. р.), го'дныя (ж. р. и ср. р.)	 
 	годный		го'дный, го'днаго	 
 	гоже		го'же (удо'бно — ма'ло снѣ'гу совсѣ'мъ, ходи'ть го'же), не го'же — не годи'тся, неудо'бно	 
 	гожий		го'жій (приго'дный), гожъ, не гожъ	 
 	голавлёвый		голавлёвый	 
 	Голгофа		Голго'ѳа	 
 	големый		голѣ'мый (цeрк. вели'кій, сла'вный)	 
 	голенастый		голена'стый, голена'стаго	 
 	голенище		голени'ще (ча'сть сапога', прикрыва'ющая го'лень)	 
 	голень		го'лень	 
 	голенький		го'ленькій, го'ленькаго	 
 	голёхонек		голёхонекъ	 
 	голец		голе'цъ (ры'ба)	 
 	голёшенький		голёшенькій	 
 	Голиаф		Голіа'ѳъ	 
 	Голландия		Голла'ндія	 
 	голова		голова', на головѣ'	 
 	головёнка		головёнка	 
 	головешка		голове'шка	 
 	Головлёв		Головлёвъ	 
 	головнёй		головнёй	 
 	головного		головно'го (головно'й), но уголо'внаго (уголо'вный)	 
 	головокружение		головокруже'ніе	 
 	головорез		головорѣ'зъ	 
 	голодание		голода'ніе	 
 	голоден		го'лоденъ	 
 	голоднее		голоднѣ'е	 
 	голодное		голо'дное, голо'дные (м. р.), голо'дныя (ж. р. и ср. р.), голо'днаго	 
 	гололёд		гололёдъ, при гололёдѣ	 
 	гололедица		гололе'дица, при гололе'дицѣ	 
 	голос		го'лосъ, въ го'лосѣ	 
 	голосистее		голоси'стѣе	 
 	голословен		голосло'венъ	 
 	голосочек		голосо'чекъ	 
 	голосуешь		голосу'ешь	 
 	голошение		голоше'ніе (отъ голоси'ть)	 
 	Голубев		Го'лубевъ	 
 	голубее		голубѣ'е, голубѣ'й	 
 	голубей		голубе'й (го'лубь), голубѣ'й (голубѣ'е)	 
 	голубёнок		голубёнокъ	 
 	голубенький		голу'бенькій	 
 	голубеть		голубѣ'ть, голубѣ'етъ	 
 	голубое		голубо'е, голубо'го	 
 	голубочек		голубо'чекъ	 
 	голубчик		голу'бчикъ	 
 	голубые		голубы'е (м. р.), голубы'я (ж. р. и ср. р.)	 
 	гольё		гольё	 
 	гольём		гольёмъ	 
 	Гомель		Го'мель	 
 	гомеопатия		гомеопа'тія	 
 	Гомер		Гоме'ръ	 
 	гомерический		гомери'ческій (неудержи'мый, о'чень гро'мкій смѣ'хъ)	 
 	гомилетика		гомиле'тика	 
 	гомогенный		гомоге'нный (одноро'дный)	 
 	гомосексуалист		гомосексуали'стъ	 
 	гондольер		гондолье'ръ (гребе'цъ на гондо'лѣ)	 
 	гонение		гоне'ніе, гоне'нія	 
 	гонец		гоне'цъ, но га'нецъ (жи'тель Га'ны)	 
 	гониометр		гоніо'метръ	 
 	гонобобель		гонобо'бель (голуби'ка), гонобо'льникъ	 
 	гонорар		гонора'ръ, гонора'рій	 
 	гоноррея		гонорре'я, при гонорре'ѣ	 
 	гончар		гонча'ръ	 
 	гончего		го'нчаго	 
 	гончие		го'нчіе (м. р.), го'нчія (ж. р. и ср. р.)	 
 	гончий		го'нчій, го'нчаго	 
 	гоньба		гоньба' (отъ гоня'ть)	 
 	гора		гора', на горѣ'	 
 	горбатенький		горба'тенькій	 
 	горбатеть		горба'тѣть	 
 	горбылём		горбылёмъ	 
 	Гордей		Горде'й, Горде'евъ	 
 	горделивый		гордели'вый	 
 	гордец		горде'цъ, гордецо'въ, гордецо'мъ, о гордецѣ'	 
 	Гордиев		Го'рдіевъ (у'зелъ)	 
 	Гордий		Го'рдій	 
 	горе		го'ре (печа'ль), въ го'рѣ (въ печа'ли)	 
 	горе		горѣ' (вве'рхъ), на горѣ', но го'ре (печа'ль)	 
 	горевать		горева'ть	 
 	горе-злосчастие		го'ре-злосча'стье и го'ре-злосча'стіе	 
 	горек		го'рекъ, горька', го'рько, горьки' и го'рьки	 
 	горелка		горѣ'лка	 
 	горелки		горѣ'лки (игра' въ горѣ'лки)	 
 	горельеф		горелье'фъ	 
 	горем		го'ремъ (уби'тый)	 
 	горемыка		горемы'ка	 
 	горемычный		горемы'чный, горемы'чнаго	 
 	горение		горѣ'ніе	 
 	горенка		го'ренка (ко'мнатка, отъ го'рница), въ го'ренкѣ	 
 	горестный		го'рестный, го'рестнаго	 
 	горесть		го'ресть, въ го'рести	 
 	гореть		горѣ'ть, горѣ'вшій, горѣ'ніе	 
 	горец		го'рецъ, го'рца, го'рцемъ, го'рцевъ, о го'рцѣ (жи'тель горъ)	 
 	горец		горе'цъ, горца', горцо'мъ, горцо'въ, о горцѣ' (расте'ніе)	 
 	горечавка		гореча'вка	 
 	горечь		го'речь	 
 	горжетка		горже'тка (пло'тно облега'ющій ше'ю мѣхово'й воротни'къ), въ горже'ткѣ	 
 	горизонт		горизо'нтъ, на горизо'нтѣ	 
 	горилла		гори'лла	 
 	гористее		гори'стѣе	 
 	горка		го'рка, на го'ркѣ	 
 	горлинка		го'рлинка и го'рленка	 
 	горлодёр		горлодёръ (горлопа'нъ)	 
 	горнего		го'рняго	 
 	горнее		го'рнее (небе'сное)	 
 	горний		го'рній (небе'сный), го'рняго, го'рнему	 
 	горница		го'рница, въ го'рницѣ, по го'рницѣ	 
 	горного		го'рнаго	 
 	горное		го'рное (дѣ'ло)	 
 	горностаевый		горноста'евый	 
 	горные		го'рные (м. р.), го'рныя (ж. р. и ср. р.)	 
 	горный		го'рный, го'рнаго	 
 	город		го'родъ, въ го'родѣ	 
 	Городец		Городе'цъ	 
 	городище		городи'ще, на городи'щѣ	 
 	городищенский		городи'щенскій	 
 	городничего		городни'чаго	 
 	городничий		городни'чій, городни'чаго	 
 	городовой		городово'й, городово'го, городовы'е (мн. м. р.) — ни'жній чинъ городско'й поли'ціи	 
 	городовые		городовы'е (м. р.), городовы'я (ж. р. и ср. р.); отъ городово'й — относя'щіяся къ го'роду	 
 	городские		городскі'е (м. р.), городскі'я (ж. р. и ср. р.)	 
 	городского		городско'го (но нижегоро'дскаго)	 
 	городское		городско'е	 
 	горожане		горожа'не	 
 	горох		горо'хъ, на горо'хѣ	 
 	горошек		горо'шекъ	 
 	горский		го'рскій, го'рскаго, го'рскихъ (отъ го'рецъ)	 
 	горстка		го'рстка, о го'рсткѣ	 
 	гортензия		горте'нзія	 
 	горчайшего		горча'йшаго	 
 	горчайшее		горча'йшее	 
 	горчайшие		горча'йшіе (м. р.), горча'йшія (ж. р. и ср. р.)	 
 	горчайший		горча'йшій, горча'йшаго	 
 	горче		го'рче и горчѣ'е (отъ го'рько)	 
 	горчица		горчи'ца съ хрѣ'номъ, въ горчи'цѣ, нама'зать горчи'цей	 
 	горше		го'рше (отъ го'рестнѣе), го'ршій, го'ршая, го'ршаго	 
 	горшее		го'ршее (го'рькое)	 
 	горшеня		горше'ня (горше'чникъ), горше'ней, о горше'нѣ	 
 	горшечный		горше'чный, горше'чное, горше'чнаго	 
 	горшие		го'ршіе (м. р.), го'ршія (ж. р. и ср. р.)	 
 	горшок		горшо'къ, на горшкѣ'	 
 	горючее		горючѣ'е (болѣ'е горю'чъ) но горю'чее (то'пливо)	 
 	горючесть		горю'честь	 
 	горяч		горя'чъ, горяча', горячи', горячо'	 
 	горячего		горя'чаго	 
 	горячее		горячѣ'е (бо'лѣе горя'чее) но горя'чее (блю'до)	 
 	горячем		горя'чемъ (о горя'чемъ блю'дѣ)	 
 	горячему		горя'чему (по горя'чему слѣ'ду)	 
 	горячие		горя'чіе (м. р.), горя'чія (ж. р. и ср. р.)	 
 	горячий		горя'чій, горя'чаго, горя'чъ, горячѣ'е но горя'чее (блю'до)	 
 	горячим		горя'чимъ (по горя'чимъ слѣда'мъ)	 
 	горячительный		горячи'тельный, горячи'тельнаго	 
 	горящего		горя'щаго	 
 	горящее		горя'щее	 
 	горящие		горя'щіе (м. р.), горя'щія (ж. р. и ср. р.)	 
 	горящий		горя'щій, горя'щаго	 
 	госзаём		госзаёмъ	 
 	го-сотерн		госоте'рнъ (сла'дкое бѣ'лое бордо'сское вино' вы'сшаго со'рта)	 
 	Господень		Госпо'день (гнѣ'въ Госпо'день)	 
 	Господне		Госпо'дне	 
 	Господнего		Госпо'дняго	 
 	Господнее		Госпо'днее	 
 	господский		госпо'дскій	 
 	госприёмка		госпріёмка	 
 	гостевая		госте'вая	 
 	гостевой		госте'вой	 
 	гостей		госте'й	 
 	гостёк		гостёкъ	 
 	гостеприимство		гостепріи'мство	 
 	гостёчек		гостёчекъ	 
 	гостиная		гости'ная, гости'ница, Гости'ный (дворъ)	 
 	гостинец		гости'нецъ, гости'нцемъ, о гости'нцѣ	 
 	гостиница		гости'ница, въ гости'ницѣ (не гости'нница!)	 
 	гостинный		гости'нный (отъ гости'ная — гости'нный ками'нъ, гости'нная ме'бель), но гости'ный (отъ го'сть — гости'ный ря'дъ)	 
 	гостиный		гости'ный (отъ го'сть — гости'ный ря'дъ), но гости'нный (отъ гости'ная — гости'нный ками'нъ, гости'нная ме'бель)	 
 	Гостиный		Гости'ный дворъ (не Гости'нный!)	 
 	гость		го'сть, о го'стѣ	 
 	государев		госуда'ревъ	 
 	государственного		госуда'рственнаго	 
 	государственное		госуда'рственное	 
 	государственность		госуда'рственность	 
 	государственные		госуда'рственные (м. р.), госуда'рственныя (ж. р. и ср. р.)	 
 	государственный		госуда'рственный, госуда'рственнаго	 
 	государство		госуда'рство, въ госуда'рствѣ	 
 	государь		госуда'рь, о госуда'рѣ, госуда'ревъ	 
 	гот		готъ, го'ты (гру'ппа герма'нскихъ племёнъ; готѳъ, готфъ, готтъ — оши'бочно!)	 
 	готический		готи'ческій	 
 	готовенький		гото'венькій	 
 	готтентот		готтенто'тъ, готтенто'товъ (этни'ческая о'бщность на ю'гѣ А'фрики)	 
 	гофмейстер		гофме'йстеръ (чи'нъ и до'лжность лица', управля'ющаго шта'томъ придво'рныхъ)	 
 	гощение		гоще'ніе, гоще'нье	 
гр 	грабёж		грабёжъ	^
 	грабельки		гра'бельки	 
 	грабитель		граби'тель	 
 	грабель		гра'бель	 
 	граблей		грабле'й	 
 	грабление		грабле'ніе	 
 	гравер		гра'веръ (жукъ семе'йства короѣ'довъ)	 
 	гравёр		гравёръ (ма'стеръ гравиро'вки), гравиро'вщикъ	 
 	гравий		гра'вій	 
 	гравюра		гравю'ра, на гравю'рѣ, гравю'рное	 
 	град		градъ, въ гра'дѣ	 
 	градиент		градіе'нтъ	 
 	градостроение		градострое'ніе	 
 	градостроитель		градострои'тель	 
 	граждане		гра'ждане	 
 	гражданин		граждани'нъ, о граждани'нѣ	 
 	гражданские		гражда'нскіе (м. р.), гражда'нскія (ж. р. и ср. р.)	 
 	гражданский		гражда'нскій, гражда'нскаго	 
 	гражданского		гражда'нскаго	 
 	гражданское		гражда'нское	 
 	грамм		гра'ммъ, въ гра'ммѣ	 
 	грамматика		грамма'тика, граммати'ческій, въ грамма'тикѣ	 
 	грамматический		граммати'ческій, граммати'ческаго	 
 	граммофон		граммофо'нъ (механи'ческій аппара'тъ съ ру'поромъ, воспроизводя'щій зву'ки, запи'санные на пласти'нку)	 
 	грамота		гра'мота, въ гра'мотѣ, по гра'мотѣ, грамоте'й	 
 	грамотей		грамоте'й, о грамоте'ѣ, грамоте'евъ	 
 	гранатомёт		гранатомётъ	 
 	грандиозное		грандіо'зное	 
 	грандиозные		грандіо'зные (м. р.), грандіо'зныя (ж. р. и ср. р.)	 
 	гранёный		гранёный, гранёнаго	 
 	граница		грани'ца, на грани'цѣ	 
 	гранулёзный		гранулёзный	 
 	гранулёма		гранулёма	 
 	граф		графъ (дворя'нскій ти'тулъ), гра'фы и графья', гра'фовъ и графьёвъ, о гра'фѣ	 
 	графа		графа', графы', гра'фы, гра'фъ, графа'мъ, въ графѣ'	 
 	графекон		графеко'нъ	 
 	графель		гра'фель, гра'фельный	 
 	графема		графе'ма	 
 	график		гра'фикъ, на гра'фикѣ	 
 	графика		гра'фика, въ гра'фикѣ	 
 	графин		графи'нъ, въ графи'нѣ	 
 	графинчик		графи'нчикъ	 
 	графиня		графи'ня, графи'нинъ	 
 	графический		графи'ческій, графи'ческаго	 
 	графлёный		графлёный	 
 	графомания		графома'нія	 
 	графчик		гра'фчикъ	 
 	графьёв		графьёвъ	 
 	Грациан		Граціа'нъ	 
 	Грации		Гра'ціи	 
 	грациозно		граціо'зно	 
 	грация		гра'ція	 
 	грёб		грёбъ, гребла', гребли'	 
 	гребём		гребёмъ, гребётъ, гребёте, гребёшь, гребу'тъ	 
 	гребёнка		гребёнка	 
 	гребень		гре'бень	 
 	гребёт		гребётъ	 
 	гребёте		гребёте	 
 	гребец		гребе'цъ, о гребцѣ', гребцо'мъ, гребца'ми	 
 	гребешок		гребешо'къ	 
 	гребёшь		гребёшь	 
 	гребной		гребно'й, гребно'е	 
 	гребные		гребны'е (м. р.), гребны'я (ж. р. и ср. р.)	 
 	греет		грѣ'етъ	 
 	греете		грѣ'ете, грѣ'етесь	 
 	грезет		грезе'тъ	 
 	грезится		гре'зится, пригре'зится	 
 	грезить		гре'зить, гре'жу, гре'зишь	 
 	грезиться		гре'зиться, пригре'зиться	 
 	грёзы		грёзы, ед. ч. грёза, грёзъ, въ грёзахъ	 
 	грей		грѣй, грѣ'йся	 
 	грек		грекъ, о гре'кѣ	 
 	греко-славянский		гре'ко-славя'нскій, гре'ко-славя'нскаго	 
 	грелка		грѣ'лка	 
 	гремел		гремѣ'лъ	 
 	греметь		гремѣ'ть	 
 	гремит		греми'тъ	 
 	Гремячево		Гремя'чево	 
 	гремящего		гремя'щаго	 
 	гремящее		гремя'щее	 
 	гремящие		гремя'щіе (м. р.), гремя'щія (ж. р. и ср. р.)	 
 	гремящий		гремя'щій, гремя'щаго	 
 	гренадер		гренаде'ръ (солда'тъ или офице'ръ отбо'рныхъ часте'й; не гренадёръ!)	 
 	гренадин		гренади'нъ (сиро'пъ на осно'вѣ грана'товаго со'ка)	 
 	гренки		гренки'	 
 	Гренландия		Гренла'ндія	 
 	грести		грести' и гре'сть, гребу'	 
 	греть		грѣть, грѣ'етъ	 
 	Греция		Гре'ція	 
 	грех		грѣхъ, въ грѣхѣ'	 
 	греховные		грѣхо'вные (м. р.), грѣхо'вныя (ж. р. и ср. р.)	 
 	греховный		грѣхо'вный	 
 	греховодник		грѣхово'дникъ	 
 	греховодный		грѣхово'дный	 
 	грехопадение		грѣхопаде'ніе	 
 	грецкий		гре'цкій орѣ'хъ, гре'цкаго	 
 	греча		гре'ча, въ гре'чѣ	 
 	гречанка		греча'нка, о греча'нкѣ	 
 	греческий		гре'ческій и гре'цкій, гре'ческаго	 
 	гречиха		гречи'ха	 
 	гречка		гре'чка	 
 	гречневик		гречневи'къ, грешневи'къ (лепёшка изъ гре'чневой муки'; шля'па въ фо'рмѣ лепёшки)	 
 	гречневый		гре'чневый	 
 	грешат		грѣша'тъ	 
 	грешен		грѣ'шенъ	 
 	грешит		грѣши'тъ	 
 	грешить		грѣши'ть	 
 	грешна		грѣшна'	 
 	грешнее		грѣшнѣ'е	 
 	грешник		грѣ'шникъ, о грѣ'шникѣ	 
 	грешница		грѣ'шница, о грѣ'шницѣ	 
 	грешно		грѣшно'	 
 	грешного		грѣ'шнаго	 
 	грешность		грѣ'шность	 
 	грешны		грѣшны' и грѣ'шны	 
 	грешные		грѣ'шные (м. р.), грѣ'шныя (ж. р. и ср. р.)	 
 	грешный		грѣ'шный, грѣ'шнаго	 
 	грешок		грѣшо'къ	 
 	Грибоедов		Грибоѣ'довъ	 
 	гривенник		гри'венникъ (десятикопе'ечная моне'та, на сами'хъ моне'тахъ писа'ли «копѣ'екъ»)	 
 	Григорий		Григо'рій, Григо'рьевъ, Григо'рьевичъ, Григо'рьевна	 
 	Григориополь		Григоріо'поль	 
 	гривуазные		гривуа'зные (м. р.), гривуа'зныя (ж. р. и ср. р.), гривуа'зныя пѣ'сни (пика'нтныя, нескро'мныя)	 
 	григорианский		григоріа'нскій календа'рь, григоріа'нское лѣтосчисле'ніе, не грегоріа'нскій!	 
 	гридень		гри'день, гри'днемъ	 
 	гризетка		гризе'тка (шве'йка, нося'щая сѣ'рое пла'тье — середи'на ме'жду бѣ'лымъ и чёрнымъ, до'брымъ и непохва'льнымъ)	 
 	гримёр		гримёръ	 
 	гримёрка		гримёрка, въ гримёркѣ	 
 	гримёрная		гримёрная	 
 	гримёрша		гримёрша	 
 	Гринвич		Гри'ничъ	 
 	гриф		грифъ	 
 	грифелёк		грифелёкъ	 
 	грифель		гри'фель	 
 	гробанёмся		гробанёмся	 
 	гроденапль		гродена'пль	 
 	гродненский		гро'дненскій	 
 	грозен		гро'зенъ	 
 	громадный		грома'дный	 
 	громкие		гро'мкіе (м. р.), гро'мкія (ж. р. и ср. р.)	 
 	громкий		гро'мкій, гро'мкаго	 
 	громкое		гро'мкое	 
 	громовержец		громове'ржецъ	 
 	громоздить		громозди'ть	 
 	громоносный		громоно'сный, громоно'сенъ, громоно'сецъ	 
 	Громоносцев		Громоно'сцевъ	 
 	громче		гро'мче, громчѣ'й	 
 	громыхнёт		громыхнётъ	 
 	гроссмейстер		гросме'йстеръ	 
 	гротеск		гроте'скъ, гроте'скное	 
 	грошовый		грошо'вый, грошо'ваго и грошево'й, грошево'го	 
 	грубее		грубѣ'е	 
 	грубейший		грубѣ'йшій, грубѣ'йшаго	 
 	грубеть		грубѣ'ть	 
 	Грубешов		Грубешо'въ	 
 	грубиян		грубія'нъ, грубіа'нъ	 
 	грубошёрстный		грубошёрстный	 
 	грубошёрстый		грубошёрстый	 
 	грубый		гру'бый, грубѣ'е, гру'баго	 
 	грудей		груде'й (отъ гру'ди)	 
 	гружённый		гружённый, гружённаго	 
 	гружёный		гружёный, гружёнаго	 
 	груздь		гру'здь (не гру'зьдь!), гру'зди, грузде'й, груздя', груздю', о груздѣ', груздёвый, груздёмъ но назва'лся гру'здемъ — полѣза'й въ ку'зовъ	 
 	Грузия		Гру'зія	 
 	грузовое		грузово'е, грузово'го	 
 	грузовые		грузовы'е (м. р.), грузовы'я (ж. р. и ср. р.)	 
 	грузоподъёмник		грузоподъёмникъ	 
 	грузоподъёмный		грузоподъёмный	 
 	грузчик		гру'зчикъ	 
 	группа		гру'ппа, въ гру'ппѣ	 
 	группетто		группе'тто (мелоди'ческое украше'ніе вокру'гъ основно'й но'ты)	 
 	грусть		гру'сть (не гру'сьть!), грустнѣ'е, грусти'те	 
 	грушевый		гру'шевый, гру'шеваго	 
 	грызём		грызёмъ	 
 	грызёт		грызётъ	 
 	грызёшь		грызёшь	 
 	грызёшься		грызёшься	 
 	грюйер		грюйе'ръ	 
 	гряда		гряда', по грядѣ'	 
 	грядёт		грядётъ	 
 	грядётся		грядётся	 
 	грядёшь		грядёшь	 
 	грядка		гря'дка, на гря'дкѣ	 
 	грядущего		гряду'щаго	 
 	грядущее		гряду'щее	 
 	грядущему		гряду'щему	 
 	грядущие		гряду'щіе (м. р.), гряду'щія (ж. р. и ср. р.)	 
 	грядущий		гряду'щій, гряду'щаго	 
 	грязелечебный		грязелѣче'бный	 
 	грязнёхонек		грязнёхонекъ	 
 	грязнёшенек		грязнёшенекъ	 
 	грянет		гря'нетъ	 
гу 	губёнка		губёнка	^
 	губернатор		губерна'торъ, о губерна'торѣ	 
 	губернаторша		губерна'торша (жена' губерна'тора)	 
 	губернией		губе'рніей	 
 	губерния		губе'рнія, въ губе'рніи, губе'рній	 
 	губернские		губе'рнскіе (м. р.), губе'рнскія (ж. р. и ср. р.)	 
 	губернский		губе'рнскій, губе'рнскаго	 
 	губернского		губе'рнскаго	 
 	губошлёп		губошлёпъ	 
 	гувернантка		гуверна'нтка	 
 	гувернёр		гувернёръ (дома'шній воспита'тель, занима'вшійся обуче'ніемъ дѣте'й, обы'чно иностра'нецъ)	 
 	гугель		гу'гель (продолгова'тыя пшени'чныя бу'лочки, хлѣ'бцы, съ виту'шкой по'верху)	 
 	гугенот		гугено'тъ (францу'зскіе протеста'нты въ XVI-XVII вѣка'хъ)	 
 	гугнивый		гугни'вый и гугня'вый (косноязы'чный)	 
 	гудение		гудѣ'ніе	 
 	гудёт		гудётъ (гуди'тъ)	 
 	гудеть		гудѣ'ть	 
 	гужевать		гужева'ть, гужу'ешь	 
 	гужеваться		гужева'ться, гужу'ешься (ве'село проводи'ть вре'мя)	 
 	гужевая		гужева'я (тя'га)	 
 	гужевой		гужево'й, гужево'е, гужево'го	 
 	гужом		гужёмъ и гужо'мъ (гужево'й тя'гой)	 
 	гулевой		гулево'й	 
 	гулёна		гулёна	 
 	гулливый		гулли'вый (лю'бящій гуля'ть, разгу'льный)	 
 	гульбище		гу'льбище, на гу'льбищѣ	 
 	гульден		гу'льденъ (золота'я, позднѣ'е сере'бряная моне'та въ европе'йскихъ стра'нахъ)	 
 	гульнём		гульнёмъ	 
 	гуляешь		гуля'ешь, гуля'етъ, гуля'емъ	 
 	гуляние		гуля'ніе, гуля'нье	 
 	гулянье		гуля'нье, гуля'ніе	 
 	гуманен		гума'ненъ	 
 	гуманнее		гума'ннѣе	 
 	гуманнейший		гума'ннѣйшій	 
 	гуманного		гума'ннаго	 
 	гуманное		гума'нное	 
 	гуманные		гума'нные (м. р.), гума'нныя (ж. р. и ср. р.)	 
 	гуменник		гуме'нникъ	 
 	гумённик		гумённикъ	 
 	гуменце		гуме'нце, гуме'нцевъ и гуме'нецъ	 
 	Гумилёв		Гумилёвъ	 
 	гуммиарабик		гуммиара'бикъ (кле'й изъ ка'меди)	 
 	гуммиластик		гуммила'стикъ (каучу'къ)	 
 	гурей		гу'рей, гу'рій	 
 	Гурий		Гу'рій, Гурья'нъ	 
 	гурия		гу'рія	 
 	гурман		гурма'нъ, о гурма'нѣ (человѣ'къ, лю'бящій мно'го, сы'тно и вку'сно поѣ'сть, иногда' безъ вся'кой мѣ'ры), не гурмэ'!	 
 	гурмэ		гурмэ' (человѣ'къ, разбира'ющійся въ то'нкостяхъ кулинарі'и, кулина'рный экспе'ртъ, но не обжо'ра), не гурма'нъ!	 
 	Гурьев		Гу'рьевъ	 
 	гурьевская		гу'рьевская (ка'ша)	 
 	Гусев		Гу'севъ	 
 	гусёк		гусёкъ (архитекту'рный про'филь)	 
 	гусельник		гу'сельникъ	 
 	гусельки		гу'сельки	 
 	гусем		гу'семъ	 
 	гусеница		гу'сеница	 
 	гусёнок		гусёнокъ	 
 	густеть		густѣ'ть	 
 	густонаселённый		густонаселённый	 
 	густотёртая		густотёртая	 
 	густошёрстный		густошёрстный	 
 	густошёрстый		густошёрстый	 
 	гусь		гусь, гуся' и гу'ся, гу'семъ, гусе'й, о гусѣ' и о гу'сѣ	 
 	гуттаперча		гуттапе'рча (кожеподо'бное вещество', получа'емое изъ затвердѣ'вшаго со'ка нѣ'которыхъ расте'ній)	 
 	Гуттенберг		Гуттенбе'ргъ	 
 	гуще		гу'ще (отъ густо'й), но на кофе'йной гу'щѣ (отъ гу'ща)	 
гя 	гяур		гяу'ръ (назва'ніе иновѣ'рца у мусульма'нъ)