иа 	Иадор		Іадо'ръ	^
 	Иакинф		Іаки'нѳъ	 
 	Иаков		Іа'ковъ, Я'ковъ	 
иб 	Иберия		Ибе'рія	^
ив 	Иван		Ива'нъ, Іоа'ннъ, объ Ива'нѣ	^
 	Ивангород		Ива'нь-го'родъ, въ Ива'нъ-го'родѣ	 
 	Иванушка		Ива'нушка, Ива'нушкѣ	 
 	ивасёвая		ивасёвая	 
 	ивень		и'вень (и'ней, мёрзлый паръ)	 
 	Иверия		Иве'рія	 
 	иверский		и'верскій, и'верскаго	 
 	ивишень		и'вишень, по'двишень (бѣ'лый кру'пный съѣдо'бный гри'бъ)	 
иг 	игемон		игемо'нъ, гегемо'нъ (руководи'тель, наста'вникъ, военача'льникъ, намѣ'стникъ), объ игемо'нѣ	^
 	Игнатий		Игна'тій Игна'тьевичъ Игна'тьевъ	 
 	Игнатьев		Игна'тьевъ Игна'тій Игна'тьевичъ, объ Игна'тьевѣ Игна'тіи Игна'тьевичѣ	 
 	игра		игра, въ игрѣ'	 
 	играет		игра'етъ, игра'емъ, игра'ешь, игра'ютъ	 
 	играете		игра'ете	 
 	играетесь		игра'етесь	 
 	играется		игра'ется, игра'емся, игра'ешься, игра'ются	 
 	игралище		игра'лище	 
 	игрек		и'грекъ	 
 	игрец		игре'цъ (ни шве'цъ, ни жне'цъ, ни въ дуду' игре'цъ)	 
 	игрецкий		игре'цкій	 
 	игривее		игри'вѣе	 
 	игрище		и'грище (собра'ніе молодёжи для игръ, та'нцевъ и други'хъ развлече'ній)	 
 	игрушечка		игру'шечка	 
 	игумен		игу'менъ (настоя'тель мужско'го монастыря'), объ игу'менѣ	 
 	игуменский		игу'менскій, игу'менскаго	 
 	игуменство		игу'менство, въ игу'менствѣ	 
 	игуменья		игу'менья (настоя'тельница же'нскаго монастыря'), объ игу'меньѣ	 
ид 	идеал		идеа'лъ, въ идеа'лѣ	^
 	идеализация		идеализа'ція	 
 	идеализировать		идеализи'ровать	 
 	идеализм		идеали'змъ	 
 	идеалист		идеали'стъ	 
 	идеалистический		идеалисти'ческій	 
 	идеальный		идеа'льный, идеа'льнаго	 
 	идеей		идее'й	 
 	идеенъ		иде'енъ, иде'йна, иде'йны	 
 	идеже		идѣ'же (цeрк. гдѣ, когда')	 
 	идей		иде'й	 
 	идейка		иде'йка	 
 	идейнее		иде'йнѣе	 
 	идейно		иде'йно	 
 	идейного		иде'йнаго	 
 	идейное		иде'йное	 
 	идейность		иде'йность	 
 	идейные		иде'йные (м. р.), иде'йныя (ж. р. и ср. р.)	 
 	идейный		иде'йный, иде'йнаго	 
 	идём		идёмъ	 
 	идёмте		идёмте	 
 	идентификатор		идентифика'торъ	 
 	идентификация		идентифика'ція	 
 	идентичен		иденти'ченъ	 
 	идентичного		иденти'чнаго	 
 	идентичное		иденти'чное	 
 	идентичность		иденти'чность	 
 	идентичные		иденти'чные (м. р.), иденти'чныя (ж. р. и ср. р.)	 
 	идентичный		иденти'чный (по'лностью совпада'ющій, тожде'ственный)	 
 	идеологический		идеологи'ческій, идеологи'ческаго	 
 	идеология		идеоло'гія	 
 	и десятеричное		І (десятери'чное) — деся'тая бу'ква ру'сской а'збуки	 
 	идёт		идётъ, идётся	 
 	идёте		идёте	 
 	идётся		идётся	 
 	идёшь		идёшь	 
 	идея		иде'я, иде'и, по иде'ѣ, за иде'ю	 
 	идеями		иде'ями, въ иде'яхъ	 
 	идиллия		иди'ллія (безмяте'жно-счастли'вое существова'ніе), не иди'лія! и не идди'лія!	 
 	идиома		идіо'ма (выраже'ніе, значе'ніе кото'раго не скла'дывается изъ значе'ній составля'ющихъ его' сло'въ), въ идіо'мѣ	 
 	идиот		идіо'тъ (страда'ющій идіоті'ей, слабоу'міемъ; дура'къ, болва'нъ, тупи'ца), объ идіо'тѣ	 
 	идиотка		идіо'тка, объ идіо'ткѣ	 
 	идите		иди'те	 
 	Идоменей		Идомене'й	 
 	Идрия		И'дрія	 
 	идолище		и'долище пога'ное (чудо'вище)	 
 	идти		идти' и итти'	 
 	Идумея		Идуме'я	 
ие 	Иевфай		Іевѳа'й	^
 	Иегова		Іе'гова	 
 	Иезавель		Іезаве'ль	 
 	Иезекииль		Іезекіи'ль	 
 	Иезид		Іези'дъ	 
 	иезуит		іезуи'тъ и езуи'тъ (чле'нъ мона'шескаго о'рдена католи'ческой це'ркви; хи'трый, двули'чный, изощрённо-кова'рный человѣ'къ), объ іезуи'тѣ	 
 	иерарх		іера'рхъ (верхо'вный глава' це'ркви въ са'нѣ епи'скопа), объ іера'рхѣ	 
 	иерархия		іера'рхія	 
 	иерей		іере'й (свяще'нникъ), объ іере'ѣ	 
 	иеремиада		іереміа'да (слёзная, плаче'вная жа'лоба)	 
 	Иеремия		Іеремі'я	 
 	Иеринг		Іе'рингъ	 
 	Иерихон		Іерихо'нъ	 
 	иероглиф		іеро'глифъ, гіеро'глифъ	 
 	иеродиакон		іеродіа'конъ (мона'хъ въ са'нѣ дья'кона)	 
 	иеромантия		іерома'нтія (гада'ніе на вну'тренностяхъ же'ртвенныхъ живо'тныхъ)	 
 	иеромонах		іеромона'хъ (мона'хъ въ са'нѣ свяще'нника)	 
 	Иероним		Іерони'мъ	 
 	Иерусалим		Іерусали'мъ и Ерусали'мъ, въ Іерусали'мѣ	 
 	Иессей		Іессе'й	 
 	Иеффай		Іевѳа'й и Іефѳа'й	 
иж 	иждивение		иждиве'ніе	^
 	иже		И (восьмери'чное) — и'же — девя'тая бу'ква ру'сской а'збуки , Й — и'же съ кра'ткой	 
 	иже		и'же (кото'рый, кото'рые; и и'же съ нимъ — и те, кото'рые съ нимъ)	 
 	Ижевский		Иже'вскій (заво'дъ)	 
 	ижица		Ѵ — ѵ'жица — три'дцать пя'тая бу'ква ру'сской а'збуки	 
из 	Изабелла		Изабе'лла	^
 	изба		изба', въ избѣ', избёнка	 
 	избавление		избавле'ніе	 
 	избегать		избѣга'ть	 
 	избежать		избѣжа'ть	 
 	избёнка		избёнка, въ избёнкѣ	 
 	изберёшь		изберёшь	 
 	избиение		избіе'ніе	 
 	избиратель		избира'тель	 
 	изблёванный		изблёванный	 
 	изблюёт		изблюётъ	 
 	изболеться		изболѣ'ться (о душѣ', се'рдцѣ), изболѣ'лось, изболѣ'ло, изболѣ'лась	 
 	изборождённый		изборождённый	 
 	избочениться		избоче'ниться	 
 	избранённый		избранённый	 
 	избушечка		избу'шечка, въ избу'шечкѣ	 
 	избушка		избу'шка, въ избу'шкѣ	 
 	изваяние		извая'ніе	 
 	изведает		извѣ'даетъ, извѣ'даемъ, извѣ'даешь, извѣ'даютъ	 
 	изведай		извѣ'дай	 
 	изведайте		извѣ'дайте	 
 	изведал		извѣ'далъ, извѣ'дала, извѣ'дали	 
 	изведанъ		извѣ'данъ, извѣ'дана, извѣ'даны	 
 	изведанного		извѣ'даннаго	 
 	изведанное		извѣ'данное	 
 	изведанные		извѣ'данные (м. р.), извѣ'данныя (ж. р. и ср. р.)	 
 	изведанный		извѣ'данный, извѣ'даннаго, извѣ'данными	 
 	изведать		извѣ'дать	 
 	изведаю		извѣ'даю, извѣ'даютъ	 
 	изведённый		изведённый	 
 	изведший		изве'дшій (извести')	 
 	изведшийся		изве'дшійся (извести'сь)	 
 	извека		извѣ'ка (и'зстари) — уcтap.	 
 	извёлся		извёлся, извела'сь, извели'сь, извело'сь	 
 	изверг		и'звергъ (мучи'тель) и изве'ргъ (изве'ргнуть)	 
 	извергнуть		изве'ргнуть	 
 	извериться		извѣ'риться	 
 	извержение		изверже'ніе	 
 	извернётся		извернётся	 
 	известен		извѣ'стенъ	 
 	извести		извести', изве'сть, изведу', изведётъ, извёлъ, извела'	 
 	известие		извѣ'стіе	 
 	известись		извести'сь, изведу'сь, изведётся, извёлся, извела'сь	 
 	известить		извѣсти'ть, извѣщу', извѣсти'тъ	 
 	известиться		извѣсти'ться, извѣщу'сь, извѣсти'тся	 
 	известия		извѣ'стія (послѣ'днія извѣ'стія)	 
 	извёстка		извёстка, и'звесть	 
 	известна		извѣ'стна	 
 	известная		извѣ'стная, извѣ'стную, извѣ'стной	 
 	известнее		извѣ'стнѣе	 
 	известнейший		извѣ'стнѣйшій, извѣ'стнѣйшихъ	 
 	известно		извѣ'стно	 
 	известного		извѣ'стнаго	 
 	известное		извѣ'стное	 
 	известность		извѣ'стность	 
 	известные		извѣ'стные (м. р.), извѣ'стныя (ж. р. и ср. р.)	 
 	известный		извѣ'стный, извѣ'стнаго	 
 	известными		извѣ'стными	 
 	известных		извѣ'стныхъ	 
 	известняк		известня'къ, известняко'вый	 
 	известь		и'звесть, известня'къ, извёстка (но изве'сть отъ извести')	 
 	извет		извѣ'тъ (доно'съ, нагово'ръ, клевета'), въ извѣ'тѣ	 
 	изветрить		извѣ'трить	 
 	изветчик		извѣ'тчикъ (доно'счикъ, клеветни'къ) — уcтap.	 
 	извечный		извѣ'чный	 
 	извещаем		извѣща'емъ	 
 	извещать		извѣща'ть	 
 	извещён		извѣщёнъ	 
 	извещение		извѣще'ніе	 
 	извеять		извѣ'ять	 
 	извинение		извине'ніе	 
 	извините		извини'те	 
 	извлёк		извлёкъ	 
 	извлекать		извлека'ть	 
 	извлечение		извлече'ніе	 
 	извлечённый		извлечённый	 
 	извлечь		извле'чь, извлеку', извлечётъ, извлеку'тъ, извлёкъ, извлекла'	 
 	извне		извнѣ' (снару'жи, со стороны')	 
 	извозчик		изво'зчикъ, на изво'зчикѣ	 
 	изволение		изволе'ніе (во'ля, жела'ніе)	 
 	изволите		изво'лите	 
 	извольте		изво'льте	 
 	извращенец		извраще'нецъ, объ извраще'нцѣ	 
 	извращение		извраще'ніе	 
 	извращённые		извращённые (м. р.), извращённыя (ж. р. и ср. р.)	 
 	извращённый		извращённый, извращённаго	 
 	извращенцем		извраще'нцемъ	 
 	извяленный		извя'ленный	 
 	изгаженный		изга'женный, изга'женнаго	 
 	изгаляется		изгаля'ется	 
 	изглаженный		изгла'женный	 
 	изгнание		изгна'ніе, въ изгна'ніи	 
 	изгой		изго'й, изго'емъ, объ изго'ѣ	 
 	изголовье		изголо'вье, въ изголо'вьѣ крова'ти, изголо'вій, изголо'вьямъ	 
 	изготовление		изготовле'ніе	 
 	изгрызёт		изгрызётъ	 
 	изгрызёте		изгрызёте	 
 	издавна		и'здавна	 
 	издаётся		издаётся, издаёшься, издаёмся, издаю'тся	 
 	издалека		издалека', издалёка (при'былъ издалека')	 
 	из далека		изъ далека' (про'житыхъ лѣтъ)	 
 	издалёка		издалёка, издалека' (при'былъ издалёка)	 
 	издалече		издале'че, издале'ча (издалёка)	 
 	издали		и'здали	 
 	издан		и'зданъ	 
 	издание		изда'ніе	 
 	изданного		и'зданнаго	 
 	изданные		и'зданные (м. р.), и'зданныя (ж. р. и ср. р.)	 
 	изданный		и'зданный, и'зданнаго	 
 	издатель		изда'тель, объ изда'телѣ	 
 	издательские		изда'тельскіе (м. р.), изда'тельскія (ж. р. и ср. р.)	 
 	издательский		изда'тельскій	 
 	издательского		изда'тельскаго	 
 	издательское		изда'тельское, изда'тельскаго	 
 	издательство		изда'тельство, въ изда'тельствѣ	 
 	издевательские		издѣва'тельскіе (м. р.), издѣва'тельскія (ж. р. и ср. р.)	 
 	издевательский		издѣва'тельскій, издѣва'тельскаго	 
 	издевательство		издѣва'тельство, въ издѣва'тельствѣ	 
 	издеваться		издѣва'ться	 
 	издёвка		издѣ'вка, въ издѣ'вкѣ	 
 	изделие		издѣ'ліе, издѣ'лія, издѣ'ліемъ, издѣ'ліями, объ издѣ'ліи, издѣ'лій	 
 	издёрганный		издёрганный, издёрганнаго	 
 	издерёшь		издерёшь	 
 	издержаться		издержа'ться	 
 	издержка		изде'ржка	 
 	издетства		издѣ'тства	 
 	издревле		издре'вле (не и'здревле!)	 
 	Изер		И'зеръ	 
 	изжаленный		изжа'ленный	 
 	изжаренный		изжа'ренный	 
 	изжарить		изжа'рить	 
 	изжёванный		изжёванный	 
 	изжевать		изжева'ть	 
 	изжелта		и'зжелта	 
 	изжечь		изже'чь	 
 	изживёт		изживётъ	 
 	изжога		изжо'га, изга'га, при изжо'гѣ	 
 	изжуёт		изжуётъ	 
 	из-за		изъ-за'	 
 	иззелена		и'ззелена	 
 	иззеленённый		иззеленённый	 
 	иззябнуть		иззя'бнуть	 
 	излагать		излага'ть, изложи'ть	 
 	излегка		излегка' (слегка') — уcтap.	 
 	излёживался		излёживался	 
 	излениться		излѣни'ться	 
 	излесок		излѣ'сокъ	 
 	излёт		излётъ, на излётѣ, излетѣ'ть	 
 	излечение		излѣче'ніе	 
 	излеченный		излѣ'ченный	 
 	излеченый		излѣ'ченый	 
 	излечимся		излѣ'чимся	 
 	излечитесь		излѣ'читесь и излѣчи'тесь	 
 	излечится		излѣ'чится	 
 	излечить		излѣчи'ть	 
 	излечиться		излѣчи'ться	 
 	излечишься		излѣчи'шься	 
 	излитие		изли'тіе	 
 	излить		изли'ть, изле'й, изле'йте, изольётъ	 
 	излишек		изли'шекъ, въ изли'шкѣ	 
 	излишен		изли'шенъ	 
 	излишество		изли'шество	 
 	излишне		изли'шне	 
 	излишнего		изли'шняго	 
 	излишнее		изли'шнее	 
 	излишние		изли'шніе (м. р.), изли'шнія (ж. р. и ср. р.)	 
 	излишний		изли'шній, изли'шняго	 
 	излияние		излія'ніе	 
 	изловленный		изло'вленный, изло'вленнаго	 
 	изложение		изложе'ніе	 
 	изложенный		изло'женный, изло'женнаго	 
 	изломанный		изло'манный, изло'маннаго	 
 	изломленный		изло'мленный	 
 	излучение		излуче'ніе	 
 	излучённый		излучённый	 
 	излюбленного		излю'бленнаго	 
 	излюбленное		излю'бленное	 
 	излюбленные		излю'бленные (м. р.), излю'бленныя (ж. р. и ср. р.)	 
 	излюбленный		излю'бленный, излю'бленнаго	 
 	измалёванный		измалёванный	 
 	измеливать		измѣ'ливать	 
 	измельчание		измельча'ніе	 
 	измёрзнуть		измёрзнуть	 
 	измена		измѣ'на, въ измѣ'нѣ	 
 	изменение		измѣне'ніе	 
 	изменённый		измѣнённый	 
 	изменил		измѣни'лъ	 
 	изменилось		измѣни'лось	 
 	изменился		измѣни'лся	 
 	изменится		измѣ'нится	 
 	изменить		измѣни'ть	 
 	измениться		измѣни'ться	 
 	изменник		измѣ'нникъ	 
 	изменять		измѣня'ть	 
 	измерение		измѣре'ніе	 
 	измеренный		измѣ'ренный, измѣ'реннаго	 
 	измерить		измѣ'рить	 
 	измождение		изможде'ніе (не изнеможде'ніе!)	 
 	измождённый		измождённый, измождённаго	 
 	изморённый		изморённый	 
 	изморозь		и'зморозь (и'ней), но и'зморось (морося'щій до'ждь, мо'рось)	 
 	изморось		и'зморось (морося'щій до'ждь, мо'рось), но и'зморозь (и'ней)	 
 	измученный		изму'ченный, изму'ченнаго	 
 	измышленный		измы'шленный	 
 	изнеженный		изнѣ'женный, изнѣ'женнаго	 
 	изнемог		изнемо'гъ	 
 	изнемогать		изнемога'ть, изнемога'етъ	 
 	изнеможение		изнеможе'ніе (не изнеможде'ніе!)	 
 	изнеможённый		изнеможённый	 
 	изнемочь		изнемо'чь	 
 	изнервничаться		изне'рвничаться	 
 	изнова		и'знова (сы'знова) — уcтap.	 
 	изношенный		изно'шенный, изно'шеннаго	 
 	изнурение		изнуре'ніе	 
 	изнурённый		изнурённый, изнурённаго	 
 	изнутри		изнутри'	 
 	изобидеть		изоби'дѣть	 
 	изобилие		изоби'ліе	 
 	изобилующий		изоби'лующій	 
 	изобличение		изобличе'ніе	 
 	изобличённый		изобличённый, изобличённаго	 
 	изображает		изобража'етъ, изобража'емъ, изобража'ешь	 
 	изображать		изобража'ть	 
 	изображаться		изобража'ться	 
 	изображение		изображе'ніе	 
 	изображённый		изображённый, изображённаго	 
 	изобразительного		изобрази'тельнаго	 
 	изобразительное		изобрази'тельное	 
 	изобразительный		изобрази'тельный	 
 	изобрёл		изобрѣ'лъ (чита'ется ё), изобрѣла', изобрѣли'	 
 	изобрести		изобрѣсти'	 
 	изобретатель		изобрѣта'тель, объ изобрѣта'телѣ	 
 	изобретательница		изобрѣта'тельница, объ изобрѣта'тельницѣ	 
 	изобретательно		изобрѣта'тельно	 
 	изобретательного		изобрѣта'тельнаго	 
 	изобретательное		изобрѣта'тельное	 
 	изобретательные		изобрѣта'тельные (м. р.), изобрѣта'тельныя (ж. р. и ср. р.)	 
 	изобретательный		изобрѣта'тельный, изобрѣта'тельно	 
 	изобретать		изобрѣта'ть	 
 	изобретён		изобрѣтёнъ, изобрѣтена', изобрѣтено', изобрѣтены'	 
 	изобретение		изобрѣте'ніе, объ изобрѣте'ніи	 
 	изобретённая		изобрѣтённая	 
 	изобретённое		изобрѣтённое	 
 	изобретённые		изобрѣтённые (м. р.), изобрѣтённыя (ж. р. и ср. р.)	 
 	изобретённый		изобрѣтённый, изобрѣтённаго	 
 	изобьёт		изобьётъ	 
 	изоврёшься		изоврёшься	 
 	изогнёшься		изогнёшься	 
 	изография		изогра'фія (ико'нопись)	 
 	изо дня в день		изо-дня'-въ-де'нь	 
 	изожжённый		изожжённый	 
 	изойдёшь		изойдёшь	 
 	изолжёшься		изолжёшься	 
 	изольётся		изольётся	 
 	изомер		изоме'ръ	 
 	изомерия		изоме'рія	 
 	изомнётся		изомнётся	 
 	изопьёшь		изопьёшь, изопьёмъ, изопьётъ, изопьёте (испи'ть)	 
 	изорвёшь		изорвёшь, изорвёмъ, изорвётъ, изорвёте	 
 	изотера		изоте'ра (ли'нія ра'вныхъ лѣ'тнихъ температу'ръ на ка'ртѣ)	 
 	изотерма		изоте'рма (ли'нія ра'вныхъ среднегодовы'хъ температу'ръ на ка'ртѣ)	 
 	изотрёшь		изотрёшь	 
 	изочтённый		изочтённый	 
 	изошёл		изошёлъ	 
 	изощрение		изощре'ніе	 
 	изощрённый		изощрённый	 
 	из-под		изъ-по'дъ	 
 	изразец		изразе'цъ (пли'тка изъ обожжённой гли'ны, покры'тая глазу'рью для облицо'вки стѣ'нъ и пече'й)	 
 	Израиль		Палести'на, въ Палести'нѣ (Изра'иль — съ 1948 го'да, въ Изра'илѣ)	 
 	израильтянин		палести'нецъ (израильтя'нинъ — съ 1948 го'да :)	 
 	израненный		изра'ненный, изра'неннаго	 
 	изревноваться		изревнова'ться	 
 	изредить		изрѣ'дить	 
 	изредка		и'зрѣдка	 
 	изрезать		изрѣ'зать	 
 	изрезанный		изрѣ'занный, изрѣ'заннаго	 
 	изрекать		изрека'ть, изре'чь (но рѣчь!)	 
 	изрёкший		изрёкшій (но рѣчь!)	 
 	изречение		изрече'ніе (но рѣчь!)	 
 	изречённый		изречённый (но рѣчь!)	 
 	изречь		изре'чь (но рѣчь!)	 
 	изрешетить		изрѣшети'ть	 
 	изрешечённый		изрѣшечённый, изрѣшечённаго	 
 	изрубленный		изру'бленный, изру'бленнаго	 
 	изрыгнёт		изрыгнётъ	 
 	изрыгнётся		изрыгнётся	 
 	изряден		изря'денъ	 
 	изряднее		изря'днѣе	 
 	изрядненький		изря'дненькій	 
 	изрядное		изря'дное, изря'днаго	 
 	изрядные		изря'дные (м. р.), изря'дныя (ж. р. и ср. р.)	 
 	изувер		изувѣ'ръ (тотъ, кто проявля'етъ кра'йнюю жесто'кость)	 
 	изувечение		изувѣ'ченіе	 
 	изувечить		изувѣ'чить	 
 	изукрашенный		изукра'шенный	 
 	изумителен		изуми'теленъ	 
 	изумительно		изуми'тельно	 
 	изумительное		изуми'тельное	 
 	изумление		изумле'ніе	 
 	изумлённый		изумлённый, изумлённаго	 
 	изуродовать		изуро'довать	 
 	изуроченный		изуро'ченный	 
 	изучаемость		изуча'емость	 
 	изучает		изуча'етъ, изуча'емъ, изуча'ешь	 
 	изучение		изуче'ніе, изуче'ніемъ	 
 	изыскание		изыска'ніе	 
 	изысканнее		изы'сканнѣе	 
 	изысканное		изы'сканное, изы'сканнаго	 
 	изысканные		изы'сканные (м. р.), изы'сканныя (ж. р. и ср. р.)	 
 	изъегозиться		изъегози'ться	 
 	изъеденный		изъѣ'денный	 
 	изъёжиться		изъёжиться	 
 	изъездить		изъѣ'здить	 
 	изъезженный		изъѣ'зженный	 
 	изъесть		изъѣ'сть	 
 	изъелозиться		изъело'зиться	 
 	изъёмистый		изъёмистый	 
 	изъёрзать		изъёрзать, изъёрзаться, изъёрзанный, изъёрзавшійся	 
 	изъёрничаться		изъёрничаться	 
 	изъявление		изъявле'ніе	 
 	изъязвление		изъязвле'ніе	 
 	изъян		изъя'нъ, объ изъя'нѣ	 
 	изъяснение		изъясне'ніе	 
 	изъятие		изъя'тіе	 
 	изюбрёнок		изюбрёнокъ	 
 	изящество		изя'щество, въ изя'ществѣ	 
 	изящнее		изя'щнѣе	 
 	изящного		изя'щнаго	 
 	изящное		изя'щное	 
 	изящные		изя'щные (м. р.), изя'щныя (ж. р. и ср. р.)	 
 	изящный		изя'щный, изя'щнаго	 
ии 	Иисус		Іису'съ, Го'споди Іису'сѣ Христѣ'	^
ик 	икает		ика'етъ, ика'ете, ика'ется	^
 	икнётся		икнётся	 
 	икнёшь		икнёшь	 
 	икона		ико'на, на ико'нѣ	 
 	иконе		на ико'нѣ	 
 	иконное		ико'нное (писа'ніе)	 
 	иконоборец		иконобо'рецъ, иконобо'рцемъ, объ иконобо'рцѣ	 
 	иконоборческий		иконобо'рческій	 
 	иконоборчество		иконобо'рчество (религіо'зно-полити'ческое движе'ніе, напра'вленное про'тивъ христіа'нскаго ку'льта ико'нъ)	 
 	иконография		иконогра'фія	 
 	иконописец		иконопи'сецъ, иконопи'снаго, но и'конопись (не ико'нопись!)	 
 	иконостас		иконоста'съ, на иконоста'сѣ	 
 	иконотека		иконоте'ка, въ иконоте'кѣ	 
 	икос		і'косъ, и'косъ (церко'вное пѣснопѣ'ніе; оди'нъ изъ ти'повъ стро'фъ въ ака'ѳистѣ)	 
ил 	иланг-иланг		ила'нъ-ила'нъ (кана'нга)	^
 	Иларион		Иларіо'нъ, Илларіо'нъ	 
 	Илария		Ила'рія	 
 	Илек		Иле'къ	 
 	Илецк		Иле'цкъ	 
 	Илиада		Иліа'да	 
 	Илийский		Илі'йскій (край)	 
 	Илиодор		Иліодо'ръ	 
 	Илион		Иліо'нъ	 
 	Илия		Илія', Илья'	 
 	Илларион		Илларіо'нъ, Иларіо'нъ	 
 	Иллирия		Илли'рія	 
 	иллюзион		иллюзіо'нъ, иллюзіони'стъ	 
 	иллюзия		иллю'зія, иллю'зіи, въ иллю'зіяхъ	 
 	иллюминация		иллюмина'ція	 
 	иллюстрация		иллюстра'ція	 
 	Ильмень		И'льмень	 
им 	имбирём		имбирёмъ	^
 	имбирное		имби'рное	 
 	имбирь		имби'рь, инби'рь; водка, насто'янная на имбирѣ'	 
 	имевшего		имѣ'вшаго	 
 	имевшегося		имѣ'вшагося	 
 	имевшей		имѣ'вшей	 
 	имевшейся		имѣ'вшейся	 
 	имевшем		имѣ'вшемъ	 
 	имевшие		имѣ'вшіе (м. р.), имѣ'вшія (ж. р. и ср. р.)	 
 	имевшиеся		имѣ'вшіеся (м. р.), имѣ'вшіяся (ж. р. и ср. р.)	 
 	имевший		имѣ'вшій	 
 	имевшийся		имѣ'вшійся	 
 	имевших		имѣ'вшихъ	 
 	имевшую		имѣ'вшую	 
 	имевшуюся		имѣ'вшуюся	 
 	имеем		имѣ'емъ	 
 	имеет		имѣ'етъ	 
 	имеете		имѣ'ете	 
 	имеется		имѣ'ется	 
 	имеешь		имѣ'ешь	 
 	имейте		имѣ'йте со'вѣсть	 
 	имел		имѣ'лъ	 
 	имелся		имѣ'лся	 
 	имела		имѣ'ла	 
 	имелась		имѣ'лась	 
 	имели		имѣ'ли	 
 	имелись		имѣ'лись	 
 	имело		имѣ'ло	 
 	имелось		имѣ'лось	 
 	имён		имёнъ	 
 	имена		имена'	 
 	именем		и'менемъ (зако'на)	 
 	имение		имѣ'ніе (отъ имѣ'ть!), имѣ'нье; куда? — въ имѣ'ніе, где? — въ имѣ'ніи	 
 	именинник		имени'нникъ, объ имени'нникѣ	 
 	именинница		имени'нница, объ имени'нницѣ, имени'нницей	 
 	именины		имени'ны	 
 	именительный		имени'тельный (паде'жъ), имени'тельнаго	 
 	именитый		имени'тый, имени'таго	 
 	именно		и'менно	 
 	именной		именно'й, именно'го	 
 	именованный		имено'ванный	 
 	именовать		именова'ть	 
 	именословие		именосло'віе (ча'стный слова'рь како'й-либо нау'ки)	 
 	именословное		именосло'вное перстосложе'ніе (осо'бое сложе'ніе персто'въ въ моногра'мму и'мени Іису'са Христа' — IC XC)	 
 	именуемый		имену'емый, имену'емаго	 
 	именуете		имену'ете	 
 	именующий		имену'ющій, имену'ющійся	 
 	Имеретия		Имере'тія	 
 	иметь		имѣ'ть	 
 	иметься		имѣ'ться	 
 	имею		имѣ'ю	 
 	имеют		имѣ'ютъ	 
 	имеются		имѣ'ются	 
 	имеющая		имѣ'ющая	 
 	имеющаяся		имѣ'ющаяся	 
 	имеющего		имѣ'ющаго	 
 	имеющегося		имѣ'ющагося	 
 	имеющее		имѣ'ющее	 
 	имеющееся		имѣ'ющееся	 
 	имеющем		имѣ'ющемъ	 
 	имеющие		имѣ'ющіе (м. р.), имѣ'ющія (ж. р. и ср. р.)	 
 	имеющиеся		имѣ'ющіеся (м. р.), имѣ'ющіяся (ж. р. и ср. р.)	 
 	имеющий		имѣ'ющій	 
 	имеющийся		имѣ'ющійся	 
 	имеющую		имѣ'ющую	 
 	имеющуюся		имѣ'ющуюся	 
 	имея		имѣ'я	 
 	имитация		имита'ція	 
 	имманентный		иммане'нтный (вну'тренне прису'щій како'му-ли'бо предме'ту, явле'нію)	 
 	иммортель		иммо'ртель (безсме'ртникъ)	 
 	иммунитет		иммуните'тъ, при иммуните'тѣ	 
 	импеданс		импеда'нсъ	 
 	императив		импера'тивъ (настоя'тельное тре'бованіе, повелѣ'ніе)	 
 	император		импера'торъ, объ импера'торѣ	 
 	императорские		импера'торскіе (м. р.), импера'торскія (ж. р. и ср. р.)	 
 	императорский		импера'торскій, импера'торскаго	 
 	императорского		импера'торскаго	 
 	императорское		импера'торское (Ва'ше, Его', Ея', Ихъ Импера'торское Вели'чество)	 
 	императрица		императри'ца, объ императри'цѣ	 
 	империал		имперіа'лъ, на имперіа'лѣ (ве'рхнія мѣста' въ ко'нкѣ; золота'я моне'та)	 
 	империализм		имперіали'змъ, при имперіали'змѣ	 
 	империи		импе'ріи, импе'ріей	 
 	империя		импе'рія, Россі'йская Импе'рія	 
 	имперские		импе'рскіе (м. р. — импе'рскіе пла'ны), импе'рскія (ж. р. и ср. р. — импе'рскія амби'ціи)	 
 	имперский		импе'рскій, импе'рскаго	 
 	имперское		импе'рское	 
 	импет		импе'тъ (уда'ръ, толчо'къ) — уcтap.	 
 	импичмент		импи'чментъ	 
 	импортёр		импортёръ	 
 	импотенция		импоте'нція	 
 	импресарио		импреса'ріо (устрои'тель конце'ртовъ, зрѣ'лищъ)	 
 	импрессионизм		импрессіони'змъ, въ импрессіони'змѣ	 
 	импровизация		импровиза'ція	 
 	имущего		иму'щаго	 
 	имущее		иму'щее (сосло'віе)	 
 	имущественный		иму'щественный, иму'щественнаго	 
 	имущество		иму'щество	 
 	имущие		иму'щіе (м. р.), иму'щія (ж. р. и ср. р.)	 
 	имущий		иму'щій, иму'щаго	 
 	имя		и'мя, имена', и'менемъ, и'мени, имёнъ, во и'мя	 
 	имярек		имяре'къ (нѣ'кто; пи'шется вмѣ'сто конкре'тнаго и'мени, фами'ліи)	 
ин 	инаугурация		инавгура'ція (торже'ственная процеду'ра вступле'нія въ до'лжность главы' госуда'рства)	^
 	иначе		ина'че	 
 	инвариант		инваріа'нтъ, инваріа'нтенъ	 
 	инвентарь		инвента'рь	 
 	инвентура		инвенту'ра (спи'сокъ нали'чнаго това'ра)	 
 	инвенция		инве'нція (небольша'я музыка'льная пье'са, содержа'щая каку'ю-либо мелоди'ческую нахо'дку)	 
 	инверсия		инве'рсія	 
 	инвестиция		инвести'ція	 
 	инвестор		инве'сторъ, объ инве'сторѣ	 
 	ингредиент		ингредіе'нтъ	 
 	Ингерманландия		Ингерманла'ндія	 
 	Ингрия		И'нгрія	 
 	Ингулец		Ингу'лецъ	 
 	инде		и'ндѣ (ко'е-гдѣ') — уcтap.	 
 	индеветь		индевѣ'ть, индивѣ'ть	 
 	индеец		индѣ'ецъ (тузе'мецъ Аме'рики), но инді'ецъ (тузе'мецъ И'ндіи, инду'съ), объ индѣ'йцѣ, индѣ'йцемъ	 
 	индейка		индѣ'йка (птица), въ индѣ'йкѣ	 
 	индейские		индѣ'йскіе (м. р.), индѣ'йскія (ж. р. и ср. р.)	 
 	индейский		индѣ'йскій, индѣ'йскаго	 
 	индейского		индѣ'йскаго	 
 	индейское		индѣ'йское	 
 	индейцев		индѣ'йцевъ	 
 	индейцем		индѣ'йцемъ	 
 	индекс		и'ндексъ, въ и'ндексѣ	 
 	индексация		индекса'ція, индекса'ціей	 
 	индексирование		индекси'рованіе, индекси'рованіемъ	 
 	индепендентен		индепенде'нтенъ (незави'симъ въ сужде'ніяхъ)	 
 	индепендентный		индепенде'нтный (незави'симый), индепенде'нтнаго	 
 	индивидуального		индивидуа'льнаго	 
 	индивидуальное		индивидуа'льное, индивидуа'льнѣе	 
 	индивидуальные		индивидуа'льные (м. р.), индивидуа'льныя (ж. р. и ср. р.)	 
 	индивидуальный		индивидуа'льный, индивидуа'льнаго	 
 	индиец		инді'ецъ (тузе'мецъ И'ндіи, инду'съ), объ инді'йцѣ, инді'йцемъ но индѣ'ецъ (тузе'мецъ Аме'рики)	 
 	индийские		инді'йскіе (м. р.), инді'йскія (ж. р. и ср. р.)	 
 	индийский		инді'йскій, инді'йскаго	 
 	индийское		инді'йское	 
 	индийцев		инді'йцевъ	 
 	индийцем		инді'йцемъ	 
 	индифферентный		индифере'нтный (равноду'шный, безразли'чный), индифере'нтнаго	 
 	Индия		И'ндія, въ И'ндію, объ И'ндіи	 
 	индоевропейский		и'ндо-европе'йскій, и'ндо-европе'йскаго	 
 	индоссамент		индоссаме'нтъ (переда'точная на'дпись на оборо'тѣ ве'кселя, че'ка)	 
 	индульгенция		индульге'нція (гра'мота объ отпуще'ніи грѣхо'въ, выдава'вшаяся за де'ньги католи'ческой це'рковью)	 
 	индустриализация		индустріализа'ція	 
 	индустриального		индустріа'льнаго	 
 	индустриальное		индустріа'льное	 
 	индустриальные		индустріа'льные (м. р.), индустріа'льныя (ж. р. и ср. р.)	 
 	индустриальный		индустріа'льный, индустріа'льнаго	 
 	индустрия		индустрі'я	 
 	иней		и'ней, и'нея, и'неемъ, объ и'неѣ	 
 	инертное		ине'ртное	 
 	инертные		ине'ртные (м. р.), ине'ртныя (ж. р. и ср. р.)	 
 	инертный		ине'ртный, ине'ртнаго	 
 	инерция		ине'рція, ине'рціей, по ине'рціи	 
 	инжектор		инже'кторъ	 
 	инженер		инжене'ръ, объ инжене'рѣ	 
 	инженерия		инжене'рія	 
 	инженерного		инжене'рнаго	 
 	инженерное		инжене'рное	 
 	инженерные		инжене'рные (м. р.), инжене'рныя (ж. р. и ср. р.)	 
 	инженерный		инжене'рный, инжене'рнаго	 
 	инженерша		инжене'рша (жена' инжене'ра)	 
 	инженю		инженю' (персона'жъ пье'съ, водеви'лей — наи'вная простоду'шная дѣ'вушка)	 
 	инициал		иниціа'лъ (укрупнённая нача'льная бу'ква како'го-ли'бо раздѣ'ла въ те'кстѣ кни'ги)	 
 	инициатива		иниціати'ва, по иниціати'вѣ	 
 	инициатор		иниціа'торъ, объ иниціа'торѣ	 
 	инквизитор		инквизи'торъ, объ инквизи'торѣ	 
 	инквизиция		инквизи'ція, инквизи'ціей	 
 	Инкерман		Инкерма'нъ	 
 	инконсеквентный		инконсекве'нтный (непослѣ'довательный)	 
 	инконфиденты		инконфиде'нты (назва'ніе лицъ, подозри'тельныхъ прави'тельству)	 
 	иннервация		иннерва'ція (обезпе'ченность о'ргановъ и тка'ней не'рвными клѣ'тками)	 
 	Иннокентий		Инноке'нтій	 
 	иноверец		иновѣ'рецъ (исповѣ'дующій ину'ю вѣ'ру, ину'ю рели'гію)	 
 	иноверие		иновѣ'ріе	 
 	иноверческий		иновѣ'рческій	 
 	иногородний		иногоро'дній и иногоро'дный, иногоро'дняго	 
 	иное		ино'е	 
 	иноземец		инозе'мецъ (иностра'нецъ)	 
 	инопланетный		иноплане'тный, иноплане'тнаго	 
 	инопланетянин		инопланетя'нинъ, инопланетя'не	 
 	инородец		иноро'децъ (офиціа'льное назва'ніе представи'теля неру'сской наро'дности)	 
 	иностранец		иностра'нецъ, объ иностра'нцѣ, иностра'нцемъ, иностра'нцевъ	 
 	иностранного		иностра'ннаго	 
 	иностранное		иностра'нное	 
 	иностранные		иностра'нные (м. р.), иностра'нныя (ж. р. и ср. р.)	 
 	иностранный		иностра'нный, иностра'ннаго	 
 	иноходец		инохо'децъ (ло'шадь, выбра'сывающая и опуска'ющая при бѣ'гѣ одновреме'нно то о'бѣ пра'выя, то о'бѣ лѣ'выя ноги')	 
 	иноческий		и'ноческій	 
 	иноязычный		иноязы'чный	 
 	инсектицид		инсектиси'дъ	 
 	инсепарабли		инсепара'бли (короткохво'стыя попуга'и-неразлу'чники)	 
 	инсинуация		инсинуа'ція (поро'чащій вы'мыселъ; клевета')	 
 	инспектор		инспе'кторъ, объ инспе'кторѣ	 
 	инспектриса		инспектри'са	 
 	инспекция		инспе'кція, инспе'кціей	 
 	инспирация		инспира'ція (науще'ніе, внуше'ніе, побужде'ніе извнѣ', подстрека'тельство)	 
 	инстинкт		инсти'нктъ, объ инсти'нктѣ	 
 	институт		институ'тъ, въ институ'тѣ	 
 	инструкция		инстру'кція, инстру'кціей	 
 	инструмент		инструме'нтъ, объ инструме'нтѣ	 
 	инсургент		инсурге'нтъ (уча'стникъ вооружённаго возста'нія, повста'нецъ)	 
 	инсценировка		инсцениро'вка, въ инсцениро'вкѣ	 
 	интеграл		интегра'лъ	 
 	интегральное		интегра'льное исчисле'ніе	 
 	интеграция		интегра'ція, интегра'ціей	 
 	интеллект		интелле'ктъ, объ интелле'ктѣ	 
 	интеллектуал		интеллектуа'лъ, объ интеллектуа'лѣ	 
 	интеллектуальнее		интеллектуа'льнѣе	 
 	интеллектуального		интеллектуа'льнаго	 
 	интеллектуальное		интеллектуа'льное	 
 	интеллектуальные		интеллектуа'льные (м. р.), интеллектуа'льныя (ж. р. и ср. р.)	 
 	интеллектуальный		интеллектуа'льный, интеллектуа'льнаго	 
 	интеллигент		интеллиге'нтъ, объ интеллиге'нтѣ	 
 	интеллигенция		интеллиге'нція	 
 	интендант		интенда'нтъ, объ интенда'нтѣ	 
 	интенсивнее		интенси'внѣе	 
 	интенсивного		интенси'внаго	 
 	интенсивное		интенси'вное	 
 	интенсивные		интенси'вные (м. р.), интенси'вныя (ж. р. и ср. р.)	 
 	интенсивный		интенси'вный, интенси'внаго	 
 	интенционализм		интенціонали'змъ	 
 	интервал		интерва'лъ, въ интерва'лѣ	 
 	интервент		интерве'нтъ	 
 	интервенция		интерве'нція, интерве'нціей	 
 	интервью		интервью'	 
 	интервьюер		интервью'еръ	 
 	интердикт		интерди'ктъ (запре'тъ)	 
 	интерес		интере'съ, интере'са и интере'су, интере'сы, интере'сами, въ интере'сахъ, при интере'сѣ	 
 	интересант		интереса'нтъ (человѣ'къ, руководя'щійся въ свои'хъ посту'пкахъ то'лько ли'чной вы'годой), интереса'нтка	 
 	интересец		интере'сецъ, интере'сцемъ	 
 	интереснее		интере'снѣе	 
 	интереснейший		интере'снѣйшій, интере'снѣйшаго	 
 	интересничать		интере'сничать (вызыва'ть къ себѣ' интере'съ свои'мъ поведе'ніемъ, сужде'ніями)	 
 	интересно		интере'сно	 
 	интересного		интере'снаго	 
 	интересное		интере'сное	 
 	интересные		интере'сные (м. р.), интере'сныя (ж. р. и ср. р.)	 
 	интересный		интере'сный, интере'снымъ, интере'сными, интере'снаго	 
 	интересовать		интересова'ть, интересова'ться	 
 	интересует		интересу'етъ, интересу'ется	 
 	интересуешь		интересу'ешь, интересу'ешься	 
 	интересуют		интересу'ютъ, интересу'ются	 
 	интересующие		интересу'ющіе (м. р.), интересу'ющія (ж. р. и ср. р.)	 
 	интерим		интери'мъ (вре'менныя распоряже'нія о прекраще'ніи религіо'зныхъ спо'ровъ до рѣше'нія вселе'нскаго собо'ра)	 
 	интерлюдия		интерлю'дія (небольша'я пье'са и'ли отры'вокъ, свя'зка ме'жду двумя' частя'ми музыка'льнаго произведе'нія)	 
 	интермедия		интерме'дія (комеді'йное представле'ніе, разы'грываемое ме'жду дѣ'йствіями спекта'кля)	 
 	интермеццо		интерме'ццо (небольшо'е музыка'льное произведе'ніе свобо'дной фо'рмы)	 
 	интерн		инте'рнъ (врачъ, стажирующійся въ интернатурѣ)	 
 	интернат		интерна'тъ (шко'ла съ прожива'ніемъ уча'щихся; домъ престарѣ'лыхъ), въ интерна'тѣ	 
 	интернационал		интернаціона'лъ	 
 	интернационализм		интернаціонали'змъ	 
 	интернациональный		интернаціона'льный, интернаціона'льнаго	 
 	интернет		интерне'тъ, въ интерне'тѣ (разумѣ'ется, въ 1914 году' о'наго не' было... :)	 
 	интерпелляция		интерпелля'ція (запро'съ депута'та парла'мента прави'тельству и'ли мини'стру)	 
 	интерполяция		интерполя'ція	 
 	интерпретация		интерпрета'ція	 
 	интерпунктация		интерпункта'ція	 
 	интеррекс		интерре'ксъ (прави'тель, заступа'вшій на мѣ'сто царя' по его' сме'рти до вы'бора но'ваго)	 
 	интерстициальный		интерстиціа'льный	 
 	интерференция		интерфере'нція, интерфере'нціей	 
 	интерцессия		интерце'ссія (присоедине'ніе къ догово'ру о фина'нсовой сдѣ'лкѣ со стороны' должника')	 
 	интерьер		интерье'ръ, въ интерье'рѣ	 
 	интуиция		интуи'ція, интуи'ціей	 
 	инфантерия		инфанте'рія (пѣхо'та), генера'лъ отъ инфанте'ріи,	 
 	инфекция		инфе'кція, инфе'кціей	 
 	инферии		инфе'ріи (жертвоприноше'нія подзе'мнымъ бога'мъ за ду'ши уме'ршихъ)	 
 	инфернальный		инферна'льный (а'дскій, потусторо'нній)	 
 	инфлексия		инфле'кція	 
 	инфлюэнца		инфлуэ'нца и инфлюэ'нца	 
 	информационные		информаціо'нные (м. р.), информаціо'нныя (ж. р. и ср. р.), информаціо'нныя техноло'гіи	 
 	информация		информа'ція, информа'ціей	 
 	инфузория		инфузо'рія	 
 	инцест		инце'стъ (кровосмѣше'ніе, полова'я связь ме'жду кро'вными ро'дственниками)	 
 	инцидент		инциде'нтъ (слу'чай, происше'ствіе, недоразумѣ'ніе), не инцинде'нтъ!	 
 	иные		ины'е (м. р.), ины'я (ж. р. и ср. р.)	 
 	инъекция		инъе'кція, инъе'кціей	 
 	инъецировать		инъеци'ровать	 
 	инъюнкция		инъю'нкція	 
ио 	Иоавилла		Іоави'лла	^
 	Иоад		Іоа'дъ	 
 	Иоаким		Іоаки'мъ, Аки'мъ	 
 	Иоанн		Іоа'ннъ, Ива'нъ	 
 	Иоанна		Іоа'нна	 
 	Иоанникий		Іоанни'кій	 
 	Иоасаф		Іоаса'фъ	 
 	Иоафан		Іоафа'нъ	 
 	Иов		Іо'въ	 
 	Иоганн		Іога'ннъ Себастья'нъ Бахъ, Іога'ннъ Во'льфгангъ фонъ Гёте	 
 	Иокаста		Іока'ста	 
 	Иокогама		Іокога'ма	 
 	иомены		іо'мены (аренда'торы и ме'лкіе землевладѣ'льцы въ А'нгліи)	 
 	ион		іо'нъ	 
 	Иона		Іо'на	 
 	Ионафан		Іонаѳа'нъ	 
 	иониец		іоні'ецъ, іоні'йцемъ, іоні'йцевъ	 
 	ионический		іони'ческій, іоні'йскій	 
 	Ионическое		Іони'ческое (море)	 
 	Иония		Іо'нія	 
 	Иордан		Іорда'нъ (рѣка')	 
 	иордань		іорда'нь (мѣ'сто освяще'нія воды')	 
 	Иосиф		Іо'сифъ, О'сипъ	 
 	Иофор		Іофо'ръ	 
ип 	ипакои		ипако'и и цeрк. ѵпако'и (богослуже'бныя пѣснопѣ'нія), ипако'й	^
 	ипат		ипа'тъ (градонача'льникъ, ра'нѣе ѵпа'тъ) — уcтap.	 
 	Ипатий		Ипа'тій, Ипа'тъ	 
 	Ипатьевский		Ипа'тьевскій (монасты'рь)	 
 	ипекакуана		ипекакуа'на (рво'тный ко'рень — куста'рникъ)	 
 	иподиакон		иподіа'конъ и цeрк. ѵподіа'конъ	 
 	Ипокрена		Ипокре'на	 
 	ипокрит		ипокри'тъ (ханжа', лицемѣ'ръ)	 
 	ипомея		ипоме'я	 
 	ипостась		ипоста'сь и цeрк. ѵпоста'сь (су'щность ка'ждаго изъ трёхъ лицъ Тро'ицы)	 
 	ипотека		ипоте'ка, объ ипоте'кѣ	 
 	ипотечного		ипоте'чнаго	 
 	ипотечное		ипоте'чное	 
 	ипотечные		ипоте'чные (м. р.), ипоте'чныя (ж. р. и ср. р.)	 
 	ипотечный		ипоте'чный, ипоте'чнаго	 
ир 	Ираклий		Ира'клій, Ира'клъ	^
 	Ириней		Ирине'й	 
 	Иркутский		Ирку'тскій	 
 	Ирландия		Ирла'ндія	 
 	ирмологий		ирмоло'гій, ирмологіо'нъ (кни'га богослуже'бныхъ те'кстовъ)	 
 	Иродиада		Иродіа'да	 
 	Иродион		Иродіо'нъ	 
 	ирокез		ироке'зъ, ироке'зецъ (гру'ппа племёнъ америка'нскихъ индѣ'йцевъ)	 
 	иронические		ирони'ческіе (м. р.), ирони'ческія (ж. р. и ср. р.)	 
 	иронический		ирони'ческій, ирони'ческаго	 
 	иронического		ирони'ческаго	 
 	ироническое		ирони'ческое	 
 	ироничнее		ирони'чнѣе	 
 	ироничного		ирони'чнаго	 
 	ироничное		ирони'чное	 
 	ироничные		ирони'чные (м. р.), ирони'чныя (ж. р. и ср. р.)	 
 	ирония		иро'нія, съ иро'ніей	 
 	Ирпень		Ирпе'нь	 
 	иррегулярный		иррегуля'рный (не подчинённый опредѣлённому поря'дку, о'бщимъ пра'виламъ)	 
ис 	Исаак		Исаа'къ	^
 	Исаакиевский		Иса'кіевскій (собо'ръ)	 
 	Исаев		Иса'евъ	 
 	Исайя		Иса'ія	 
 	Исакий		Иса'кій	 
 	Исеть		Исе'ть	 
 	Исихий		Иси'хій	 
 	искажение		искаже'ніе	 
 	искажённый		искажённый, искажённаго	 
 	искалеченный		искалѣ'ченный, искалѣ'ченнаго	 
 	искалечить		искалѣ'чить	 
 	искание		иска'ніе, иска'нія, иска'ній	 
 	искателем		иска'телемъ	 
 	искатель		иска'тель, иска'телемъ, объ	 
 	Искер		Иске'ръ	 
 	исклёванный		исклёванный	 
 	исклевать		исклева'ть	 
 	исклюёт		исклюётъ	 
 	исключение		исключе'ніе	 
 	исключённый		исключённый, исключённаго	 
 	исключено		исключено'	 
 	исключительно		исключи'тельно	 
 	исключительного		исключи'тельнаго	 
 	исключительное		исключи'тельное	 
 	исключительные		исключи'тельные (м. р.), исключи'тельныя (ж. р. и ср. р.)	 
 	исключительный		исключи'тельный, исключи'тельнаго	 
 	исковерканный		искове'рканный, искове'рканнаго	 
 	исколенный		иско'ленный (cовp. иско'лотый), иско'леннаго	 
 	исколесить		исколеси'ть	 
 	искомое		иско'мое, иско'маго	 
 	искомые		иско'мые (м. р.), иско'мыя (ж. р. и ср. р.)	 
 	исконен		иско'ненъ	 
 	искони		искони' (не и'скони!)	 
 	исконно		иско'нно, иско'нный (существу'ющій съ са'маго нача'ла, съ незапа'мятныхъ времёнъ)	 
 	исконное		иско'нное	 
 	исконные		иско'нные (м. р.), иско'нныя (ж. р. и ср. р.)	 
 	исконный		иско'нный, иско'ннаго	 
 	ископаемое		ископа'емое	 
 	ископаемые		ископа'емые (м. р.), ископа'емыя (ж. р. и ср. р.); поле'зныя ископа'емыя	 
 	искорёженный		искорёженный, искорёженнаго	 
 	искоренение		искорене'ніе	 
 	искоренённый		искоренённый	 
 	искренен		и'скрененъ, и'скренна, и'скренны	 
 	искрение		искре'ніе (искри'ть)	 
 	искренне		и'скренне и и'скренно	 
 	искреннего		и'скренняго	 
 	искреннее		и'скреннѣе (бо'лѣе и'скренно), но и'скреннее уча'стіе	 
 	искренни		и'скренни и и'скренны	 
 	искренние		и'скренніе (м. р.), и'скреннія (ж. р. и ср. р.)	 
 	искренний		и'скренній, и'скренняго	 
 	искренно		и'скренно и и'скренне	 
 	искренны		и'скренны и и'скренни	 
 	искривление		искривле'ніе	 
 	искривлённый		искривлённый	 
 	искромётный		искромётный, искромётнаго	 
 	искрошенный		искро'шенный	 
 	искупительный		искупи'тельный	 
 	искупление		искупле'ніе	 
 	искуситель		искуси'тель, объ искуси'телѣ	 
 	искуснее		иску'снѣе	 
 	искуснейшие		иску'снѣйшіе (м. р.), иску'снѣйшія (ж. р. и ср. р.)	 
 	искуснейший		иску'снѣйшій	 
 	искусно		иску'сно	 
 	искусного		иску'снаго	 
 	искусное		иску'сное	 
 	искусные		иску'сные (м. р.), иску'сныя (ж. р. и ср. р.)	 
 	искусный		иску'сный (не иску'ссный!)	 
 	искусственного		иску'сственнаго	 
 	искусственно		иску'сственно	 
 	искусственное		иску'сственное	 
 	искусственные		иску'сственные (м. р.), иску'сственныя (ж. р. и ср. р.)	 
 	искусственный		иску'сственный (не иску'ственный!)	 
 	искусство		иску'сство, въ иску'сствѣ (не иску'ство! и не исску'ство! и не исску'сство!)	 
 	искусствовед		искусствовѣ'дъ	 
 	искусствоведение		искусствовѣ'дѣніе	 
 	искушение		искуше'ніе	 
 	искушённый		искушённый, искушённаго	 
 	Искья		И'скья, И'скія	 
 	Исландия		Исла'ндія	 
 	испанец		испа'нецъ, испа'нцемъ, объ испа'нцѣ	 
 	Испания		Испа'нія	 
 	испанский		испа'нскій, испа'нскаго, по-испа'нски (ра'нѣе — по испа'нски)	 
 	испарение		испаре'ніе	 
 	испарённый		испарённый	 
 	испей		испе'й, испе'йте	 
 	испёкся		испёкся	 
 	испекать		испека'ть	 
 	испепелённый		испепелённый	 
 	испепелить		испепели'ть	 
 	испечённый		испечённый	 
 	испечь		испе'чь	 
 	испещрение		испещре'ніе	 
 	испещрённый		испещрённый	 
 	испиленный		испи'ленный	 
 	исплёванный		исплёванный	 
 	исповедальный		исповѣда'льный	 
 	исповедание		исповѣ'даніе	 
 	исповедать		исповѣ'дать	 
 	исповедаться		исповѣ'даться	 
 	исповедник		исповѣ'дникъ	 
 	исповедный		исповѣ'дный	 
 	исповедовать		исповѣ'дывать (не исповѣ'довать!)	 
 	исповедоваться		исповѣ'доваться, но исповѣ'дывать	 
 	исповедь		и'сповѣдь (покая'ніе въ грѣха'хъ пе'редъ свяще'нникомъ и получе'ніе отъ него' отпуще'нія грѣхо'въ)	 
 	исподлобья		исподло'бья и изподло'бья	 
 	исподнего		испо'дняго	 
 	исподнее		испо'днее (ни'жнее, обы'чно мужско'е бѣльё)	 
 	исподний		испо'дній, испо'дняго, въ испо'днемъ, испо'днее	 
 	исподличаться		изпо'дличаться	 
 	исподтишка		исподтишка' (укра'дкой, скры'тно, втихомо'лку)	 
 	испокон		испоко'нъ (вѣ'ку, вѣко'въ — съ да'внихъ времёнъ, и'здавна)	 
 	исполать		испола'ть (сла'ва!, хвала'!) — уcтap., испола'ть тебѣ'!, ра'нѣе ѵспола'ть	 
 	исполнение		исполне'ніе	 
 	исполнитель		исполни'тель, объ исполни'телѣ, исполни'телемъ	 
 	исполу		и'сполу (рабо'тать и'сполу — отдава'ть полови'ну урожа'я со'бственнику земли'), испо'льщина	 
 	используемый		испо'льзуемый, испо'льзуемаго	 
 	использует		испо'льзуетъ	 
 	используете		испо'льзуете	 
 	испорченный		испо'рченный, испо'рченнаго	 
 	исправительный		исправи'тельный, исправи'тельнаго	 
 	исправление		исправле'ніе	 
 	исправленный		испра'вленный, испра'вленнаго	 
 	испражнение		испражне'ніе	 
 	испрошенный		испро'шенный	 
 	испрямлённый		испрямлённый	 
 	испуг		испу'гъ, въ испу'гѣ, съ испу'гу	 
 	испугает		испуга'етъ	 
 	испугается		испуга'ется	 
 	испуганные		испу'ганные (м. р.), испу'ганныя (ж. р. и ср. р.)	 
 	испытает		испыта'етъ, испыта'емъ, испыта'ешь	 
 	испытание		испыта'ніе	 
 	испытанием		испыта'ніемъ	 
 	испытания		испыта'нія	 
 	испытанное		испы'танное	 
 	испытанные		испы'танные (м. р.), испы'танныя (ж. р. и ср. р.)	 
 	испытательный		испыта'тельный	 
 	испытуемый		испыту'емый	 
 	испытывает		испы'тываетъ, испы'тываемъ, испы'тываешь	 
 	Иссахар		Иссаха'ръ	 
 	исседоны		исседо'ны (наро'дъ)	 
 	иссекать		изсѣка'ть	 
 	иссечение		изсѣче'ніе	 
 	иссера-голубой		и'зсѣра-голубо'й	 
 	иссиза-синий		и'зсиза-си'ній	 
 	иссиня-чёрный		и'зсиня-чёрный	 
 	исследование		изслѣ'дованіе, изслѣ'дованія	 
 	исследованного		изслѣ'дованнаго	 
 	исследованное		изслѣ'дованное	 
 	исследованные		изслѣ'дованные (м. р.), изслѣ'дованныя (ж. р. и ср. р.)	 
 	исследованный		изслѣ'дованный, изслѣ'дованнаго	 
 	исследователь		изслѣ'дователь, объ изслѣ'дователѣ	 
 	исследовательский		изслѣ'довательскій, изслѣ'довательскаго	 
 	исследовать		изслѣ'довать (не ислѣ'довать!)	 
 	исследуем		изслѣ'дуемъ	 
 	исследуемый		изслѣ'дуемый	 
 	исследует		изслѣ'дуетъ	 
 	исследуешь		изслѣ'дуешь	 
 	исследуют		изслѣ'дуютъ	 
 	исслюнить		изслюни'ть	 
 	исслюнявленный		изслюня'вленный	 
 	иссоп		иссо'пъ, цeрк. ѵссо'пъ (расте'ніе чьи сте'бли, свя'занные въ пучо'къ, бы'ли удо'бны для кропле'нія предме'товъ жи'дкостью)	 
 	иссосать		изсоса'ть	 
 	иссохнуть		изсо'хнуть	 
 	исстари		и'зстари (съ да'внихъ поръ, и'здавна, извѣ'ка)	 
 	исстёгивать		изстёгивать	 
 	исстрелять		изстрѣля'ть	 
 	исстрогать		изстрога'ть	 
 	исстрочить		изстрочи'ть	 
 	исстругать		изструга'ть, изстружи'ть	 
 	исступление		изступле'ніе	 
 	иссучивать		изсу'чивать	 
 	иссушать		изсуша'ть	 
 	иссушенный		изсу'шенный	 
 	иссушить		изсуши'ть	 
 	Иссык-Куль		Иссы'къ-Куль, иссы'къ-ку'льскій	 
 	иссылать		изсыла'ть	 
 	иссяк		изся'къ	 
 	иссякнет		изся'кнетъ, изся'кнете, изся'кнемъ, изся'кнешь, изся'кнутъ, изся'кнуть	 
 	иссякшего		изся'кшаго	 
 	иссякшее		изся'кшее	 
 	иссякшие		изся'кшіе (м. р.), изся'кшія (ж. р. и ср. р.)	 
 	иссякший		изся'кшій, изся'кшаго	 
 	истевоны		истево'ны (пле'мя)	 
 	истёкший		истёкшій	 
 	истекать		истека'ть	 
 	истереть		истере'ть	 
 	истерзанный		исте'рзанный, исте'рзаннаго	 
 	истерзать		истерза'ть	 
 	истерика		исте'рика, въ исте'рикѣ	 
 	истерический		истери'ческій, истери'ческаго	 
 	истеричка		истери'чка	 
 	истерия		истері'я	 
 	истёртый		истёртый, истёртаго	 
 	истёршийся		истёршійся	 
 	истёсанный		истёсанный	 
 	истец		исте'цъ, объ истцѣ'	 
 	истечение		истече'ніе, по истече'ніи	 
 	истечёт		истечётъ	 
 	истечь		исте'чь	 
 	истина		и'стина (сущ.), и'стинный, и'стинна (кратк. пpил. ж. р.), объ и'стинѣ	 
 	истинен		и'стиненъ	 
 	истинна		и'стинна (кратк. пpил. ж. р.), и'стина (сущ.)	 
 	истинное		и'стинное, и'стиннаго	 
 	истинные		и'стинные (м. р.), и'стинныя (ж. р. и ср. р.)	 
 	истлевать		истлѣва'ть	 
 	истлеть		истлѣ'ть, истлѣ'лъ	 
 	истмийские		истмі'йскія и'гры ж. р.	 
 	истое		и'стое, и'стаго	 
 	истолчённый		истолчённый	 
 	истомлённый		истомлённый, истомлённаго	 
 	истончённый		истончённый	 
 	истопленный		исто'пленный	 
 	исторгаемый		исторга'емый	 
 	исторженный		исто'рженный	 
 	историография		исторіогра'фія	 
 	исторические		истори'ческіе (м. р.), истори'ческія (ж. р. и ср. р.)	 
 	исторический		истори'ческій, истори'ческаго	 
 	исторического		истори'ческаго	 
 	историческое		истори'ческое	 
 	историей		исто'ріей	 
 	история		исто'рія, въ исто'ріи, исто'рію, исто'рикъ, истори'ческое	 
 	источаемый		источа'емый	 
 	источенный		исто'ченный	 
 	источённый		источённый	 
 	источник		исто'чникъ, въ исто'чникѣ	 
 	истощение		истоще'ніе	 
 	истощённый		истощённый, истощённаго	 
 	истраченный		истра'ченный, истра'ченнаго	 
 	истребитель		истреби'тель, объ истреби'телѣ	 
 	истребление		истребле'ніе	 
 	истреблённый		истреблённый, истреблённаго	 
 	истрёпанный		истрёпанный, истрёпаннаго	 
 	истрепать		истрепа'ть	 
 	истрескаться		истре'скаться	 
 	Истрия		И'стрія, истрі'йскій	 
 	иступление		иступле'ніе	 
 	истые		и'стые (м. р.), и'стыя (ж. р. и ср. р.)	 
 	истязание		истяза'ніе	 
 	истязуемый		истязу'емый	 
 	Исфендиар		Исфендіа'ръ	 
 	исхлёстанный		исхлёстанный	 
 	исхлестать		исхлеста'ть	 
 	исход		исхо'дъ, на исхо'дѣ	 
 	исходатайствовать		исхода'тайствовать	 
 	исходите		исхо'дите	 
 	исходного		исхо'днаго	 
 	исходное		исхо'дное	 
 	исходные		исхо'дные (м. р.), исхо'дныя (ж. р. и ср. р.)	 
 	исхождение		исхожде'ніе	 
 	исхуделый		исхудѣ'лый	 
 	исцарапать		исцара'пать и изцара'пать	 
 	исцеление		исцѣле'ніе	 
 	исцелённый		исцѣлённый, исцѣлённаго	 
 	исцелил		исцѣли'лъ	 
 	исцелить		исцѣли'ть	 
 	исцелять		исцѣля'ть	 
 	исчадие		исча'діе	 
 	исчез		исче'зъ, исче'зла, исче'зли, исче'зло	 
 	исчезает		исчеза'етъ, исчеза'ете, исчеза'емъ, исчеза'ешь, исчеза'ютъ	 
 	исчезать		исчеза'ть	 
 	исчезнет		исче'знетъ, исче'знете, исче'знемъ, исче'знешь, исче'знутъ	 
 	исчезновение		исчезнове'ніе	 
 	исчёрканный		исчёрканный	 
 	исчерна		и'счерна	 
 	исчернённый		исчернённый	 
 	исчерпать		исчерпа'ть	 
 	исчерпывающий		исче'рпывающій	 
 	исчерченный		исче'рченный	 
 	исчёсанный		исчёсанный	 
 	исчисление		исчисле'ніе	 
 	исчисленный		исчи'сленный	 
 	исшершавить		исшерша'вить	 
 	исшить		исши'ть и изши'ть, изошью', изошьёшь	 
 	исщерблённый		исщерблённый	 
 	исщепать		исщепа'ть и изщепа'ть, исще'плетъ	 
 	исщипать		исщипа'ть и изщипа'ть, исщи'плетъ, исщи'петъ	 
ит 	итак		ита'къ, но и такъ да'лѣе	^
 	италиец		италі'ецъ	 
 	италийский		италі'йскій	 
 	Италия		Ита'лія	 
 	итальянец		италья'нецъ, италіа'нецъ, италья'нцемъ, объ италья'нцѣ	 
 	итальянские		италіа'нскіе (м. р.), италіа'нскія (ж. р. и ср. р.)	 
 	итальянский		италіа'нскій, италья'нскій, италья'нскаго, по-италья'нски (ра'нѣе — по италья'нски)	 
 	итальянское		италіа'нское	 
 	итог		ито'гъ, въ ито'гѣ, ито'ги	 
 	итогового		ито'говаго	 
 	итоговое		ито'говое	 
 	итоговые		ито'говые (м. р.), ито'говыя (ж. р. и ср. р.)	 
 	итоговый		ито'говый, ито'говаго	 
 	итожение		ито'женіе и ито'женье, ито'женный	 
 	иттербий		ите'рбій	 
 	иттрий		и'трій	 
иу 	Иуда		Іу'да	^
 	иудаизм		іудаи'змъ, въ іудаи'змѣ (одна' изъ древнѣ'йшихъ рели'гій, распространённая среди' евре'евъ ра'зныхъ стра'нъ мі'ра)	 
 	иудеев		іуде'евъ	 
 	иудеек		іуде'екъ	 
 	иудей		іуде'й (евре'й), объ іуде'ѣ	 
 	иудейка		іуде'йка, объ іуде'йкѣ	 
 	иудейская		іуде'йская, іуде'йской	 
 	иудейские		іуде'йскіе (м. р.), іуде'йскія (ж. р. и ср. р.)	 
 	иудейский		іуде'йскій, іуде'йскаго	 
 	иудейскими		іуде'йскими	 
 	иудейских		іуде'йскихъ	 
 	иудейского		іуде'йскаго	 
 	иудейскую		іуде'йскую	 
 	иудейство		іуде'йство	 
 	Иудея		Іуде'я, въ Іуде'ѣ	 
 	иудеями		іуде'ями	 
иф 	Ифигения		Ифиге'нія	^
 	Ификрат		Ификра'тъ	 
 	ифимб		иѳи'мбъ (дре'вне-гре'ческая плясова'я пѣ'сня, весёлаго сатири'ческаго содержа'нія въ честь Ва'кха)	 
 	ифифаллы		иѳифа'ллы (фалли'ческія пѣ'сни)	 
их 	ихний		и'хній (прост. ихъ), и'хняго, и'хнее, и'хніе (м. р.), и'хнія (ж. р. и ср. р.), и'хняя, и'хнимъ, и'хними, объ и'хнемъ, объ и'хней	^
 	ихтиозавр		ихтіоза'връ	 
 	ихтиология		ихтіоло'гія (изуче'ніе рыбъ)	 
иш 	ишиас		и'шіасъ (заболѣва'ніе сѣда'лищнаго не'рва), при и'шіасѣ; не ишіа'съ!	^
 	ишемия		ишемі'я	 
ищ 	ищейка		ище'йка	^
 	ищем		и'щемъ	 
 	ищет		и'щетъ	 
 	ищете		и'щете, но ищи'те (Грибы' и'щете? Не ищи'те!)	 
 	ищется		и'щется	 
 	ищите		ищи'те, но и'щете (Что и'щете, ника'къ грибы'? Ищи'те, ищи'те...)	 
 	ищу		ищу', и'щешь, и'щетъ, и'щемъ, и'щете	 
ию 	июль		ію'ль, въ ію'лѣ, ію'льскій, седьмо'го ію'ля	^
 	июнь		ію'нь, въ ію'нѣ, ію'ньскій, шесто'го ію'ня	 
ия 	Ия		І'я