ла 	лабаз		лаба'зъ, въ лаба'зѣ, лаба'зное	^
 	лаборатория		лаборато'рія, лаборато'ріей, въ лаборато'ріи	 
 	лабораторнаго		лаборато'рнаго	 
 	лабораторное		лаборато'рное	 
 	лабораторные		лаборато'рные (м. р.), лаборато'рныя (ж. р. и ср. р.)	 
 	Лаверна		Лаве'рна	 
 	Лавр		Ла'връ, о Ла'врѣ	 
 	Лавра		Ла'вра, въ Ла'врѣ, ла'врскій	 
 	Лаврентий		Лавре'нтій	 
 	лавровый		ла'вровый (бoт. — ла'вровая ро'ща), лавро'вый (листъ, вѣно'къ)	 
 	лавры		ла'вры	 
 	лагер		ла'геръ (со'ртъ пи'ва)	 
 	лагерь		ла'герь, въ ла'герѣ, ла'геремъ, лагере'й, лагеря'ми, въ лагеря'хъ	 
 	ладан		ла'данъ (аромати'ческая смола', сжига'емая во вре'мя церко'вной слу'жбы въ кади'лѣ на горя'щихъ угля'хъ)	 
 	ладейный		ладе'йный	 
 	ладненький		ла'дненькій	 
 	Ладожское		Ла'дожское (о'зеро)	 
 	ладонь		ладо'нь и лодо'нь	 
 	ладьёй		ладьёй	 
 	ладья		ладья'	 
 	лает		ла'етъ, ла'ете, ла'емъ, ла'ешь	 
 	лажение		ла'женіе	 
 	Лажечников		Лаже'чниковъ	 
 	лажу		ла'жу, ла'зить, ла'зишь, ла'зитъ, ла'зимъ; пoв. ла'зь	 
 	Лазарев		Ла'заревъ	 
 	лазарем		ла'заремъ пѣть (жа'лобно говори'ть, льсти'во выпра'шивать)	 
 	лазарет		лазаре'тъ (небольшо'й го'спиталь при войсково'й ча'сти)	 
 	лазать		ла'зать	 
 	лазейка		лазе'йка	 
 	Лазенки		Лазе'нки	 
 	лазить		ла'зить, ла'жу, ла'зишь, ла'зитъ, ла'зимъ; пoв. ла'зь	 
 	лазоревый		лазо'ревый и лазу'ревый	 
 	лазутчик		лазу'тчикъ	 
 	Лаишев		Лаи'шевъ	 
 	лайнер		ла'йнеръ, на ла'йнерѣ	 
 	лакать		лока'ть	 
 	Лакедивские		Лакеди'вскіе (острова')	 
 	лакей		лаке'й, лаке'емъ, о лаке'ѣ, лаке'йство, лаке'йскій	 
 	лакомец		ла'комецъ, ла'комка (охо'тникъ до ла'комствъ)	 
 	лаконический		лакони'ческій, лакони'чный (кра'ткій, немногосло'вный, стро'гій по фо'рмѣ)	 
 	Лакония		Лако'нія	 
 	ламентации		ламента'ціи (жа'лобы, плачъ, вопль)	 
 	лампада		лампа'да (сосу'дъ съ фитилёмъ, наполня'емый деревя'ннымъ ма'сломъ и зажига'емый пе'редъ ико'ной)	 
 	Лангедок		Лангедо'къ	 
 	Лангеланд		Лангела'ндъ	 
 	лангет		ланге'тъ (жарко'е, пригото'вленное изъ то'нкихъ продолгова'тыхъ ло'мтиковъ вы'рѣзки)	 
 	ландшафт		ландша'фтъ	 
 	Ланкастер		Ланка'стеръ	 
 	ланцет		ланце'тъ (остроконе'чный обоюдоо'стрый хирурги'ческій но'жъ)	 
 	Лаодикея		Лаодике'я	 
 	Лаперуз		Лаперу'зъ	 
 	Лапландия		Лапла'ндія	 
 	лапсердак		лапсерда'къ (долгопо'лый сюрту'къ, носи'мый въ старину' по'льскими и галиці'йскими евре'ями)	 
 	лапта		лапта' (ру'сская наро'дная кома'ндная игра' съ мячо'мъ и би'той)	 
 	лапшевник		лапше'вникъ (запека'нка изъ лапши')	 
 	Ларгий		Ла'ргій	 
 	ларёк		ларёкъ, въ ларькѣ'	 
 	ларец		ларе'цъ, въ ларцѣ'	 
 	ларёчек		ларёчекъ	 
 	ларёчник		ларёчникъ	 
 	Ларион		Ларіо'нъ, Иларіо'нъ	 
 	Лариса		Лари'са (и'мя же'нщины)	 
 	Ларисса		Лари'сса (назва'ніе го'рода)	 
 	ласкательный		ласка'тельный	 
 	ласточка		ла'сточка	 
 	латентный		лате'нтный (внѣ'шне не проявля'ющійся, скры'тный)	 
 	латеральный		латера'льный (располо'женный сбо'ку, удалённый отъ середи'ны)	 
 	Латеран		Латера'нъ	 
 	латимерия		латиме'рія (ры'ба изъ почти' по'лностью вы'мершей гру'ппы кистепёрыхъ)	 
 	латинец		лати'нецъ	 
 	латиница		лати'ница, лати'ницей, на лати'ницѣ	 
 	латинский		лати'нскій, лати'нскаго	 
 	латиняне		латиня'не	 
 	латынь		латы'нь	 
 	лаун-теннис		ла'унъ-те'ннисъ	 
 	лауреат		лавреа'тъ	 
 	лафет		лафе'тъ (стано'къ артиллері'йскаго ору'дія)	 
 	Лафонтен		Лафонте'нъ	 
 	Лахезис		Лахе'зисъ	 
 	лахтер		ла'хтеръ (го'рная са'жень для измѣре'нія глубины' руднико'въ)	 
 	лацерна		лаце'рна (у ри'млянъ тёмный пла'щъ съ капюшо'номъ)	 
 	Лациум		Ла'ціумъ	 
 	Лаче		Ла'че	 
 	лачуга		лачу'га, лачу'жка	 
 	Лаэрт		Лаэ'ртъ	 
 	лаю		ла'ю, ла'ешь, ла'емъ, ла'етъ	 
ле 	Леаль-Гомес		Леа'ль-Го'месъ	^
 	лебеда		лебеда'	 
 	Лебедин		Лебеди'нъ	 
 	лебёдка		лебёдка	 
 	лебёдушка		лебёдушка	 
 	лебедь		ле'бедь	 
 	Лебедянь		Лебедя'нь	 
 	лебеза		лебеза' (льсти'вый, увива'ющійся, подъѣзжа'ющій человѣ'къ)	 
 	лебезить		лебези'ть (заи'скивать, уго'дничать)	 
 	лев		левъ (звѣ'рь), но лѣ'въ (отъ лѣ'вый)	 
 	Лев		Левъ	 
 	левада		лева'да (берегово'й лѣсъ, залива'емый въ полово'дье; уча'стокъ земли' бли'зъ селе'нія съ лу'гомъ, огоро'домъ, са'домъ, па'стбищемъ)	 
 	Леванда		Лева'нда	 
 	Левант		Лева'нтъ	 
 	левантин		леванти'нъ	 
 	леве		леве'	 
 	левее		лѣвѣ'е	 
 	левеллеры		ле'веллеры («уравни'тели» — радика'льная па'ртія, возни'кшая въ хо'дѣ Англі'йской револю'ціи)	 
 	левентик		ле'вентикъ (ку'рсъ па'руснаго су'дна пря'мо на вѣ'теръ, движе'ніе при э'томъ невозмо'жно)	 
 	Левиафан		Левіаѳа'нъ	 
 	Левий		Ле'вій	 
 	левират		левира'тъ (бра'чный обы'чай, по кото'рому вдова' была' обя'зана вы'йти за'мужъ за бра'та своего' уме'ршаго му'жа)	 
 	Леви Страусс		Ле'ви Стра'уссъ (джи'нсы съ 1873 го'да)	 
 	Левит		Леви'тъ (тре'тья кни'га Ве'тхаго Завѣ'та)	 
 	Левкада		Левка'да	 
 	левкас		левка'съ (смѣ'сь алеба'стра и'ли мѣ'ла съ кле'емъ для грунто'вки де'рева)	 
 	Левкий		Ле'вкій	 
 	Левкипп		Левки'ппъ	 
 	Левкозия		Левко'зія	 
 	левкой		левко'й	 
 	левкома		левко'ма (бѣльмо')	 
 	Левкотея		Левкоте'я	 
 	лево		лѣ'во	 
 	левобережный		лѣвобере'жный	 
 	левого		лѣ'ваго	 
 	левое		лѣ'вое	 
 	левретка		левре'тка (ка'рликовая поро'да ко'мнатныхъ борзы'хъ соба'къ)	 
 	левша		лѣвша', о лѣвшѣ'	 
 	левые		лѣ'вые (м. р.), лѣ'выя (ж. р. и ср. р.)	 
 	левый		лѣ'вый, лѣ'ваго, лѣвѣ'е	 
 	лёг		лёгъ	 
 	легавая		лега'вая и ляга'вая (охо'тничья соба'ка, оты'скивающая дичь чутьёмъ и дѣ'лающая пе'редъ ней сто'йку)	 
 	легавый		лега'вый и ляга'вый	 
 	легальный		лега'льный	 
 	легат		лега'тъ (дипломати'ческій представи'тель Па'пы Ри'мскаго)	 
 	легель		ле'гель (попере'чная свя'зь стропи'льныхъ но'гъ, бру'съ для усто'я стропи'лъ)	 
 	легенда		леге'нда, по леге'ндѣ	 
 	легендарен		легенда'ренъ	 
 	легендарного		легенда'рнаго	 
 	легендарное		легенда'рное	 
 	легендарные		легенда'рные (м. р.), легенда'рныя (ж. р. и ср. р.)	 
 	легендарный		легенда'рный, легенда'рнаго	 
 	легион		легіо'нъ (кру'пная войскова'я едини'ца въ дре'внемъ Ри'мѣ)	 
 	легированный		леги'рованный	 
 	легитимный		легити'мный (зако'нный, правомѣ'рный)	 
 	легка		легка'	 
 	легки		легки'	 
 	лёгкие		лёгкія (о'рганъ), лёгкое	 
 	лёгкие		лёгкіе (м. р.), лёгкія (ж. р. и ср. р.)	 
 	лёгкий		лёгкій, лёгкаго, легко'	 
 	легко		легко'	 
 	лёгкого		лёгкаго	 
 	лёгкое		лёгкое (о'рганъ), лёгкія	 
 	лёгкость		лёгкость	 
 	лёгок		лёгокъ на поми'нѣ	 
 	лёгонький		лёгонькій	 
 	лёгочный		лёгочный	 
 	Легуве		Легуве'	 
 	легчайший		легча'йшій	 
 	легчать		легча'ть	 
 	легче		ле'гче лёгкаго	 
 	легчить		легчи'ть	 
 	лёгший		лёгшій	 
 	лёд		лёдъ	 
 	Леда		Ле'да	 
 	ледащий		леда'щій и ляда'щій (тщеду'шный, сла'бый; плохо'й, него'дный)	 
 	леденеть		леденѣ'ть и ледянѣ'ть	 
 	леденец		ледене'цъ и ледяне'цъ	 
 	леди		ле'ди (наименова'ніе заму'жней же'нщины, принадлежа'щей къ буржуа'зно-аристократи'ческому кру'гу въ А'нгліи)	 
 	ледник		ледни'къ (гле'тчеръ), на ледникѣ'; ле'дникъ (по'гребъ), въ ле'дникѣ	 
 	Ледовитый		Ледови'тый (океа'нъ)	 
 	Ледовое		Ледо'вое (побо'ище)	 
 	ледовые		ледо'вые (м. р.), ледо'выя (ж. р. и ср. р.)	 
 	ледовый		ледо'вый, ледо'ваго	 
 	ледокол		ледоко'лъ, на ледоко'лѣ	 
 	ледоход		ледохо'дъ, при ледохо'дѣ	 
 	ледянка		ледя'нка (доска', я'щикъ, луко'шко съ покры'тымъ сло'емъ льда' дно'мъ, примѣня'лась дѣтьми' для ката'нія съ го'ръ)	 
 	ледяное		ледяно'е	 
 	ледяной		ледяно'й, ледяно'го	 
 	ледяные		ледяны'е (м. р.), ледяны'я (ж. р. и ср. р.)	 
 	леер		ле'еръ (тро'съ, верёвка на су'днѣ)	 
 	леечка		ле'ечка	 
 	лежание		лежа'ніе	 
 	лежанка		лежа'нка (вы'ступъ у ру'сской печи', предназна'ченный для лежа'нія)	 
 	лежат		лежа'тъ	 
 	лежать		лежа'ть	 
 	лежачего		лежа'чаго	 
 	лежачему		лежа'чему	 
 	лежачий		лежа'чій	 
 	лежащего		лежа'щаго	 
 	лежащему		лежа'щему	 
 	лежащий		лежа'щій	 
 	лежбище		ле'жбище, на ле'жбищѣ (мѣ'сто, гдѣ лежа'тъ стада'ми нѣ'которыя морскі'я живо'тныя; мѣ'сто, где лежи'тъ, скрыва'ется звѣ'рь)	 
 	лежебока		лежебо'ка и лежебо'къ (тотъ, кто лю'битъ до'лго лежа'ть, спа'ть; лѣнтя'й, бездѣ'льникъ)	 
 	леженка		ле'женка, ле'жня (лежебо'ка, лѣнтя'й)	 
 	лежень		ле'жень (лежебо'ка; попере'чно лежа'щее бревно', бру'съ въ разли'чныхъ сооруже'ніяхъ)	 
 	лёживать		лёживать	 
 	лежит		лежи'тъ, лежи'тся	 
 	лежишь		лежи'шь	 
 	лёжка		лёжка (ле'жбище; хране'ніе чего'-либо)	 
 	лежмя		лежмя' (лёжа; лежмя' лежа'ть)	 
 	лежнёвка		лежнёвка (доро'га изъ на'стланныхъ брёвенъ)	 
 	лезвие		ле'звіе и лезвеё	 
 	лезгинка		лезги'нка (бы'стрый лезги'нскій наро'дный та'нецъ; му'зыка тако'го та'нца)	 
 	лезть		лѣ'зть, лѣ'зутъ	 
 	лей		ле'й, ле'йте, льётъ, льёмъ, льёшь	 
 	лей		ле'й, ле'я, ле'евъ (де'нежная едини'ца)	 
 	лейб-гвардия		ле'йбъ-гва'рдія (привилегиро'ванное во'йско въ ря'дѣ монархи'ческихъ госуда'рствъ)	 
 	Лейбниц		Ле'йбницъ	 
 	Лейден		Ле'йденъ	 
 	лейка		ле'йка	 
 	лейкемия		лейкэмі'я	 
 	лейкоцит		лейкоци'тъ	 
 	Лейнингское		Ле'йнингское (гра'фство)	 
 	Лейпциг		Ле'йпцигъ	 
 	лейтенант		лейтена'нтъ	 
 	лейтмотив		лейтмоти'въ	 
 	Лейхтенберг		Лейхтенбе'ргъ	 
 	Лейчестер		Ле'йчестеръ	 
 	лекало		лека'ло (чертёжный инструме'нтъ для выче'рчиванія кривы'хъ ли'ній)	 
 	лекарство		лѣка'рство	 
 	лекарь		лѣ'карь (офиціа'льное назва'ніе врача')	 
 	лексика		ле'ксика (совоку'пность сло'въ како'го-либо языка', діале'кта и'ли рѣ'чи отдѣ'льнаго человѣ'ка)	 
 	лексикон		лексико'нъ (запа'съ сло'въ и выраже'ній кого'-либо, чего'-либо)	 
 	лектор		ле'кторъ	 
 	лектриса		лектри'сса (чти'ца при зна'тныхъ и'ли больны'хъ осо'бахъ)	 
 	лекция		ле'кція	 
 	лелеять		лелѣ'ять	 
 	Лель		Ле'ль	 
 	лемех		ле'мехъ и леме'хъ (ча'сть плу'га, подрѣза'ющая пла'стъ земли' сни'зу), лемеха', леме'шный, лемешо'къ, лемешка', лемешки'	 
 	лемех		ле'мехъ, ле'меховъ, ле'мехи (въ ру'сскомъ деревя'нномъ зо'дчествѣ)	 
 	лемешка		лемѣ'шка (ка'ша изъ гре'чневой муки'), но лемешка' (отъ ле'мехъ, лемешо'къ)	 
 	Лемешки		Лемешки'	 
 	Лемзаль		Лемза'ль	 
 	лемма		ле'мма (теоре'ма, необходи'мая то'лько для доказа'тельства друго'й и'ли нѣ'сколькихъ други'хъ теоре'мъ)	 
 	лемминг		ле'ммингъ (сѣ'верный звѣрёкъ изъ отря'да грызуно'въ, пестру'шка)	 
 	лемниската		лемниска'та (алгебраи'ческая крива'я)	 
 	Лемнос		Лемно'съ	 
 	лемур		лему'ръ	 
 	лемпач		лемпа'чъ (кирпи'чъ, изгото'вленный изъ гли'ны, песка', ко'нскаго наво'за и соло'мы ли'бо осо'ки)	 
 	лен		ленъ (въ средневѣко'вой Герма'ніи — пожа'лованное земе'льное владѣ'ніе на вре'мя исполне'нія слу'жбы)	 
 	лён		лёнъ	 
 	Лена		Ле'на	 
 	ленивее		лѣни'вѣе	 
 	ленивец		лѣни'вецъ (лѣнтя'й; живо'тное)	 
 	лениво		лѣни'во	 
 	ленивого		лѣни'ваго	 
 	ленивое		лѣни'вое	 
 	ленивые		лѣни'вые (м. р.), лѣни'выя (ж. р. и ср. р.)	 
 	ленивый		лѣни'вый, лѣни'ваго	 
 	Ленин		Ле'нинъ (фами'лія), о Ле'нинѣ	 
 	лениться		лѣни'ться	 
 	Ленкорань		Ленкора'нь	 
 	ленник		ле'нникъ (держа'тель ле'на)	 
 	леность		лѣ'ность (скло'нность къ лѣ'ни)	 
 	лента		ле'нта, на ле'нтѣ	 
 	лентец		ленте'цъ (парази'тъ кише'чника человѣ'ка и нѣ'которыхъ дома'шнихъ и ди'кихъ млекопита'ющихъ)	 
 	ленто		ле'нто (ме'дленный те'мпъ исполне'нія произведе'нія)	 
 	ленточка		ле'нточка	 
 	ленточный		ле'нточный	 
 	лентяй		лѣнтя'й	 
 	ленч		ле'нчъ (второ'й за'втракъ по'слѣ полу'дня и'ли лёгкая заку'ска въ друго'е вре'мя)	 
 	Ленчица		Ленчи'ца	 
 	лень		лѣнь	 
 	Леово		Лео'во	 
 	Леон		Лео'нъ	 
 	Леонид		Леони'дъ	 
 	Леонтий		Лео'нтій	 
 	Леонтьев		Лео'нтьевъ	 
 	леопард		леопа'рдъ, па'рдусъ	 
 	Леопольд		Леопо'льдъ	 
 	Лепанто		Лепа'нто	 
 	Лепель		Ле'пель	 
 	лепесток		лепесто'къ	 
 	лепетать		лепета'ть, лепечу', лепе'чешь	 
 	лепёха		лепёха	 
 	лепёшечка		лепёшечка	 
 	лепёшка		лепёшка	 
 	лепить		лѣпи'ть	 
 	лепка		лѣ'пка	 
 	лепнина		лѣпни'на (лѣпны'е элеме'нты въ деко'рѣ)	 
 	лепной		лѣпно'й	 
 	Лепорелло		Лепоре'лло	 
 	лепота		лѣпота' (красота', великолѣ'піе) — уcтap., лѣ'пый, лѣ'паго, лѣ'пая; не ляпота'!	 
 	лепра		ле'пра (тяжёлое хрони'ческое инфекціо'нное заболѣва'ніе человѣ'ка; прока'за)	 
 	лепрозорий		лепрозо'рій (мѣ'сто прожива'нія и лѣче'нія больны'хъ прока'зой)	 
 	Лепсинск		Ле'псинскъ	 
 	лепта		ле'пта (поси'льный вкла'дъ въ о'бщее дѣ'ло, поси'льное уча'стіе)	 
 	Лермонтов		Ле'рмонтовъ	 
 	Лернейская		Лерне'йская (ги'дра)	 
 	лес		лѣсъ, въ лѣсу', о лѣ'сѣ	 
 	леса		ле'са (ле'ска)	 
 	леса		лѣса' (мн. ч. отъ лѣсъ), лѣса'ми	 
 	Лесаж		Леса'жъ	 
 	лесах		въ лѣса'хъ (отъ лѣсъ)	 
 	лесбийский		лесбі'йскій	 
 	лесбиянство		лесбія'нство (же'нскій гомосексуали'змъ)	 
 	Лесбос		Ле'сбосъ	 
 	Лесгафт		Ле'сгафтъ	 
 	лесенка		лѣ'сенка	 
 	лесина		лѣси'на	 
 	лесистее		лѣси'стѣе	 
 	лесистого		лѣси'стаго	 
 	лесистое		лѣси'стое	 
 	лесистые		лѣси'стые (м. р.), лѣси'стыя (ж. р. и ср. р.)	 
 	лесистый		лѣси'стый	 
 	леска		ле'ска, ле'са (не лёска!)	 
 	Лесков		Лѣско'въ	 
 	лесник		лѣсни'къ, о лѣсникѣ'	 
 	лесничество		лѣсни'чество, въ лѣсни'чествѣ	 
 	лесничий		лѣсни'чій, лѣсни'чаго	 
 	лесного		лѣсно'го	 
 	лесное		лѣсно'е	 
 	лесной		лѣсно'й, лѣсно'го, лѣсны'хъ, лѣсны'ми	 
 	лесные		лѣсны'е (м. р.), лѣсны'я (ж. р. и ср. р.)	 
 	лесоведение		лѣсовѣ'дѣніе	 
 	лесовик		лѣсови'къ (человѣ'къ, обы'чно живу'щій въ лѣсу', занима'ющійся лѣсны'мъ про'мысломъ, охо'той; лѣ'шій)	 
 	лесок		лѣсо'къ, въ лѣскѣ', лѣско'мъ	 
 	лесом		лѣ'сомъ (отъ лѣсъ)	 
 	лесопилка		лѣсопи'лка	 
 	лесоповал		лѣсопова'лъ	 
 	лёсс		лёссъ (почвообразу'ющая ры'хлая го'рная поро'да свѣ'тло-жёлтаго цвѣ'та)	 
 	Лессепс		Лессе'псъ	 
 	Лессинг		Ле'ссингъ	 
 	лествица		лѣ'ствица (ст. слав. — лѣ'стница) — уcтap.	 
 	Лествичник		Лѣ'ствичникъ	 
 	лестница		лѣ'стница, на лѣ'стницѣ	 
 	лестничного		лѣ'стничнаго	 
 	лестничное		лѣ'стничное	 
 	лестничные		лѣ'стничные (м. р.), лѣ'стничныя (ж. р. и ср. р.)	 
 	лестничный		лѣ'стничный, лѣ'стничнаго	 
 	лестно		ле'стно	 
 	лестного		ле'стнаго	 
 	лестное		ле'стное	 
 	лестные		ле'стные (м. р.), ле'стныя (ж. р. и ср. р.)	 
 	лестный		ле'стный, ле'стнаго	 
 	лесть		ле'сть	 
 	лесу		въ лѣсу' (отъ лѣсъ)	 
 	лет		лѣтъ (годо'въ)	 
 	лёт		лётъ (полётъ)	 
 	Лета		Ле'та (рѣка' забве'нія)	 
 	лета		лѣта' (го'ды), но мно'гая лѣ'та (церк.)	 
 	летает		лета'етъ, лета'ешь, лета'емъ, лета'ютъ	 
 	летаешь		лета'ешь, лета'емъ, лета'ютъ	 
 	летаргия		летаргі'я (состоя'ніе, похо'жее на со'нъ, мни'мая сме'рть)	 
 	летать		лета'ть, лета'етъ, лети'тъ, летя'тъ, лети'шь, лети'мъ	 
 	летающий		лета'ющій, лета'ющихъ, лета'ющаго, лета'ющее	 
 	лете		о лѣ'тѣ	 
 	лететь		летѣ'ть, летѣ'лъ, летѣ'ла, летѣ'ли, летѣ'ло	 
 	летие		-лѣ'тіе (10-лѣ'тіе, десятилѣ'тіе), -лѣ'тія, -лѣ'тіемъ, -лѣ'тіи, -лѣ'тію, -лѣ'тій, -лѣ'тіями, -лѣ'тіяхъ	 
 	Летичев		Лети'чевъ	 
 	летнего		лѣ'тняго	 
 	летнее		лѣ'тнее	 
 	летней		лѣ'тней	 
 	летние		лѣ'тніе (м. р.), лѣ'тнія (ж. р. и ср. р.)	 
 	летний		лѣ'тній, лѣ'тняго	 
 	летник		лѣ'тникъ	 
 	лётный		лётный, лётнаго, лётное	 
 	лето		лѣ'то, о лѣ'тѣ	 
 	летовать		лѣтова'ть	 
 	летовье		лѣто'вье	 
 	летоисчисление		лѣтоисчисле'ніе, лѣтосчисле'ніе	 
 	леток		лето'къ (отве'рстіе въ у'льѣ для вы'лета пчёлъ)	 
 	летом		лѣ'томъ	 
 	летописец		лѣтопи'сецъ	 
 	летопись		лѣ'топись	 
 	летосчисление		лѣтосчисле'ніе, лѣтоисчисле'ніе	 
 	летошний		лѣ'тошній (прошлого'дній) — уcтap., лѣ'тошняго	 
 	летун		лету'нъ	 
 	летучего		лету'чаго	 
 	летучей		лету'чей	 
 	летучие		лету'чіе (м. р.), лету'чія (ж. р. и ср. р.)	 
 	летучий		лету'чій, лету'чаго	 
 	летучка		лету'чка	 
 	лётчик		лётчикъ	 
 	лётчица		лётчица	 
 	летяга		летя'га (звѣрёкъ семе'йства бѣ'личьихъ, мо'гущій соверша'ть плани'рующій полётъ)	 
 	летящий		летя'щій, летя'щихъ, летя'щаго, летя'щее	 
 	Лефевр		Лефе'връ	 
 	Лех		Лехъ	 
 	Лёх		Лёхъ	 
 	леха		лѣха' (полоса' па'шни)	 
 	лецитин		лецити'нъ	 
 	лечащий		лѣ'чащій (врачъ), лѣ'чащаго	 
 	лечебница		лѣче'бница, въ лѣче'бницѣ	 
 	лечебного		лѣче'бнаго	 
 	лечебные		лѣче'бные (м. р.), лѣче'бныя (ж. р. и ср. р.)	 
 	лечебный		лѣче'бный, лѣче'бнаго	 
 	лечение		лѣче'ніе	 
 	леченный		лѣ'ченный	 
 	леченый		лѣ'ченый	 
 	лечитесь		лѣ'читесь и лѣчи'тесь	 
 	лечить		лѣчи'ть	 
 	лечиться		лѣчи'ться	 
 	лечишься		лѣчи'шься	 
 	лечо		ле'чо (націона'льное се'рбское блю'до)	 
 	лечу		лечу' (отъ летѣ'ть), лѣчу' (отъ лѣчи'ть)	 
 	Лечхумский		Лечху'мскій (уѣ'здъ)	 
 	лечь		лечь, ля'гутъ	 
 	лешего		како'го лѣ'шаго, за каки'мъ лѣ'шимъ (зачѣ'мъ?)	 
 	леший		лѣ'шій (духъ лѣ'са, вражде'бный человѣ'ку; хозя'инъ лѣ'са), лѣ'шаго, о лѣ'шемъ, мн. лѣ'шіе	 
 	лещ		ле'щъ, ле'щикъ, подле'щикъ	 
 	лещадь		леща'дь (по'дъ въ до'менной печи')	 
 	лещина		лещи'на (орѣ'шникъ)	 
 	Лещинский		Лещи'нскій	 
лж 	лже		лже — пе'рвая часть сло'жныхъ словъ, пи'шется сли'тно, кро'мѣ имёнъ со'бственныхъ — напримѣ'ръ, лжепроро'къ но лже-Дми'трій	^
 	лжеапостол		лжеапо'столъ	 
 	лже-Дмитрий		лже-Дми'трій, при лже-Дми'тріи, лже-Дми'тріемъ	 
 	лжеиерей		лжеіере'й (самозва'нный свяще'нникъ)	 
 	лжём		лжёмъ	 
 	лженаука		лженау'ка	 
 	лжепророк		лжепроро'къ	 
 	лжесвидетель		лжесвидѣ'тель	 
 	лжётъ		лжётъ, лжёте	 
 	лжёте		лжёте	 
 	лжеучение		лжеуче'ніе	 
 	лжеучёный		лжеучёный	 
 	лжец		лже'цъ, о лжецѣ'	 
 	лжёшь		лжёшь	 
 	лживого		лжи'ваго	 
 	лживое		лжи'вое	 
 	лживые		лжи'вые (м. р.), лжи'выя (ж. р. и ср. р.)	 
 	лживый		лжи'вый, лжи'ваго	 
ли 	ли		ли — части'ца, пи'шется че'резъ дефи'съ: -ли	^
 	Лиа		Лі'а	 
 	лиана		ліа'на	 
 	либелла		либе'лла (ватерпа'съ; книжо'нка, па'сквиль; со'ртъ огурцо'въ)	 
 	либерал		либера'лъ	 
 	либерализация		либерализа'ція, либерализа'ціи	 
 	либерализм		либерали'змъ	 
 	либерального		либера'льнаго	 
 	либеральные		либера'льные (м. р.), либера'льныя (ж. р. и ср. р.)	 
 	либеральный		либера'льный, либера'льнаго	 
 	Либерия		Либе'рія	 
 	либертины		либерти'ны (отпу'щенные на свобо'ду и'ли вы'купившіеся рабы')	 
 	Либкнехт		Ли'бкнехтъ	 
 	либретто		либре'тто	 
 	Ливадия		Лива'дія	 
 	ливень		ли'вень	 
 	ливер		ли'веръ (употребля'емыя въ пи'щу вну'тренности живо'тныхъ — пе'чень, се'рдце, лёгкія и т. п.)	 
 	ливери		ли'вери (стари'нныя торго'выя и промы'шленныя ги'льдіи ло'ндонскаго Си'ти)	 
 	Ливерпуль		Ливерпу'ль	 
 	Ливия		Ли'вія	 
 	Ливония		Ливо'нія	 
 	ливрезон		ливрезо'нъ (вы'пускъ кни'ги частя'ми по мѣ'рѣ её печа'танія)	 
 	ливрея		ливре'я (фо'рменная, обы'чно расши'тая галуна'ми оде'жда для швейца'ровъ и лаке'евъ)	 
 	лигамент		лигаме'нтъ (свя'зка, перевя'зка)	 
 	Лиговский		Ли'говскій	 
 	Лигурия		Лигу'рія	 
 	лидер		ли'деръ, о ли'дерѣ	 
 	Лидия		Ли'дія	 
 	Лизавета		Лизаве'та, Елисаве'та	 
 	Лизанька		Ли'занька и Ли'зынька	 
 	лизера		лизе'ра (плетешо'къ, ка'нтикъ, шёлковый ли'бо изъ золоты'хъ и'ли сере'бряныхъ ни'тей на же'нскомъ пла'тьѣ)	 
 	лизнёшь		лизнёшь	 
 	Ликейские		Лике'йскіе (острова')	 
 	ликёр		ликёръ	 
 	ликёрчик		ликёрчикъ	 
 	Ликия		Ли'кія	 
 	ликование		ликова'ніе, ликова'ніемъ	 
 	ликует		лику'етъ, лику'ете, лику'емъ, лику'ешь	 
 	лилейник		лиле'йникъ	 
 	лилейные		лиле'йныя	 
 	Лилиенфельд		Лиліенфе'льдъ	 
 	лилия		ли'лія, ли'ліей	 
 	лимберс		ли'мберсъ	 
 	лимерик		ли'мерикъ (коро'ткое юмористи'ческое стихотворе'ніе изъ пяти' стро'къ, осно'ванное на обы'грываніи безсмы'слицы)	 
 	лингет		линге'тъ (перевя'зочный матеріа'лъ)	 
 	линеечка		лине'ечка, по лине'ечкѣ	 
 	линейка		лине'йка, по лине'йкѣ	 
 	линейный		лине'йный	 
 	линёк		линёкъ	 
 	линимент		линиме'нтъ (жи'дкая ма'зь, предназна'ченная для втира'нія)	 
 	линия		ли'нія, ли'ніей	 
 	Линней		Линне'й	 
 	линованный		линёванный	 
 	линовать		линева'ть	 
 	линолеум		лино'леумъ (не лено'леумъ! и не лено'ліумъ! и не лино'ліумъ!)	 
 	линчёван		линчёванъ	 
 	линчевать		линчева'ть	 
 	линючесть		линю'честь	 
 	Лиодор		Ліодо'ръ	 
 	Лион		Ліо'нъ	 
 	липец		ли'пецъ, ли'пца, ли'пцемъ (ли'повый мёдъ; напи'токъ изъ э'того мёда)	 
 	Липецк		Ли'пецкъ	 
 	липкий		ли'пкій	 
 	Липовец		Ли'повецъ	 
 	Липперт		Ли'ппертъ	 
 	лирический		лири'ческій	 
 	лисель		ли'сель, ли'сели (па'русъ)	 
 	лисёнок		лисёнокъ	 
 	лисий		ли'сій, лиси'чій и лися'чій	 
 	Лисий Нос		Ли'сій Носъ	 
 	лисонька		ли'санька и ли'сынька	 
 	лиственница		ли'ственница	 
 	лиственный		ли'ственный	 
 	листель		ли'стель (ва'ликъ, поясо'къ въ отдѣ'лкѣ ка'менныхъ ва'зъ и архитекту'рныхъ украше'ніяхъ)	 
 	листовёртка		листовёртка (ба'бочка)	 
 	листоеды		листоѣ'ды (насѣко'мыя)	 
 	литейный		лите'йный	 
 	литера		ли'тера (бу'ква; элеме'нтъ типогра'фскаго набо'ра)	 
 	литерализация		литерализа'ція	 
 	литеральный		литера'льный (буква'льный)	 
 	литератор		литера'торъ	 
 	литература		литерату'ра, о литерату'рѣ	 
 	литераты		литера'ты (въ Прибалті'йской губе'рніи — ли'ца недворя'нскаго происхожде'нія, получи'вшія образова'ніе и посвяти'вшія себя' нау'камъ и иску'сствамъ)	 
 	литерный		ли'терный (имѣ'ющій осо'бое назначе'ніе и потому' обознача'емый при по'мощи бу'квы)	 
 	лития		литія' (моли'твенное священнодѣ'йствіе, соверша'емое внѣ хра'ма и'ли въ притво'рѣ его')	 
 	литография		литогра'фія (спо'собъ печа'ти путёмъ перенесе'нія рису'нка съ пло'ской пове'рхности ка'мня на како'й-либо матеріа'лъ)	 
 	литорея		литоре'я (тайнописа'ніе, ро'дъ шифро'ваннаго письма', употребля'вшагося въ древне-ру'сской рукопи'сной литерату'рѣ)	 
 	литосфера		литосфе'ра (внѣ'шняя сфе'ра Земли', включа'ющая въ себя' земну'ю кору' и ве'рхній сло'й ма'нтіи)	 
 	Литтре		Литтре'	 
 	литургия		литургі'я, литургі'ей, литурги'ческій	 
 	литьё		литьё	 
 	лифт		лифтъ, въ ли'фтѣ	 
 	лифтёр		лифтёръ	 
 	лифтёрша		лифтёрша	 
 	лихвенник		ли'хвенникъ (ростовщи'къ, проце'нтщикъ; лихва' — высо'кіе проце'нты, вы'ше дозво'ленныхъ)	 
 	лихенин		лихени'нъ (вещество', подо'бное крахма'лу, получа'емое изъ мхо'въ)	 
 	лихенология		лихеноло'гія (нау'ка о лиша'йникахъ)	 
 	лихие		лихі'е (м. р.), лихі'я (ж. р. и ср. р.)	 
 	лиходей		лиходѣ'й (недо'брый человѣ'къ, злодѣ'й)	 
 	лихое		лихо'е, лихо'го, лихо'й	 
 	лихоимец		лихоиме'цъ (тотъ, кто берётъ больші'е побо'ры и'ли проце'нты; ростовщи'къ, взя'точникъ)	 
 	лихолетье		лихолѣ'тье (пора' сму'тъ, потрясе'ній, бѣ'дствій)	 
 	лихорадка		лихора'дка, въ лихора'дкѣ	 
 	Лихтенштейн		Лихтенште'йнъ	 
 	лихтер		ли'хтеръ (грузово'е, ча'ще несамохо'дное су'дно)	 
 	лицевать		лицева'ть (перешива'ть, дѣ'лая изна'нку лицево'й стороно'й), перелицева'ть	 
 	лицевое		лицево'е (для лица'), не лично'е!	 
 	лицевой		лицево'й, лицево'го	 
 	лицевые		лицевы'е (м. р.), лицевы'я (ж. р. и ср. р.)	 
 	лицедей		лицедѣ'й (актёръ; притво'рщикъ)	 
 	лицезрение		лицезрѣ'ніе (созерца'ніе кого'-нибудь, смотрѣ'ніе на кого'-нибудь со'бственными глаза'ми, лицо'мъ къ лицу')	 
 	лицезреть		лицезрѣ'ть	 
 	лицеист		лицеи'стъ	 
 	лицей		лице'й, въ лице'ѣ, лице'емъ (привилегиро'ванное мужско'е сре'днее и'ли вы'сшее уче'бное заведе'ніе для дѣте'й дворя'нъ, гото'вившее госуда'рственныхъ чино'вниковъ)	 
 	лицемер		лицемѣ'ръ	 
 	лицемерие		лицемѣ'ріе	 
 	лицемерить		лицемѣ'рить (проявлять притво'рство, неи'скренность)	 
 	лицензия		лице'нзія	 
 	лиценциат		лиценціа'тъ (учёная сте'пень)	 
 	лиценция		лице'нція	 
 	лицеприятие		лицепрія'тіе (предпочте'ніе одного' лица' друго'му изъ-за ро'дственныхъ свя'зей, вы'годы)	 
 	лицо		лицо', лицо'мъ, на лицѣ'	 
 	личное		ли'чное (не лично'е, для лица' — лицево'е!)	 
 	личные		ли'чные (м. р.), ли'чныя (ж. р. и ср. р.)	 
 	личный		ли'чный, ли'чнаго	 
 	лишек		ли'шекъ (избы'токъ, изли'шекъ)	 
 	лишение		лише'ніе	 
 	лишённый		лишённый	 
 	лишне		ли'шне (не ли'шне бы'ло бы вспо'мнить)	 
 	лишнего		ли'шняго	 
 	лишнее		ли'шнее	 
 	лишней		ли'шней	 
 	лишние		ли'шніе (м. р.), ли'шнія (ж. р. и ср. р.)	 
 	лишний		ли'шній, ли'шняго	 
 	лишь		лишь	 
 	Лия		Лі'я	 
ло 	лобелия		лобе'лія	^
 	лобзание		лобза'ніе, лобыза'ніе (цѣлова'ніе)	 
 	Лобное		Ло'бное мѣ'сто (па'мятникъ дре'вне-ру'сской архитекту'ры, находя'щійся въ Москвѣ; мѣ'стомъ ка'зней не явля'ется!)	 
 	лобочек		лобо'чекъ	 
 	ловелас		ловела'съ (люби'тель уха'живать за же'нщинами, соблазни'тель, развра'тникъ)	 
 	ловец		лове'цъ	 
 	ловленый		ло'вленый	 
 	ловление		ловле'ніе	 
 	Ловча		Ло'вча, при Ло'вчѣ	 
 	ловчее		ловчѣ'е, ло'вче	 
 	логарифм		логари'ѳмъ	 
 	логический		логи'ческій	 
 	логовище		ло'говище (углубле'ніе въ землѣ', кото'рое слу'житъ жили'щемъ звѣ'рю), ло'гово	 
 	логофет		логофе'тъ (чино'вникъ въ византі'йскомъ госуда'рственномъ аппара'тѣ)	 
 	Лодейное Поле		Лоде'йное-По'ле, лодейнопо'льскій	 
 	лоджия		ло'джія, съ ло'джіей	 
 	лодка		ло'дка, на ло'дкѣ	 
 	лодыжка		лоды'жка	 
 	ложа		ло'жа, въ ло'жѣ	 
 	ложбина		ложби'на, въ ложби'нѣ	 
 	ложе		ло'же, на ло'жѣ	 
 	ложемент		ложеме'нтъ (ча'сть сло'жной упако'вки, вкла'дышъ для фикса'ціи това'ра)	 
 	ложечка		ло'жечка	 
 	ложиться		ложи'ться, ложи'тесь (не ло'жить!, не ло'жите!, не ложи'те!)	 
 	Локе		Ло'ке	 
 	локтевой		локтево'й	 
 	Лолий		Ло'лій	 
 	ломает		лома'етъ, лома'ете, лома'ется, лома'ешь, лома'ешься, лома'емъ, лома'емся	 
 	ломанётся		ломанётся	 
 	Ломбардия		Ломба'рдія	 
 	ломбер		ло'мберъ (ви'дъ стари'нной ка'рточной игры' для трёхъ игроко'въ)	 
 	ломберный		ло'мберный сто'ликъ (спеціа'льный квадра'тный раскладно'й сто'ликъ зелёнаго сукна' для игры' въ ло'мберъ)	 
 	ломтём		ломтёмъ	 
 	Лонг-Айленд		Ло'нгъ-А'йландъ	 
 	лонгет		лонге'тъ, лонге'тка (съёмная повя'зка изъ ги'пса)	 
 	Лонгфелло		Лонгфе'лло	 
 	лонжерон		лонжеро'нъ	 
 	лопасть		ло'пасть и ло'пость	 
 	лопата		лопа'та	 
 	Лопе-де-Вега		Ло'пе-де-Ве'га	 
 	лопух		лопу'хъ	 
 	лордень		ло'рдень, лорли'нь (мoрcк. са'мая то'нкая бечёвка)	 
 	Лорелей		Лореле'й	 
 	Лорелея		Лореле'я	 
 	лоретка		лоре'тка (же'нщина лёгкаго поведе'нія, коко'тка)	 
 	лорнет		лорне'тъ (складны'я очки' въ опра'вѣ съ ру'чкой), лорне'тка	 
 	Лосев		Ло'севъ	 
 	лосёнок		лосёнокъ	 
 	лоскут		лоску'тъ (ото'рванный кусо'къ) но мѣ'рный ло'скутъ	 
 	лососёвый		лососёвый и лосо'севый	 
 	лосось		лосо'сь, лосо'сей, лосо'семъ	 
 	лотерейные		лотере'йные (м. р.), лотере'йныя (ж. р. и ср. р.)	 
 	лотерея		лотере'я, въ лотере'ѣ, лотере'ей, лотере'йный	 
 	лоток		лото'къ, на лоткѣ'	 
 	лоточек		лото'чекъ	 
 	лохань		лоха'нь и лаха'нь	 
 	лохмотья		лохмо'тья	 
 	лоция		ло'ція	 
 	лошадей		лошаде'й	 
 	лошадёнка		лошадёнка	 
 	лощёный		лощёный	 
 	лощина		лощи'на	 
лу 	лужаечка		лужа'ечка (лужа'йка)	^
 	лужение		луже'ніе	 
 	лужёный		лужёный	 
 	лужицкий		лу'жицкій	 
 	лужок		лужёкъ (лугъ)	 
 	Лузитания		Лузита'нія	 
 	Луизиада		Луизіа'да, Лузіа'да	 
 	Луизиана		Луизіа'на	 
 	лукавее		лука'вѣе	 
 	лукавец		лука'вецъ, лука'вцемъ, лука'вцевъ	 
 	лукавица		лука'вица, лука'вицей	 
 	лукавое		лука'вое	 
 	лукавствует		лука'вствуетъ	 
 	лукавые		лука'вые (м. р.), лука'выя (ж. р. и ср. р.)	 
 	лукавый		лука'вый, лука'ваго	 
 	Лукания		Лука'нія	 
 	Лукерья		Луке'рья, Глике'рія	 
 	Лукиан		Лукіа'нъ, Лукья'нъ	 
 	Лукий		Лу'кій	 
 	Лукинична		Луки'нична	 
 	лукоморье		лукомо'рье (наро'дное назва'ніе бе'рега зали'ва, бу'хты)	 
 	лукошечко		луко'шечко	 
 	Лукреций		Лукре'цій	 
 	Лукреция		Лукре'ція	 
 	Луций		Лу'цій	 
 	лучевое		лучево'е, лучево'го	 
 	лучевой		лучево'й, лучево'го	 
 	лучевые		лучевы'е (м. р.), лучевы'я (ж. р. и ср. р.)	 
 	лучезарный		лучеза'рный, лучеза'рнаго	 
 	лучепреломление		лучепреломле'ніе	 
 	лучше		лу'чше всего' (не лучшѣ'е, и'бо лу'чше ужъ не'куда!)	 
 	лучшего		лу'чшаго (всего' са'маго лу'чшаго)	 
 	лучшее		лу'чшее (не лучшѣ'е, и'бо лу'чше ужъ не'куда!)	 
 	лучшей		лу'чшей	 
 	лучшие		лу'чшіе (м. р.), лу'чшія (ж. р. и ср. р.)	 
 	лучший		лу'чшій, лу'чшаго	 
 	лучшим		лу'чшимъ	 
 	лущение		луще'ніе	 
 	лущёный		лущёный, лущёнаго, лущёное	 
ль 	львёнок		львёнокъ	^
 	лье		лье', льё	 
 	Льеж		Лье'жъ	 
 	льёмся		льёмся	 
 	льётся		льётся	 
 	льёшься		льёшься	 
 	льнём		льнёмъ	 
 	льнёт		льнётъ	 
 	льнёшь		льнёшь	 
 	льстец		льсте'цъ	 
 	льстецом		льстецо'мъ	 
 	льстите		льсти'те	 
лы 	лыжнёй		лыжнёй	^
 	лысеть		лысѣ'ть	 
лю 	любвеобилие		любвеоби'ліе	^
 	любезен		любе'зенъ	 
 	любезнее		любе'знѣе	 
 	любезнейший		любе'знѣйшій	 
 	любезничать		любе'зничать	 
 	любезно		любе'зно	 
 	любезного		любе'знаго	 
 	любезное		любе'зное	 
 	любезны		любе'зны	 
 	любезные		любе'зные (м. р.), любе'зныя (ж. р. и ср. р.)	 
 	любезный		любе'зный, любе'знаго	 
 	Любек		Лю'бекъ	 
 	любимей		люби'мѣй	 
 	любимец		люби'мецъ	 
 	любимого		люби'маго	 
 	любимое		люби'мое	 
 	любимцем		люби'мцемъ	 
 	любимые		люби'мые (м. р.), люби'мыя (ж. р. и ср. р.)	 
 	любителей		люби'телей	 
 	любителем		люби'телемъ	 
 	любитель		люби'тель, люби'телемъ, люби'телей	 
 	любительское		люби'тельское	 
 	любительские		люби'тельскіе (м. р.), люби'тельскія (ж. р. и ср. р.)	 
 	любодейство		любодѣ'йство, любодѣ'й, любодѣ'йствовать	 
 	любодеяние		любодѣя'ніе, прелюбодѣя'ніе (наруше'ніе супру'жеской вѣ'рности, внѣбра'чная любо'вная свя'зь)	 
 	любое		любо'е, любо'го	 
 	Любомирский		Любоми'рскій	 
 	любопытные		любопы'тные (м. р.), любопы'тныя (ж. р. и ср. р.)	 
 	любопытство		любопы'тство, въ любопы'тствѣ	 
 	любые		любы'е (м. р.), любы'я (ж. р. и ср. р.)	 
 	любящего		лю'бящаго	 
 	любящее		лю'бящее	 
 	любящие		лю'бящіе (м. р.), лю'бящія (ж. р. и ср. р.)	 
 	любящий		лю'бящій, лю'бящаго	 
 	люверс		лю'версъ (защи'тное кольцо' отве'рстія въ тка'ни для продѣва'нія шнурка', верёвки)	 
 	люгер		лю'геръ (типъ быстрохо'днаго па'руснаго су'дна)	 
 	людей		люде'й	 
 	люди		Л — лю'ди — двѣ'надцатая бу'ква ру'сской а'збуки	 
 	Людмила		Людми'ла	 
 	людоед		людоѣ'дъ	 
 	людские		людскі'е (м. р.), людскі'я (ж. р. и ср. р.)	 
 	людское		людско'е, людско'го	 
 	Люксембург		Люксембу'ргъ	 
 	люлечка		лю'лечка (колыбе'лька)	 
 	люминесценция		люминесце'нція	 
 	люмпен		лю'мпенъ (ни'щій, опусти'вшійся человѣ'къ, отчуждённый отъ со'бственности, лишённый нра'вственныхъ при'нциповъ и крите'ріевъ)	 
 	люмпен-пролетариат		лю'мпенпролетаріа'тъ (декласси'рованный сло'й люде'й: босяки', бродя'ги, ни'щіе)	 
 	Люнебург		Люнебу'ргъ	 
 	Люневиль		Люневи'ль	 
 	люнель		люне'ль (францу'зское муска'тное ликёрное вино')	 
 	люнет		люне'тъ, люне'тта (а'рочный проёмъ въ сво'дѣ и'ли ку'полѣ, надъ две'рью и'ли надъ окно'мъ)	 
 	Лютер		Лю'теръ	 
 	лютеране		лютера'не	 
 	люфтклозет		люфтклозе'тъ, лю'фтъ-клозе'тъ (убо'рная выгребно'го ти'па съ вытяжны'мъ вентиляціо'ннымъ кана'ломъ)	 
 	люцерна		люце'рна (травяни'стое кормово'е расте'ніе семе'йства бобо'выхъ)	 
 	Люцифер		Люцифе'ръ	 
 	люэс		лю'эсъ (си'филисъ)	 
ля 	ляг		лягъ	^
 	лягать		ляга'ть	 
 	лягнём		лягнёмъ	 
 	лягнёт		лягнётъ	 
 	лягнёшь		лягнёшь	 
 	лягушка-квакушка		лягу'шка-кваку'шка (персона'жъ ру'сскихъ наро'дныхъ ска'зокъ)	 
 	лядащий		ляда'щій (плохо'й, хи'лый, то'щій) — уcтap.	 
 	лядвея		ля'двея (бедро')	 
 	ляжка		ля'жка (бедро'), ля'жекъ