ма 	мабеин		мабеи'нъ (часть туре'цкаго до'ма, въ кото'рую допуска'ются го'сти; пріёмныя апартаме'нты дворца' султа'на)	^
 	мавзолей		мавзоле'й, въ мавзоле'ѣ, мавзоле'емъ	 
 	магазин		магази'нъ (ла'вка, лаба'зъ), въ магази'нѣ	 
 	магарыч		магары'чъ и могоры'чъ (вы'пивка по по'воду нѣ'котораго собы'тія, устра'иваемая тѣ'мъ, кто имѣ'етъ отъ о'наго собы'тія вы'году)	 
 	Магдебург		Магдебу'ргъ	 
 	Магеллан		Магелла'нъ	 
 	магистерий		магисте'рій	 
 	магистр		маги'стръ (учёная сте'пень)	 
 	магические		маги'ческіе (м. р.), маги'ческія (ж. р. и ср. р.)	 
 	магический		маги'ческій, маги'ческаго	 
 	магического		маги'ческаго	 
 	магическое		маги'ческое	 
 	магия		ма'гія	 
 	магнезия		магне'зія (о'кись ма'гнія)	 
 	магнетизёр		магнетизёръ (гипнотизёръ)	 
 	магнетизм		магнети'змъ	 
 	магнетит		магнети'тъ (магни'тный желѣзня'къ)	 
 	магнетический		магнети'ческій (относя'щійся къ гипноти'ческому внуше'нію)	 
 	магний		ма'гній	 
 	Магомет		Магоме'тъ	 
 	магометанство		магомета'нство	 
 	Мадейра		Маде'йра	 
 	мадемуазель		мадемуазе'ль (фо'рма вѣ'жливаго упомина'нія и'ли обраще'нія къ незаму'жней же'нщинѣ), не мадмуазе'ль!, не мадмазе'ль!	 
 	мадера		маде'ра (крѣ'пкое вино' изъ бѣ'лыхъ и'ли ро'зовыхъ сорто'въ виногра'да)	 
 	мадия		ма'дія	 
 	мадрепора		мадрепо'ра (родъ ри'фовыхъ кора'лловъ)	 
 	Мадрид		Мадри'дъ	 
 	мадьяр		мадья'ръ	 
 	мае		въ ма'ѣ (мѣ'сяцъ май)	 
 	маёвка		маёвка (собра'ніе рабо'чихъ въ пе'рвые дни ма'я, въ зна'къ проте'ста про'тивъ эксплуата'ціи)	 
 	маета		маета' (муче'ніе, безпоко'йство; утоми'тельныя, доса'дныя хло'поты)	 
 	маетность		ма'етность	 
 	мается		ма'ется, ма'етесь	 
 	мажордом		мажордо'мъ и майордо'мъ	 
 	мазанёт		мазанётъ	 
 	мазанка		ма'занка (ха'та изъ гли'ны, сырцо'ваго кирпича' и'ли де'рева, обма'заннаго гли'ной)	 
 	Мазепа		Мазе'па	 
 	мазнёй		мазнёй	 
 	мазнёт		мазнётъ	 
 	Мазовецкая		Мазове'цкая (губе'рнія)	 
 	мазореты		мазоре'ты (учёные евре'и времёнъ вавило'нскаго плѣ'на, извѣ'стные свои'ми схоласти'ческими рабо'тами)	 
 	май		май, въ ма'ѣ, ма'йскій, пя'таго ма'я	 
 	майолика		маіо'лика (издѣ'лія изъ обожжённой гли'ны, покры'тыя непрозра'чной глазу'рью и рису'нкомъ)	 
 	майонез		майоне'зъ, въ майоне'зѣ	 
 	майор		майо'ръ и маіо'ръ, о майо'рѣ, майо'рство	 
 	майоран		маіора'нъ	 
 	майорат		майора'тъ (феода'льный поря'докъ наслѣ'дованія, при кото'ромъ земе'льное владѣ'ніе перехо'дитъ къ ста'ршему сы'ну и'ли къ ста'ршему въ ро'дѣ)	 
 	майордом		майордо'мъ и мажордо'мъ	 
 	Майоренгоф		Маіоренго'фъ	 
 	Майорка		Майо'рка	 
 	майорша		майо'рша и маіо'рша	 
 	майские		ма'йскіе (м. р.), ма'йскія (ж. р. и ср. р.)	 
 	майский		ма'йскій, ма'йскаго	 
 	майское		ма'йское	 
 	Майя		Ма'йя	 
 	Макарий		Мака'рій, Мака'ръ	 
 	макароны		макаро'ны	 
 	Макарьев		Мака'рьевъ	 
 	макать		мака'ть	 
 	Македония		Македо'нія	 
 	македонский		македо'нскій, македо'нскаго	 
 	Макиавелли		Маккіаве'лли	 
 	Маккавеи		Маккаве'и	 
 	маклер		ма'клеръ (посре'дникъ въ поку'пкѣ и прода'жѣ това'ровъ, цѣ'нныхъ бума'гъ, услу'гъ, страхова'ній)	 
 	макнёт		макнётъ	 
 	Маколей		Маколе'й	 
 	макраме		макрамэ' (плете'ніе въ ви'дѣ узелко'въ изъ то'лстыхъ ни'тей, шпага'та худо'жественныхъ издѣ'лій)	 
 	макрель		макре'ль (ску'мбрія)	 
 	Максенций		Максе'нцій	 
 	Максимиан		Максиміа'нъ	 
 	Максимилиан		Максимиліа'нъ, Максимилья'нъ	 
 	макушечка		маку'шечка	 
 	Маланья		Мала'нья и Мела'нья	 
 	малахит		малахи'тъ (минера'лъ я'рко-зелёнаго цвѣ'та съ чёрными прожи'лками, испо'льзуемый для разли'чныхъ подѣ'локъ, облицо'вки вазъ, коло'ннъ)	 
 	Малахия		Мала'хія	 
 	Малая Вишера		Ма'лая Ви'шера	 
 	малёванный		малёванный	 
 	малевать		малева'ть (писа'ть, рисова'ть кра'сками пло'хо, неумѣ'ло и'ли безвку'сно)	 
 	малейшего		малѣ'йшаго	 
 	малейшее		малѣ'йшее	 
 	малейшие		малѣ'йшіе (м. р.), малѣ'йшія (ж. р. и ср. р.)	 
 	малейший		малѣ'йшій, малѣ'йшаго	 
 	малёк		малёкъ	 
 	маленечко		мале'нечко	 
 	маленькие		ма'ленькіе (м. р.), ма'ленькія (ж. р. и ср. р.)	 
 	маленький		ма'ленькій, ма'ленькаго	 
 	маленько		мале'нько (немно'го, чуть-чуть, слегка'; непродолжи'тельное вре'мя)	 
 	маленького		ма'ленькаго	 
 	маленькое		ма'ленькое	 
 	малёхонький		малёхонькій	 
 	малец		мале'цъ (ма'льчикъ, подро'стокъ)	 
 	малёшенький		малёшенькій	 
 	малина		мали'на	 
 	Малларме		Малларме'	 
 	Малоархангельск		Малоарха'нгельскъ	 
 	маловато		малова'то	 
 	маловерный		маловѣ'рный	 
 	маловероятно		маловѣроя'тно	 
 	маловесный		маловѣ'сный	 
 	маловетреный		маловѣ'треный (не вѣ'треный человѣ'къ)	 
 	малого		ма'лаго	 
 	малодельный		малодѣ'льный (лёгкій, не тре'бующій уси'лій)	 
 	малодушие		малоду'шіе	 
 	малое		ма'лое	 
 	малоезженный		малоѣ'зженный	 
 	малозаселённый		малозаселённый	 
 	малоземельный		малоземе'льный (не имѣ'ющій доста'точнаго коли'чества земли' для веде'нія се'льскаго хозя'йства)	 
 	Малоземельская		Малоземе'льская (ту'ндра)	 
 	малозначащий		малозна'чащій	 
 	малоизвестный		малоизвѣ'стный	 
 	малоискушённый		малоискушённый	 
 	малолетний		малолѣ'тній	 
 	мало-мальски		ма'ло-ма'льски	 
 	малонадёжный		малонадёжный	 
 	малонаселённый		малонаселённый	 
 	малообъёмный		малообъёмный	 
 	малоодарённый		малоодарённый	 
 	малоосведомлённый		малоосвѣдомлённый	 
 	малоосвещённый		малоосвѣщённый	 
 	малооснащённый		малооснащённый	 
 	мало-помалу		ма'ло-по-ма'лу	 
 	малопоместный		малопомѣ'стный (владѣ'ющій небольши'мъ помѣ'стьемъ; мелкопомѣ'стный)	 
 	малопонятное		малопоня'тное	 
 	малопочётный		малопочётный	 
 	малораспространённый		малораспространённый	 
 	Малороссия		Малоро'ссія (Укра'йна)	 
 	малороссиянин		малороссія'нинъ, малоро'ссъ (укра'инцы, полѣщуки', руси'ны)	 
 	малосведущий		малосвѣ'дущій	 
 	малосемейный		малосеме'йный	 
 	малосолёный		малосолёный	 
 	малоупотребимый		малоупотреби'мый	 
 	малоценный		малоцѣ'нный	 
 	малочисленный		малочи'сленный	 
 	малошёрстный		малошёрстный	 
 	Мальмезон		Мальмезо'нъ	 
 	Мальпигиев		Мальпи'гіевъ (слой)	 
 	мальчишеский		мальчи'шескій	 
 	малые		ма'лые (м. р.), ма'лыя (ж. р. и ср. р.)	 
 	малышнёй		малышнёй	 
 	малютка		малю'тка, малю'точка, о малю'ткѣ	 
 	маляр		маля'ръ	 
 	малярия		малярі'я	 
 	малярное		маля'рное (дѣ'ло)	 
 	мама		ма'ма, къ ма'мѣ, мама'нъ	 
 	Мамаево		Мама'ево (побо'ище)	 
 	Мамврийский		Мамврі'йскій (дубъ)	 
 	мамелюк		мамелю'къ (во'инъ ли'чной гва'рдіи еги'петскихъ султа'новъ)	 
 	маменька		ма'менька, къ ма'менькѣ	 
 	мамзель		мамзе'ль (мадемуазе'ль)	 
 	Мамианский		Маміа'нскій (проли'въ)	 
 	мамона		мамо'на (цeрк. бога'тство, пожи'тки, земны'я сокро'вища)	 
 	мамонт		ма'монтъ	 
 	мамонтёнок		мамонтёнокъ	 
 	мамуля		маму'ля, маму'ся, къ маму'лѣ, къ маму'сѣ	 
 	Манассия		Мана'ссія	 
 	манёвр		манёвръ	 
 	манёвренный		манёвренный	 
 	маневрировать		маневрировать	 
 	манёвры		манёвры	 
 	манеж		мане'жъ	 
 	манежить		мане'жить (учи'ть ло'шадь хо'ду въ мане'жѣ)	 
 	манежиться		мане'житься (вести' себя' неесте'ственно, жема'ниться, упря'миться, кобе'ниться)	 
 	манейка		мане'йка (стекля'нное ожере'лье, носи'мое иноро'дцами Восто'чной Сиби'ри)	 
 	манекен		манеке'нъ	 
 	манера		мане'ра	 
 	манере		э'то въ его' мане'рѣ	 
 	манерка		мане'рка (похо'дная металли'ческая фля'жка съ зави'нчивающейся кры'шкой въ ви'дѣ стака'на)	 
 	манернее		мане'рнѣе	 
 	манерничать		мане'рничать, мане'рничанье, мане'рничаніе	 
 	манерное		мане'рное	 
 	манерные		мане'рные (м. р.), мане'рныя (ж. р. и ср. р.)	 
 	манерный		мане'рный	 
 	манеры		мане'ры	 
 	Манефа		Мане'ѳа	 
 	манжета		манже'та, манше'та	 
 	манжетка		манже'тка (расте'ніе)	 
 	Манила		Мани'лья	 
 	манифест		манифе'стъ	 
 	манифестация		манифеста'ція	 
 	манихеизм		манихеи'змъ (религіо'зное уче'ніе о борьбѣ' добра' и зла какъ изнача'льныхъ при'нциповъ бытія')	 
 	мания		ма'нія	 
 	манна		ма'нна (небе'сная)	 
 	Маннгейм		Маннге'ймъ	 
 	мановение		манове'ніе	 
 	манометр		мано'метръ	 
 	манометрический		манометри'ческій	 
 	Мантегацца		Мантега'цца	 
 	мантелет		мантеле'тъ	 
 	Мантинея		Мантине'я	 
 	мантия		ма'нтія	 
 	мануфактура		мануфакту'ра	 
 	Манчестер		Манче'стеръ	 
 	Манчжурия		Манджу'рія	 
 	маньеризм		маньери'змъ (за'падно-европе'йскій литерату'рно-худо'жественный сти'ль, характеризу'ющійся утра'той ренесса'нсной гармо'ніи ме'жду тѣле'снымъ и духо'внымъ, приро'дой и человѣ'комъ)	 
 	маньерист		маньери'стъ (представи'тель маньери'зма)	 
 	маняще		маня'ще	 
 	манящего		маня'щаго	 
 	манящее		маня'щее	 
 	манящие		маня'щіе (м. р.), маня'щія (ж. р. и ср. р.)	 
 	манящий		маня'щій, маня'щаго	 
 	марание		мара'ніе	 
 	маратель		мара'тель	 
 	Марафон		Мараѳо'нъ	 
 	марафонец		мараѳо'нецъ	 
 	марганец		ма'рганецъ	 
 	марганцовокислый		ма'рганцево-ки'слый	 
 	Маргелан		Маргела'нъ	 
 	Маргерит		Маргери'тъ	 
 	Мардарий		Марда'рій	 
 	Мардоний		Мардо'ній	 
 	Мардохей		Мардохе'й	 
 	маре		маре'	 
 	марево		ма'рево (ды'мка образу'ющаяся въ тёплую пого'ду)	 
 	мареканит		марекани'тъ (разнови'дность липари'товаго вулкани'ческаго стекла')	 
 	Мареммы		Маре'ммы	 
 	Маремьяна		Маремья'на	 
 	марена		маре'на (травяни'стое расте'ніе семе'йства ма'ревыхъ)	 
 	мареорама		мареора'ма (панора'ма, имити'рующая морско'е путеше'ствіе)	 
 	Мариамполь		Маріа'мполь	 
 	Марианна		Маріа'нна	 
 	Мариенбад		Маріенба'дъ	 
 	Мариетт		Маріе'ттъ	 
 	Мариинск		Маріи'нскъ	 
 	Мариинский		Маріи'нскій (теа'тръ)	 
 	Марий		Ма'рій	 
 	маринад		марина'дъ, въ марина'дѣ	 
 	маринованное		марино'ванное, марино'ваннаго	 
 	маринованные		марино'ванные (м. р.), марино'ванныя (ж. р. и ср. р.)	 
 	маринуешь		марину'ешь, марину'етъ, марину'ете, марину'емъ	 
 	марионетка		маріоне'тка, марьоне'тка (театра'льная ку'кла, управля'емая све'рху посре'дствомъ ни'тей и'ли металли'ческаго прута' актёромъ-куклово'домъ)	 
 	Мариотт		Маріо'ттъ	 
 	Мариуполь		Маріу'поль	 
 	Мария		Марі'я, Ма'рья	 
 	Маркел		Марке'лъ, Марке'ллъ	 
 	маркер		ма'ркеръ (устро'йство для нанесе'нія помѣ'токъ)	 
 	маркёр		маркёръ (тотъ, кто ведётъ счётъ при игрѣ' въ билья'рдъ)	 
 	маркетри		маркетри' (ме'бельная моза'ика изъ де'рева, слоно'вой ко'сти, перламу'тра)	 
 	марксизм		маркси'змъ, въ маркси'змѣ	 
 	марксист		маркси'стъ, о маркси'стѣ	 
 	маркшейдер		маркше'йдеръ (спеціали'стъ, занима'ющійся геодези'ческими съёмками го'рныхъ разрабо'токъ)	 
 	мармелад		мармела'дъ	 
 	Мармонтель		Мармонте'ль	 
 	мародёр		мародёръ (гра'бящій уби'тыхъ и ра'неныхъ въ райо'нѣ вое'нныхъ дѣ'йствій, кру'пныхъ стихі'йныхъ бѣ'дствій)	 
 	марокен		мароке'нъ (пло'тная шёлковая тка'нь)	 
 	марокканец		марокка'нецъ	 
 	Маросейка		Маросе'йка	 
 	марселин		марсели'нъ (родъ двойно'й шёлковой и бума'жной тка'ни)	 
 	марсель		ма'рсель (прямо'й четырёхуго'льный па'русъ)	 
 	Марсель		Марсе'ль	 
 	марсельеза		марселье'за (францу'зская революціо'нная пѣ'сня, ста'вшая въ Россі'и до 1917 го'да пѣ'сней борцо'въ съ самодержа'віемъ)	 
 	март		мартъ, въ ма'ртѣ, ма'ртовскій, тре'тьяго ма'рта	 
 	мартеллосы		марте'ллосы (кру'глыя боевы'я ба'шни на берега'хъ Сарди'ніи и Ко'рсики)	 
 	Мартиниан		Мартиніа'нъ	 
 	Мартирий		Марти'рій	 
 	Мартын		Марты'нъ и Марти'нъ	 
 	Марфа		Ма'рѳа и Ма'рта	 
 	Марфенька		Ма'рѳенька	 
 	Марциал		Марціа'лъ	 
 	маседуан		маседуа'нъ (ку'шанье изъ варёныхъ овоще'й подъ со'усомъ)	 
 	маскарад		маскара'дъ, въ маскара'дѣ	 
 	Маскаренские		Маскаре'нскіе (острова')	 
 	масленая		ма'сленая (недѣ'ля)	 
 	масленица		ма'сленица и ма'сляница	 
 	масление		ма'сленіе	 
 	маслёнка		маслёнка, въ маслёнкѣ	 
 	масленый		ма'сленый — пропи'танный ма'сломъ — ма'сленая ка'ша, зама'сленый, въ т. ч. ма'сленая (недѣ'ля)	 
 	маслице		ма'слице, въ ма'слицѣ	 
 	масло		ма'сло, ма'селъ, въ ма'слѣ	 
 	маслодел		маслодѣ'лъ	 
 	маслоделие		маслодѣ'ліе	 
 	маслодельное		маслодѣ'льное, маслодѣ'льнаго	 
 	маслоёмкость		маслоёмкость	 
 	масляный		ма'сляный — сдѣ'ланъ изъ ма'сла, содержа'щій ма'сло — ма'сляная кра'ска, ма'сляное пятно', но ма'сленая недѣ'ля (ма'сленица)	 
 	масон		масо'нъ	 
 	масонские		масо'нскіе (м. р.), масо'нскія (ж. р. и ср. р.)	 
 	масонского		масо'нскаго	 
 	масса		ма'сса, въ ма'ссѣ	 
 	массажёр		массажёръ	 
 	Массачусетс		Массачу'сетъ	 
 	массивные		масси'вные (м. р.), масси'вныя (ж. р. и ср. р.)	 
 	массивный		масси'вный, масси'внаго	 
 	массовые		ма'ссовые (м. р.), ма'ссовыя (ж. р. и ср. р.)	 
 	мастевой		мастево'й (отъ масть)	 
 	мастер		ма'стеръ, о ма'стерѣ	 
 	мастерить		мастери'ть	 
 	мастерица		мастери'ца	 
 	мастеровой		мастерово'й, мастерово'го	 
 	мастерок		мастеро'къ	 
 	мастерская		мастерска'я (помѣще'ніе для рабо'ты), въ мастерско'й ; ма'стерская рабо'та (рабо'та, сдѣ'ланная ма'стеромъ)	 
 	мастерски		мастерски' и ма'стерски	 
 	мастерские		мастерскі'я (помѣще'нія для рабо'ты)	 
 	мастерские		ма'стерскіе (м. р.), ма'стерскія (ж. р. и ср. р.) — принадлежа'щіе ма'стеру	 
 	мастерский		ма'стерскій и мастерско'й (принадлежа'щій ма'стеру)	 
 	мастерской		мастерско'й (иску'сный), и въ мастерско'й (въ помѣще'ніи)	 
 	мастерство		мастерство' (мастерство' не пропьёшь :)	 
 	масштаб		масшта'бъ и машта'бъ, въ масшта'бѣ	 
 	масштабируемый		масштаби'руемый	 
 	матассен		матассе'нъ (шутовско'й та'нецъ съ деревя'нными меча'ми)	 
 	Матвеев		Матвѣ'евъ	 
 	Матвей		Матвѣ'й, Матвѣ'евъ	 
 	мателот		матело'тъ (ры'бное блю'до францу'зской ку'хни; сосѣ'дній кора'бль въ строю')	 
 	математика		матема'тика	 
 	матерелый		матерѣ'лый	 
 	матереть		матерѣ'ть, маторѣ'ть	 
 	материал		матеріа'лъ, о матеріа'лѣ	 
 	материализация		матеріализа'ція	 
 	материализм		матеріали'змъ	 
 	материаловедение		матеріаловѣ'дѣніе	 
 	материалоёмкий		матеріалоёмкій	 
 	материального		матеріа'льнаго	 
 	материальное		матеріа'льное	 
 	материальные		матеріа'льные (м. р.), матеріа'льныя (ж. р. и ср. р.)	 
 	материальный		матеріа'льный, матеріа'льнаго	 
 	материк		матери'къ, на материкѣ'	 
 	материнский		матери'нскій	 
 	материнство		матери'нство, въ матери'нствѣ	 
 	материя		мате'рія, мате'ріей	 
 	матерний		ма'терній (матери'нскій), ма'тернее (матери'нское)	 
 	матерник		ма'терникъ (бѣлокопы'тникъ)	 
 	матерно		ма'терно (вы'ругаться)	 
 	матерный		ма'терный (бра'нный)	 
 	матерой		матеро'й, матёрый	 
 	матерчатый		мате'рчатый	 
 	матерщина		матерщи'на (бра'нь, скверносло'віе)	 
 	матерщинник		матерщи'нникъ (скверносло'въ)	 
 	Матерь Божия		Ма'терь Бо'жія	 
 	матерью		ма'терью	 
 	матёрый		матёрый	 
 	матине		матине' (же'нская у'тренняя дома'шняя оде'жда; у'тренній пріёмъ госте'й; у'тренній спекта'кль)	 
 	матласе		матласе' (родъ бума'жной и'ли шёлковой мате'ріи, идётъ на подкла'дку)	 
 	матрац		матра'цъ	 
 	Матрёна		Матрёна, Матро'на	 
 	матрёнка		матрёнка (расте'ніе)	 
 	матрёшка		матрёшка	 
 	матриархат		матріарха'тъ (фо'рма родово'го первобы'тнаго о'бщества съ госпо'дствующимъ положе'ніемъ въ нихъ же'нщины)	 
 	матрос		матро'съ, матро'сскій	 
 	матроснёй		матроснёй	 
 	матушка		ма'тушка, о ма'тушкѣ	 
 	Матфей		Матѳе'й, но Матвѣ'й	 
 	матч		матчъ, въ ма'тчѣ, матчъ-рева'ншъ	 
 	матюгнётся		матюгнётся	 
 	матюкнётся		матюкнётся	 
 	маузер		ма'узеръ	 
 	мафия		ма'фія	 
 	Мафусаил		Маѳусаи'лъ	 
 	маханёт		маханётъ	 
 	махинация		махина'ція	 
 	Махмет		Махме'тъ	 
 	махнем-ко		махне'мъ-ко	 
 	махнёт		махнётъ	 
 	махолёт		махолётъ	 
 	Мацеевский		Мацѣе'вскій	 
 	мацерация		мацера'ція (разъедине'ніе расти'тельныхъ и'ли живо'тныхъ клѣ'токъ въ тка'няхъ)	 
 	мачете		маче'те	 
 	мачеха		ма'чеха и ма'чиха	 
 	Мачтет		Мачте'тъ	 
 	Машенька		Ма'шенька	 
 	машем		ма'шемъ	 
 	машина		маши'на, въ маши'нѣ	 
 	машинёнка		машинёнка	 
 	машинист		машини'стъ	 
 	машиносчётная		машиносчётная	 
 	маэстро		маэ'стро, мае'стро (почётное назва'ніе кру'пныхъ дѣ'ятелей въ разли'чныхъ областя'хъ: компози'торовъ, дирижёровъ, живопи'сцевъ, шахмати'стовъ)	 
 	маятник		ма'ятникъ	 
 	маяться		ма'яться	 
 	маяченье		мая'ченье	 
мг 	мгновение		мгнове'ніе, мгнове'нье, семна'дцать мгнове'ній весны'	^
 	мгновений		мгнове'ній (семна'дцать мгнове'ній весны')	 
 	мгновенно		мгнове'нно	 
 	мгновенного		мгнове'ннаго	 
 	мгновенное		мгнове'нное	 
 	мгновенные		мгнове'нные (м. р.), мгнове'нныя (ж. р. и ср. р.)	 
 	мгновенный		мгнове'нный, мгнове'ннаго	 
ме 	меандр		меа'ндръ (изви'лина, излу'чина въ тече'ніи рѣки')	^
 	мебель		ме'бель (не мебеля'!), ме'бели (не мебеле'й!), ме'белью (не мебеля'ми!)	 
 	мебельный		ме'бельный, ме'бельнаго	 
 	мебельщик		ме'бельщикъ	 
 	Мёбиус		Мёбіусъ	 
 	меблирование		меблирова'ніе	 
 	меблированные		меблиро'ванныя (ж. р. и ср. р. — меблирова'нныя ко'мнаты), меблиро'ванные (м. р. — меблиро'ванные дома')	 
 	меблировать		меблирова'ть	 
 	меблировка		меблиро'вка (не мебелиро'вка!)	 
 	меблировщик		меблиро'вщикъ	 
 	мегалит		мегали'тъ (дре'внее ку'льтовое сооруже'ніе изъ огро'мныхъ камне'й)	 
 	мегафон		мегафо'нъ	 
 	мегера		меге'ра (зла'я, сварли'вая же'нщина)	 
 	мёд		мёдъ, меды', медо'въ, на меду', въ мёдѣ	 
 	медаль		меда'ль, меда'лей	 
 	медальер		медалье'ръ (спеціали'стъ по изготовле'нію фо'рмъ для отли'вки и чека'нки моне'тъ и меда'лей)	 
 	медалька		меда'лька, меда'лекъ	 
 	медальон		медальо'нъ и медаліо'нъ (ювели'рное издѣ'ліе въ фо'рмѣ ова'льной и'ли кру'глой коро'бочки, въ кото'рую вкла'дывается что'-либо)	 
 	Медведев		Медвѣ'девъ	 
 	Медведица		Медвѣ'дица	 
 	медведка		медвѣ'дка (насѣко'мое отря'да прямокры'лыхъ)	 
 	медведь		медвѣ'дь, (не медвѣ'дъ :)	 
 	медвежий		медвѣ'жій, медвѣ'жьяго	 
 	медвежонок		медвѣжёнокъ	 
 	медвежье		медвѣ'жье	 
 	медвежьего		медвѣ'жьяго	 
 	медвежьи		медвѣ'жьи	 
 	медвежья		медвѣ'жья (услу'га)	 
 	медвяный		медвя'ный (арома'тный и сладкова'тый за'пахъ)	 
 	меделянка		меделя'нка (кру'пная поро'да до'говъ, происходя'щая изъ Ита'ліи)	 
 	Медея		Меде'я	 
 	медиана		медіа'на (среди'нное, центра'льное значе'ніе)	 
 	медианта		медіа'нта (мyз. сре'дній то'нъ ме'жду основны'мъ и его' кви'нтою)	 
 	медиатор		медіа'торъ (пле'ктръ; пласти'нка для извлече'нія зву'ковъ изъ стру'нныхъ музыка'льныхъ инструме'нтовъ)	 
 	медиация		медіа'ція (посре'дничество въ спо'рѣ ме'жду людьми', госуда'рствами)	 
 	медик		ме'дикъ	 
 	медикаменты		медикаме'нты	 
 	медикастер		медика'стеръ (невѣ'жественный вра'чъ, шарлата'нъ)	 
 	Медина		Меди'на	 
 	медио		ме'діо (сро'къ исполне'нія биржевы'хъ сдѣ'локъ, приходя'щихся на середи'ну мѣ'сяца)	 
 	медиовал		медіова'лъ	 
 	медитация		медита'ція	 
 	медитировать		медити'ровать, медити'руешь	 
 	медиум		ме'діумъ (у ми'стиковъ — посре'дникъ ме'жду людьми' и мі'ромъ ду'ховъ)	 
 	медицина		медици'на	 
 	Медичи		Ме'дичи	 
 	медленнее		ме'дленнѣе	 
 	медленно		ме'дленно	 
 	медленного		ме'дленнаго	 
 	медленное		ме'дленное	 
 	медленные		ме'дленные (м. р.), ме'дленныя (ж. р. и ср. р.)	 
 	медленный		ме'дленный, ме'дленнаго	 
 	медлительно		медли'тельно	 
 	медлительный		медли'тельный	 
 	медлить		ме'длить	 
 	медлишь		ме'длишь	 
 	медлят		ме'длятъ	 
 	медлящий		ме'длящій	 
 	медник		мѣ'дникъ (рабо'тникъ, занима'ющійся изготовле'ніемъ и'ли почи'нкой мѣ'дныхъ веще'й)	 
 	медница		мѣ'дница (мѣ'дная моне'тка)	 
 	медное		мѣ'дное	 
 	меднолобый		мѣдноло'бый (тупо'й, безсмы'сленно-упря'мый)	 
 	медные		мѣ'дные (м. р.), мѣ'дныя (ж. р. и ср. р.)	 
 	медный		мѣ'дный, мѣ'днаго	 
 	медовар		медова'ръ	 
 	медовик		медови'къ	 
 	медовуха		медову'ха (наро'дный хмѣльно'й медо'вый напи'токъ)	 
 	медовый		медо'вый	 
 	медок		медо'къ	 
 	медонос		медоно'съ	 
 	медпункт		медпу'нктъ	 
 	медресе		медрессе' (мусульма'нская сре'дняя и вы'сшая шко'ла)	 
 	медсестёр		медсестёръ	 
 	медсестры		медсестры'	 
 	медсёстры		медсёстры	 
 	медуза		меду'за	 
 	Медуза		Меду'за	 
 	медуллин		медулли'нъ (бѣ'лое ры'хлое вещество' въ сердцеви'нѣ нѣ'которыхъ расте'ній)	 
 	медуница		медуни'ца (травяни'стое расте'ніе семе'йства бура'чниковыхъ)	 
 	меды		меды' (мн. отъ мёдъ)	 
 	медь		мѣдь	 
 	Медынь		Меды'нь	 
 	медяк		мѣдя'къ (мѣ'дная моне'та)	 
 	медянка		мѣдя'нка (мѣдя'ница — змѣя'; зелёная кра'ска)	 
 	медяница		мѣдя'ница (мѣдя'нка; неядови'тая змѣя' семе'йства уже'й)	 
 	медяный		мѣдя'ный (мѣ'дный)	 
 	меж		ме'жъ, ме'жду; межъ тѣ'мъ	 
 	межа		межа' (грани'ца земе'льныхъ владѣ'ній, уча'стковъ; нераспа'ханная у'зкая полоса' ме'жду поля'ми), по межѣ', межи', межъ и меже'й, межа'мъ	 
 	Мёжа		Мёжа	 
 	междометие		междоме'тіе	 
 	междоузлие		междоу'зліе	 
 	междоусобие		междоусо'біе (несогла'сіе, раздо'ръ), не междуусо'біе!	 
 	между		ме'жду, ме'жду про'чимъ	 
 	междузвёздный		междузвѣ'здный	 
 	международное		междунаро'дное	 
 	международные		междунаро'дные (м. р.), междунаро'дныя (ж. р. и ср. р.)	 
 	международный		междунаро'дный, междунаро'днаго	 
 	между прочим		ме'жду про'чимъ	 
 	междурёберный		междурёберный	 
 	междуречье		междурѣ'чіе, междурѣ'чье (мѣ'стность, располо'женная ме'жду двумя' рѣ'ками)	 
 	междуцарствие		междуца'рствіе	 
 	межевание		межева'ніе (раздѣле'ніе межа'ми)	 
 	межёванный		межёванный (раздѣлённый межа'ми)	 
 	межевать		межева'ть (раздѣля'ть межа'ми земе'льные уча'стки)	 
 	межёвка		межёвка (межева'ніе)	 
 	межевой		межево'й (зна'къ), межева'я (кана'ва)	 
 	меженина		межени'на	 
 	межеумок		межеу'мокъ (человѣ'къ ни то, ни сё)	 
 	межзвёздный		межзвѣ'здный	 
 	межигорье		межиго'рье	 
 	Межиречье		Межирѣ'чье	 
 	межник		межни'къ (де'рево, поса'женное для бо'лѣе ви'днаго обозначе'нія межи')	 
 	межный		ме'жный	 
 	межозёрный		межозёрный	 
 	межрёберный		межрёберный	 
 	межсезонье		межсезо'нье	 
 	мезальянс		мезалья'нсъ (нера'вный бра'къ; бра'къ съ лицо'мъ ни'зкаго соціа'льнаго положе'нія, происхожде'нія)	 
 	мезга		мезга', мязга' (мя'гкая вну'тренняя оболо'чка де'рева ме'жду коро'й и твёрдой древеси'ной; вы'жимки отъ плодо'въ, овоще'й)	 
 	мездра		мездра', мяздра' (сло'й подко'жной клѣтча'тки на невы'дѣланной ко'жѣ; нелицева'я сторона' ко'жи)	 
 	мездрение		мездре'ніе	 
 	мездрённый		мездрённый	 
 	мездрёный		мездрёный	 
 	мездрильный		мездри'льный	 
 	мездрится		мездри'тся	 
 	мездрить		мездри'ть	 
 	мездриться		мездри'ться	 
 	мездровый		мездро'вый	 
 	мездряной		мездряно'й	 
 	мезелин		мезели'нъ (полушёлковая мате'рія для чехло'въ)	 
 	мезентерий		мезенте'рій	 
 	Мезень		Мезе'нь	 
 	мезодерма		мезоде'рма	 
 	мезозой		мезозо'й	 
 	мезолит		мезоли'тъ	 
 	мезонин		мезони'нъ и мезани'нъ (надстро'йка надъ сре'дней ча'стью жило'го до'ма)	 
 	мезука		мезу'ка	 
 	Мей		Ме'й	 
 	мейстерзингер		мейстерзи'нгеръ (представи'тель средневѣко'вой пѣ'сенной поэ'зіи)	 
 	мекать		ме'кать	 
 	Мекка		Ме'кка	 
 	Мекленбург		Мекленбу'ргъ	 
 	мекометр		мекоме'тръ	 
 	меконин		мекони'нъ	 
 	меконий		меко'ній	 
 	Мексика		Ме'ксика	 
 	мексиканец		мексика'нецъ	 
 	мектебе		мекте'бе, мекте'бъ (нача'льная мусульма'нская шко'ла)	 
 	мел		мѣлъ — известня'къ	 
 	мёл		мёлъ — подмета'лъ	 
 	меламед		меламе'дъ (учи'тель въ евре'йской нача'льной религіо'зной шко'лѣ для ма'льчиковъ)	 
 	меламения		меламе'нія	 
 	меланизм		мелани'змъ (преиму'щественное распростране'ніе темноокра'шенныхъ о'собей у како'го-либо ви'да органи'змовъ)	 
 	меланит		мелани'тъ (известко'во-желѣ'зистый грана'тъ чёрнаго цвѣ'та)	 
 	Мелания		Мела'нія	 
 	меланома		мелано'ма	 
 	меланурия		мелану'рія	 
 	меланхолия		меланхо'лія (мра'чное настрое'ніе, уны'ніе, тоска')	 
 	Меланхтон		Меланхто'нъ	 
 	Меланья		Мела'нья и Мала'нья	 
 	Мелар		Мела'ръ	 
 	меласса		мела'сса (отхо'ды свёкло-са'харнаго произво'дства — кормова'я па'тока)	 
 	мелафир		мелафи'ръ (го'рная поро'да, порфирови'дная разнови'дность оли'вковаго діаба'за тёмнаго цвѣ'та)	 
 	мелево		ме'лево, ме'ливо (зерно' для размо'ла и'ли размо'лотое зерно')	 
 	меление		мѣле'ніе (отъ кра'сить мѣ'ломъ)	 
 	меленка		ме'ленка	 
 	Меленки		Меле'нки	 
 	меленький		ме'ленькій	 
 	меленый		ме'леный (отъ разма'лывать)	 
 	мелёный		мѣлёный (отъ кра'сить мѣ'ломъ)	 
 	мелёхонький		мелёхонькій	 
 	Мелетий		Меле'тій, Меле'нтій	 
 	мелеть		мелѣ'ть, мелѣ'етъ	 
 	мелешь		ме'лешь	 
 	мелик		ме'ликъ	 
 	мелина		мелина'	 
 	мелисса		мели'сса (травяни'стое медоно'сное расте'ніе)	 
 	мелиорация		меліора'ція (улучше'ніе плодоро'дныхъ сво'йствъ земе'ль — осуше'ніе, ороше'ніе, укрѣпле'ніе сыпу'чихъ песко'въ)	 
 	мелит		мели'тъ	 
 	Мелитополь		Мелито'поль	 
 	мелить		мѣли'ть (кра'сить мѣ'ломъ), мѣлю', мѣ'лишь, мѣ'лите	 
 	мелить		мели'ть (разма'лывать), мелю', ме'лешь, ме'лете	 
 	мелкие		ме'лкіе (м. р.), ме'лкія (ж. р. и ср. р.)	 
 	мелкий		ме'лкій, ме'лкаго, ме'лочь	 
 	мелководье		мелково'дье	 
 	мелкого		ме'лкаго	 
 	мелкодроблёный		мелкодроблёный	 
 	мелкозернёный		мелкозернёный	 
 	мелкозернистый		мелкозерни'стый	 
 	мелкозёрный		мелкозёрный	 
 	мелкокалиберный		мелкокали'берный	 
 	мелколесье		мелколѣ'сье	 
 	мелкопоместный		мелкопомѣ'стный (владѣ'ющій небольши'мъ помѣ'стьемъ; малопомѣ'стный)	 
 	мелкота		мелкота'	 
 	мелкотолчёный		мелкотолчёный	 
 	мелкотравчатый		мелкотра'вчатый (незначи'тельный)	 
 	мелкошёрстный		мелкошёрстный	 
 	мелкошёрстый		мелкошёрстый	 
 	мелован		мѣло'ванъ, мѣло'вана, мѣло'ваны, мѣло'вано	 
 	мелованный		мѣло'ванный, мѣло'ваннаго, мѣло'ванная, мѣло'ванные	 
 	мелового		мѣлово'го	 
 	меловой		мѣлово'й, мѣлово'го	 
 	меловщик		мѣловщи'къ	 
 	мелодекламация		мелодеклама'ція (вырази'тельное чте'ніе подъ му'зыку худо'жественнаго произведе'нія, обы'чно стихотво'рнаго)	 
 	мелодика		мело'дика (совоку'пность мелоди'ческихъ сре'дствъ, прису'щихъ музыка'льному тво'рчеству како'го-либо компози'тора, наро'да и'ли музыка'льному произведе'нію, жа'нру)	 
 	мелодикон		мело'диконъ (кла'вишный инструме'нтъ, издаю'щій зву'ки вслѣ'дствіе вибра'ціи металли'ческихъ пласти'нокъ при прикоснове'ніи металли'ческаго ко'нуса)	 
 	мелодия		мело'дія	 
 	мелодрама		мелодра'ма	 
 	мелок		мѣло'къ (мѣлъ), ме'локъ (ме'лкій)	 
 	меломан		мелома'нъ (стра'стный люби'тель му'зыки и пѣ'нія)	 
 	меломания		мелома'нія	 
 	мелона		мело'на (ды'ня)	 
 	мелопласт		мелопла'стъ (упрощённый ме'тодъ преподава'нія му'зыки)	 
 	мелотипия		мелоти'пія (печа'таніе нотъ типогра'фскимъ спо'собомъ)	 
 	мелофон		мелофо'нъ (мѣ'дный духово'й инструме'нтъ, разнови'дность валто'рны)	 
 	мелочёвка		мелочёвка (ме'лкіе предме'ты, ме'лочь; второстепе'нныя дета'ли, обстоя'тельства)	 
 	мелочной		мелочно'й (това'ръ, небольшо'й по размѣ'ру, величинѣ', коли'честву, цѣнѣ')	 
 	мелочный		ме'лочный (человѣ'къ, придаю'щій значе'ніе пустяка'мъ, ме'лкимъ, не имѣ'ющимъ значе'нія фа'ктамъ, обстоя'тельствамъ)	 
 	мелочь		ме'лочь	 
 	мель		мель, мелѣ'ть, измельча'ть	 
 	Мельбурн		Ме'льбурнъ	 
 	Мельвиль		Мельви'ль	 
 	мелье		мелье'	 
 	Мелькарт		Мелька'ртъ	 
 	мелькание		мелька'ніе	 
 	мелькать		мелька'ть	 
 	мелькнёт		мелькнётъ	 
 	мельком		ме'лько'мъ (бѣ'гло, вско'льзь, мимохо'домъ, коро'ткое вре'мя, недо'лго)	 
 	мельник		ме'льникъ	 
 	мельница		ме'льница, на ме'льницѣ, за ме'льницей	 
 	мельничный		ме'льничный (жёрновъ)	 
 	Мельпомена		Мельпоме'на	 
 	мельхиор		мельхіо'ръ (спла'въ мѣ'ди съ ни'келемъ, похо'жій на серебро')	 
 	Мельхиседек		Мельхиседе'къ	 
 	мельчать		мельча'ть	 
 	мельче		ме'льче	 
 	мельчённый		мельчённый	 
 	мельчить		мельчи'ть	 
 	мелю		мелю' (разма'лываю), мѣлю' (мѣ'ломъ)	 
 	мелюзга		мелюзга' (ма'ленькія живы'я существа', мелкота', ме'лочь; лю'ди, незначи'тельныя по обще'ственному и'ли служе'бному положе'нію)	 
 	мелют		ме'лютъ	 
 	мементо мори		меме'нто мо'ри — по'мни сме'рть (лат.)	 
 	Мемнон		Мемно'нъ	 
 	меморабилия		мемораби'лія (собра'ніе предме'товъ, свя'занныхъ съ каки'мъ-нибу'дь извѣ'стнымъ лицо'мъ и'ли собы'тіемъ)	 
 	меморандум		мемора'ндумъ (докуме'нтъ съ изложе'ніемъ взгля'довъ)	 
 	мемориал		меморіа'лъ	 
 	мемория		мемо'рія (за'пись съ кра'ткимъ изложе'ніемъ су'щности како'го-нибу'дь дѣ'ла)	 
 	мемуары		мемуа'ры (литерату'рное произведе'ніе въ фо'рмѣ ли'чныхъ воспомина'ній о собы'тіяхъ про'шлаго)	 
 	Мемфис		Мемфи'съ	 
 	мена		мѣ'на (обмѣ'нъ, промѣ'нъ, вы'мѣнъ, размѣ'нъ, замѣ'нъ)	 
 	менады		мена'ды (вакха'нки, бассари'ды — въ гре'ческой миѳоло'гіи спу'тницы Діони'са)	 
 	менаж		мена'жъ (домово'дство, дома'шнее хозя'йство; продово'льствованіе)	 
 	менажница		мена'жница (блю'до съ перегоро'дками для пода'чи ку'шаній на сто'лъ), ср. кабаре'тница	 
 	менгиръ		менги'ръ (простѣ'йшій мегали'тъ въ ви'дѣ гру'бо обрабо'таннаго ли'бо ди'каго ка'мня, поста'вленнаго вертика'льно)	 
 	Менделеев		Менделѣ'евъ	 
 	Мендес		Менде'съ	 
 	мене		ме'нѣ, ме'нѣе	 
 	менеджер		ме'неджеръ (а та'кже топъ-ме'неджеръ, ди'леръ, бро'керъ, ба'йеръ, суперва'йзеръ, мерчанда'йзеръ, имиджме'йкеръ, хо'стесъ, хедха'нтеръ, маркето'логъ, тре'йдеръ, деве'лоперъ, промо'утеръ, рите'йлеръ, ко'учеръ, джо'бберъ, ріе'лторъ, ска'льперъ, се'йлзменъ, копира'йтеръ, андерра'йтеръ, спичра'йтеръ, рекру'теръ и и'же съ ни'ми... Бо'же! Кто всѣ э'ти лю'ди? :)	 
 	менее		ме'нѣе, наиме'нѣе	 
 	Менелай		Менела'й	 
 	менен		мене'нъ	 
 	менестрель		менестре'ль (бродя'чій пѣве'цъ, музыка'нтъ)	 
 	Мензелинск		Мензели'нскъ	 
 	мензула		ме'нзула (полево'й чертёжный сто'ликъ для топографи'ческихъ съёмокъ)	 
 	мензура		мензу'ра (расчётныя да'нныя для опредѣле'нія размѣ'рныхъ величи'нъ исто'чника зву'ка въ музыка'льныхъ инструме'нтахъ)	 
 	мензурка		мензу'рка (небольшо'й стекля'нный сосу'дъ съ обозна'ченными на нёмъ дѣле'ніями для измѣре'нія объёмовъ жи'дкостей)	 
 	менилит		менили'тъ (кремни'стая поро'да)	 
 	менингит		менинги'тъ (воспале'ніе оболо'чекъ спинно'го и головно'го мо'зга)	 
 	мениск		мени'скъ	 
 	меннониты		меннони'ты (протеста'нтская деномина'ція)	 
 	меновое		мѣново'е	 
 	меновой		мѣново'й, мѣново'го	 
 	меновые		мѣновы'е (м. р.), мѣновы'я (ж. р. и ср. р.)	 
 	меноррагия		менора'гія	 
 	меноррея		менорре'я	 
 	менсальное		менса'льное (имѣ'ніе, дохо'дъ съ кото'раго идётъ мѣ'стному епи'скопу)	 
 	менструация		менструа'ція (мѣ'сячныя)	 
 	ментик		ме'нтикъ (ча'сть обмундирова'нія гуса'ра — коро'ткая ку'ртка съ мѣхово'й опу'шкой)	 
 	ментол		менто'лъ	 
 	ментор		ме'нторъ (наста'вникъ, воспита'тель)	 
 	менуэт		менуэ'тъ (стари'нный францу'зскій ме'дленный та'нецъ)	 
 	Меншиков		Ме'ншиковъ, князь Ме'ншиковъ Алекса'ндръ Дани'ловичъ	 
 	меньшак		меньша'къ (мла'дшій сынъ)	 
 	меньше		ме'ньше	 
 	меньшевик		меньшеви'къ, меньшеви'стскій и прoст. меньшеви'цкій	 
 	меньшего		ме'ньшаго	 
 	меньшее		ме'ньшее	 
 	меньшей		ме'ньшей (по ме'ньшей мѣ'рѣ)	 
 	меньшие		ме'ньшіе (м. р.), ме'ньшія (ж. р. и ср. р.)	 
 	меньший		ме'ньшій и меньшо'й	 
 	Меньшиков		Ме'ньшиковъ, но князь Ме'ншиковъ Алекса'ндръ Дани'ловичъ	 
 	меньшинство		меньшинство', меньши'нствъ, въ меньшинствѣ'	 
 	меню		меню'	 
 	меня		меня', (не мну :)	 
 	меняем		мѣня'емъ	 
 	меняемся		мѣня'емся	 
 	меняет		мѣня'етъ	 
 	меняется		мѣня'ется	 
 	меняешь		мѣня'ешь	 
 	меняешься		мѣня'ешься	 
 	менял		мѣня'лъ, мѣня'лся, мѣня'ла, мѣня'лась, мѣня'ли, мѣня'лись	 
 	меняла		мѣня'ла (тотъ, кто занима'ется размѣ'номъ и'ли обмѣ'номъ де'негъ, а та'кже обмѣ'номъ однѣ'хъ веще'й на другі'я)	 
 	менять		мѣня'ть	 
 	меняться		мѣня'ться	 
 	меняют		мѣня'ютъ	 
 	меняются		мѣня'ются	 
 	меониды		меони'ды (му'зы, покрови'тельницы нау'къ и иску'сствъ)	 
 	меотиды		меоти'ды	 
 	мера		мѣ'ра, въ по'лной мѣ'рѣ	 
 	Мерв		Ме'рвъ	 
 	мервельез		мервелье'зъ (францу'зскій же'нскій наря'дъ, имити'рующій дре'вне-гре'ческую оде'жду)	 
 	мергель		ме'ргель (оса'дочная го'рная поро'да)	 
 	мерёжа		мерёжа, мре'жа (рыболо'вная сна'сть изъ сѣ'тки, натя'нутой на о'бручи)	 
 	мерёжка		мерёжка (узо'рная стро'чка, проши'вка, сдѣ'ланная на мѣ'стѣ вы'дернутыхъ изъ мате'ріи ни'тей)	 
 	Мережковский		Мережко'вскій	 
 	меренга		мере'нга, мери'нга (конди'терское издѣ'ліе изъ запечённыхъ взби'тыхъ бѣлко'въ съ са'харомъ; безе')	 
 	мереть		мере'ть, умере'ть, помере'ть	 
 	мерехлюндия		мерехлю'ндія (хандра')	 
 	мерещится		мере'щится	 
 	мерещиться		мере'щиться	 
 	мерея		мерея', мереи', мере'й, мерея'мъ (есте'ственный рису'нокъ на вы'дѣланной ко'жѣ)	 
 	мерзавец		мерза'вецъ, мерза'вка	 
 	мерзавчик		мерза'вчикъ (са'мая ма'ленькая буты'лка во'дки вмѣсти'мостью въ 1/8 ли'тра)	 
 	мерзее		мерзѣ'е	 
 	мерзейший		мерзѣ'йшій, мерзѣ'йшаго	 
 	мерзеть		мерзѣ'ть (станови'ться ме'рзкимъ)	 
 	мерзить		мерзи'ть (дѣ'лать га'дости, ме'рзости; быть ме'рзкимъ)	 
 	мерзкие		ме'рзкіе (м. р.), ме'рзкія (ж. р. и ср. р.)	 
 	мерзкий		ме'рзкій, ме'рзкаго	 
 	мерзко		ме'рзко	 
 	мерзловатый		мерзлова'тый	 
 	мёрзлый		мёрзлый	 
 	мерзляк		мерзля'къ (чувстви'тельный къ хо'лоду, зя'бкій человѣ'къ), мерзля'чка	 
 	Мерзляков		Мерзляко'въ	 
 	мёрзнуть		мёрзнуть	 
 	мерзок		ме'рзокъ, мерзка'	 
 	мерзопакостный		мерзопа'костный	 
 	мерзость		ме'рзость	 
 	мерзче		ме'рзче	 
 	мёрзший		мёрзшій	 
 	меридиан		меридіа'нъ, меридіа'нный; но меридіона'льный	 
 	меридианный		меридіа'нный, меридіа'ннаго; но меридіона'льный	 
 	меридиональный		меридіона'льный (не меридіана'льный! :), меридіона'льнаго; но меридіа'нный	 
 	Меридово		Мери'дово (о'зеро)	 
 	мерило		мѣри'ло (основа'ніе, мѣ'ра для оцѣ'нки)	 
 	Мериме		Мериме'	 
 	мерин		ме'ринъ (кастри'рованный жеребе'цъ)	 
 	меринос		мерино'съ (поро'да ове'цъ, имѣ'ющихъ то'нкую бѣ'лую ше'рсть)	 
 	меристема		меристе'ма (образова'тельныя тка'ни расте'ній)	 
 	мерить		мѣ'рить и мѣ'рять	 
 	мериться		мѣ'риться и мѣ'ряться	 
 	мерия		ме'рія (расте'ніе)	 
 	мерка		мѣ'рка, по мѣ'ркѣ	 
 	меркантильный		мерканти'льный (ме'лочно-расчётливый, своекоры'стный, торга'шескій)	 
 	меркаптан		меркапта'нъ (тіо'лъ)	 
 	Меркатор		Мерка'торъ	 
 	меркнуть		ме'ркнуть	 
 	Меркурий		Мерку'рій	 
 	мерлан		мерла'нъ (ры'ба изъ поро'ды трески')	 
 	мерлин		мерли'нъ	 
 	мерлон		мерло'нъ (простѣ'нокъ бру'ствера, ча'сть на'сыпи и'ли стѣны' проме'жъ дву'хъ амбразу'ръ)	 
 	мерлушка		мерлу'шка (вы'дѣланная шку'рка ягнёнка грубошёрстной поро'ды ове'цъ)	 
 	мерный		мѣ'рный	 
 	Меровинги		Мерови'нги	 
 	мероприятие		мѣропрія'тіе	 
 	Мерседес		Мерсе'десъ (же'нское и'мя), Мерседе'съ-Бе'нцъ (автомоби'ль)	 
 	мерси		мерси' (спаси'бо, благодарю')	 
 	мертвее		мертвѣ'е	 
 	мёртвенькие		мёртвенькіе (м. р.), мёртвенькія (ж. р. и ср. р.)	 
 	мёртвенький		мёртвенькій, мёртвенькаго	 
 	мёртвенького		мёртвенькаго	 
 	мертветь		мертвѣ'ть	 
 	мертвец		мертве'цъ	 
 	мёртвого		мёртваго	 
 	Мёртвое		Мёртвое (мо'ре)	 
 	мертворождённый		мертворождённый	 
 	мёртвые		мёртвые (м. р.), мёртвыя (ж. р. и ср. р.)	 
 	мёртвый		мёртвый, мёртваго	 
 	мертель		ме'ртель (смѣ'сь для заполне'нія шво'въ огнеупо'рной кла'дки пече'й)	 
 	мерцание		мерца'ніе	 
 	мерцать		мерца'ть	 
 	меряние		мѣ'ряніе	 
 	мерять		мѣ'рять и мѣ'рить	 
 	месиво		мѣ'сиво	 
 	месилка		мѣси'лка	 
 	месить		мѣси'ть	 
 	мескалин		мескали'нъ (нарко'тикъ)	 
 	Месопотамия		Месопота'мія	 
 	месса		ме'сса (католи'ческая обѣ'дня)	 
 	Мессалина		Мессали'на	 
 	Мессения		Мессе'нія	 
 	Мессина		Месси'на	 
 	мессир		месси'ръ, мессе'ръ (обраще'ніе къ имени'тому граждани'ну въ средневѣко'вой Ита'ліи и Фра'нціи)	 
 	мессия		мессі'я (боже'ственный избави'тель, спаси'тель человѣ'чества)	 
 	мессолан		мессола'нъ (тка'нь изъ льна' попола'мъ съ ше'рстью)	 
 	местечко		мѣсте'чко	 
 	местечковый		мѣстечко'вый (провинціа'льный)	 
 	мести		мести' (подмета'ть), чу'вство ме'сти (ме'сть)	 
 	местничество		мѣ'стничество (поря'докъ замѣще'нія вы'сшихъ должносте'й въ зави'симости отъ зна'тности ро'да и должносте'й пре'дковъ)	 
 	местного		мѣ'стнаго	 
 	местное		мѣ'стное	 
 	местность		мѣ'стность	 
 	местные		мѣ'стные (м. р.), мѣ'стныя (ж. р. и ср. р.)	 
 	местный		мѣ'стный, мѣ'стнаго, мѣ'стныхъ (не мѣ'сный!)	 
 	место		мѣ'сто, на мѣ'стѣ, къ мѣ'сту	 
 	местожительство		мѣстожи'тельство	 
 	местоимение		мѣстоиме'ніе	 
 	местонахождение		мѣстонахожде'ніе	 
 	местоположение		мѣстоположе'ніе	 
 	местопребывание		мѣстопребыва'ніе, но мѣ'сто пребыва'нія	 
 	место пребывания		мѣ'сто пребыва'нія, но мѣстопребыва'ніе	 
 	месторождение		мѣсторожде'ніе	 
 	месть		ме'сть, изъ ме'сти, чу'вство ме'сти	 
 	месье		месье', мосье', мсье', мсьё (обраще'ніе къ мужчи'нѣ и'ли фо'рма вѣ'жливаго упомина'нія о нёмъ во Фра'нціи)	 
 	месяц		мѣ'сяцъ, въ мѣ'сяцѣ, мѣ'сяцемъ, мѣ'сяцевъ, мѣ'сяцы	 
 	месяце		въ мѣ'сяцѣ	 
 	месяцев		мѣ'сяцевъ	 
 	месяцеслов		мѣсяцесло'въ (правосла'вный календа'рь, въ кото'ромъ ука'заны имена' святы'хъ по дня'мъ пра'зднованія ихъ па'мяти)	 
 	месячные		мѣ'сячныя (менструа'ція)	 
 	месячный		мѣ'сячный	 
 	мета		мѣ'та, мѣ'тить, мѣ'чу, мѣ'тятъ	 
 	метабола		мета'бола (опуще'ніе бу'квъ ра'ди благозву'чія и'ли ри'ѳмы; мyз. перемѣ'на въ звуковысо'тной структу'рѣ)	 
 	метагенез		метагене'зъ	 
 	метаграмма		метагра'мма (построе'ніе цѣпо'чки сло'вь, гдѣ ка'ждое слѣ'дующее отлича'ется отъ предыду'щаго одно'й бу'квой)	 
 	метает		мета'етъ, мета'емъ, мета'ешь (отъ мета'ть)	 
 	метакритика		метакри'тика (кри'тика уже' разо'браннаго сочине'нія)	 
 	метал		мета'лъ (отъ мета'ть)	 
 	металл		мета'ллъ, въ мета'ллѣ	 
 	металлический		металли'ческій, металли'ческаго	 
 	металлоёмкий		металлоёмкій, металлоёмкаго	 
 	металлорезный		металлорѣ'зный, металлорѣ'знаго	 
 	металлургический		металлурги'ческій, металлурги'ческаго	 
 	метамерия		метамері'я	 
 	метаморфизм		метаморфи'змъ (измѣне'ніе го'рныхъ поро'дъ подъ дѣ'йствіемъ хими'ческихъ и физи'ческихъ причи'нъ)	 
 	метаморфоза		метаморфо'за (коренно'е измѣне'ніе, превраще'ніе)	 
 	метан		мета'нъ (газъ)	 
 	мётан		мётанъ (отъ мета'ть)	 
 	метание		мета'ніе	 
 	метаплазм		метапла'змъ	 
 	метаргон		метарго'нъ	 
 	метаполитика		метаполи'тика (чи'стая филосо'фская госуда'рственная нау'ка)	 
 	метастаз		метаста'зъ (втори'чный оча'гъ болѣ'зни)	 
 	метательный		мета'тельный	 
 	метать		мета'ть, мета'ться, ме'чешь, мечу'	 
 	метафизика		метафи'зика (филосо'фское уче'ніе о сверхчу'вственныхъ, недосту'пныхъ о'пыту и позна'нію нача'лахъ бытія')	 
 	метафора		мета'фора (употребле'ніе сло'ва и'ли выраже'нія въ перено'сномъ значе'ніи, осно'ванное на схо'дствѣ, сравне'ніи, анало'гіи)	 
 	метафраза		метафра'за (переда'ча содержа'нія литерату'рнаго те'кста други'ми слова'ми)	 
 	метацентр		метаце'нтръ	 
 	метацетон		метацето'нъ (вещество' прія'тнаго за'паха, получа'емое отъ перего'нки са'хара съ и'звестью)	 
 	метаю		мета'ю	 
 	мётел		мётелъ	 
 	метёлка		метёлка	 
 	Метелл		Мете'ллъ	 
 	метель		мете'ль и мяте'ль	 
 	метелица		мете'лица	 
 	метельщик		мете'льщикъ (неквалифици'рованный рабо'чій, занима'ющійся мете'ніемъ у'лицъ)	 
 	метём		метёмъ	 
 	метемпсихоз		метемпсихо'зъ, метампсихо'зъ (уче'ніе о переселе'ніи ду'шъ)	 
 	метение		мете'ніе	 
 	метённый		метённый	 
 	метеор		метео'ръ	 
 	метеоризм		метеори'змъ (взду'тіе живота')	 
 	метеорит		метеори'тъ	 
 	метеорология		метеороло'гія	 
 	Метерлинк		Метерли'нкъ	 
 	метёт		метётъ, метёте	 
 	метёшь		метёшь	 
 	метиламин		метилами'нъ	 
 	метилен		метиле'нъ	 
 	метиловый		мети'ловый (спи'ртъ)	 
 	метис		мети'съ (пото'мокъ отъ представи'телей разли'чныхъ человѣ'ческихъ расъ; поро'дъ живо'тныхъ, сорто'въ расте'ній)	 
 	метить		мѣ'тить (ста'вить мѣ'тку)	 
 	метка		мѣ'тка	 
 	мётка		мётка	 
 	меткие		мѣ'ткіе (м. р.), мѣ'ткія (ж. р. и ср. р.)	 
 	меткий		мѣ'ткій — не тотъ, кто ло'вко мета'етъ, а тотъ, кто хорошо' мѣ'титъ, попада'етъ въ мѣ'ту	 
 	метко		мѣ'тко	 
 	метла		метла', на метлѣ'	 
 	мётлы		мётлы	 
 	метнётся		метнётся	 
 	метнутся		метну'тся	 
 	метнуться		метну'ться	 
 	метод		ме'тодъ, ме'тода, о ме'тодѣ	 
 	метода		мето'да, но ме'тода	 
 	методизм		методи'змъ (методи'стская це'рковь)	 
 	методика		мето'дика	 
 	методист		методи'стъ	 
 	методически		методи'чески	 
 	методический		методи'ческій	 
 	методичка		методи'чка	 
 	метоп		мето'пъ	 
 	метр		ме'тръ, въ ме'трѣ	 
 	метраж		метра'жъ	 
 	метранпаж		метранпа'жъ (ста'ршій набо'рщикъ, отвѣча'ющій за вёрстку поло'съ набо'ра въ страни'цы)	 
 	метрдотель		метрдоте'ль, ме'тръ д'оте'ль (офиціа'нтъ-распоряди'тель въ рестора'нѣ), не метродоте'ль!	 
 	метресса		метре'сса (въ буржуа'зно-дворя'нскомъ быту' — любо'вница, содержа'нка)	 
 	метрика		ме'трика	 
 	метрит		метри'тъ	 
 	метрический		метри'ческій	 
 	метрология		метроло'гія	 
 	метроном		метроно'мъ	 
 	метрополия		метропо'лія (госуда'рство по отноше'нію къ свои'мъ коло'ніямъ), не митропо'лія!	 
 	Меттерних		Ме'ттернихъ	 
 	мету		мету'	 
 	метчик		метчи'къ (инструме'нтъ)	 
 	метчик		мѣ'тчикъ (тотъ, кто мѣ'титъ)	 
 	мётчик		мётчикъ (банкомётъ)	 
 	Мефистофель		Мефисто'фель	 
 	мефитис		мефи'тисъ (и'мя ри'мской боги'ни, охраня'вшей отъ вре'дныхъ испаре'ній; э'ти испаре'нія)	 
 	Мефодий		Меѳо'дій	 
 	мех		мѣхъ, о мѣ'хѣ, на мѣху' (издѣ'ліе изъ вы'дѣланной шку'ры пушно'го звѣ'ря)	 
 	мех		мѣхъ, мѣхи' (мѣшо'къ изъ ко'жи, бурдю'къ; устро'йство для пода'чи во'здуха)	 
 	меха		мѣха', въ мѣха'хъ (издѣ'ліе, оде'жда изъ вы'дѣланной шку'ры пушно'го звѣ'ря)	 
 	механизм		механи'змъ, въ механи'змѣ	 
 	механик		меха'никъ, о меха'никѣ	 
 	механика		меха'ника, въ меха'никѣ	 
 	механичен		механи'ченъ	 
 	механически		механи'чески	 
 	механические		механи'ческіе (м. р.), механи'ческія (ж. р. и ср. р.)	 
 	механический		механи'ческій, механи'ческаго	 
 	механического		механи'ческаго	 
 	механическое		механи'ческое	 
 	механургия		механу'ргія (пра'вила примѣне'нія хирурги'ческихъ прибо'ровъ)	 
 	мехи		мѣхи' (мѣшо'къ изъ ко'жи, бурдю'къ; устро'йство для пода'чи во'здуха)	 
 	меховой		мѣхово'й, мѣхова'я, мѣхово'го	 
 	меховушка		мѣхову'шка (отдѣ'лка мѣ'хомъ вальтра'па — покрыва'ла подъ сѣдло'мъ ло'шади)	 
 	меховщик		мѣховщи'къ	 
 	меховые		мѣховы'е (м. р.), мѣховы'я (ж. р. и ср. р.)	 
 	меценат		мецена'тъ (бога'тый покрови'тель нау'къ и иску'сствъ)	 
 	меццо-сопрано		ме'ццо-сопра'но	 
 	меч		мечъ, тв. п. мечёмъ (не мечь!), на мечѣ'	 
 	мечевидный		мечеви'дный	 
 	мечем		ме'чемъ (отъ мета'ть), но мечёмъ (отъ мечъ)	 
 	меченосец		мечено'сецъ	 
 	меченый		мѣ'ченый	 
 	мечет		ме'четъ, ме'чемъ (отъ мета'ть), но мечёмъ (отъ мечъ)	 
 	мечеть		мече'ть	 
 	мечется		ме'чется, ме'четесь, ме'чешься, ме'чутся	 
 	мечик		ме'чикъ	 
 	Мечислав		Мечисла'въ	 
 	мечники		ме'чники	 
 	Мечников		Ме'чниковъ	 
 	мечом		мечёмъ (отъ мечъ), но ме'чемъ (отъ мета'ть)	 
 	мечта		мечта', мечты', въ мечта'хъ (въ мечтѣ' не употребля'лось), къ мечтѣ' (отъ мечты' къ мечтѣ' вита'я); не сбы'ча ме'чтъ!	 
 	мечтает		мечта'етъ, мечта'ютъ, мечта'емъ, мечта'ешь, мечта'ется	 
 	мечтание		мечта'ніе, мечта'нія	 
 	мечтатель		мечта'тель, мечта'телемъ, о мечта'телѣ	 
 	мечтательница		мечта'тельница, мечта'тельницей, о мечта'тельницѣ	 
 	мечтательный		мечта'тельный, мечта'тельнѣе	 
 	мечтаться		мечта'ться, мечта'ется	 
 	мечу		мечу' (броса'ю)	 
 	мечу		мѣ'чу (цѣ'лю, намѣча'ю, ста'влю мѣ'ту)	 
 	Мёша		Мёша	 
 	мешаем		мѣша'емъ	 
 	мешает		мѣша'етъ	 
 	мешаешь		мѣша'ешь	 
 	мешай		мѣша'й	 
 	мешал		мѣша'лъ, мѣша'ла, мѣша'ли, мѣша'ло	 
 	мешалка		мѣша'лка	 
 	мешанина		мѣшани'на	 
 	мешанка		мѣ'шанка	 
 	мешанный		мѣ'шанный	 
 	мешаный		мѣ'шаный	 
 	мешать		мѣша'ть, мѣша'етъ	 
 	мешаю		мѣша'ю	 
 	мешают		мѣша'ютъ	 
 	мешающие		мѣша'ющіе (м. р.), мѣша'ющія (ж. р. и ср. р.)	 
 	мешающий		мѣша'ющій	 
 	мешка		мѣ'шка (смѣ'сь)	 
 	мешкать		мѣ'шкать, мѣ'шканье	 
 	мешковатый		мѣшкова'тый	 
 	мешковина		мѣшкови'на	 
 	мешкотный		мѣ'шкотный (медли'тельный, неторопли'вый)	 
 	мешок		мѣшо'къ, въ мѣшкѣ'	 
 	мешочный		мѣшо'чный, мѣшо'чникъ	 
 	мещане		мѣща'не (податно'е сосло'віе изъ бы'вшихъ поса'дскихъ люде'й — реме'сленники, ме'лкіе торго'вцы и домовладѣ'льцы)	 
 	мещанин		мѣщани'нъ (человѣ'къ, принадлежа'щій къ городско'му реме'сленно-торго'вому сло'ю населе'нія — мѣща'намъ)	 
 	Мещёра		Мещёра, Мещо'ра, Меще'ра	 
 	Мещерский		Меще'рскій	 
 	мещеряки		мещеряки'	 
 	Мещеряков		Мещеряко'въ	 
 	Мещовск		Мещо'вскъ	 
мз 	мздоимец		мздои'мецъ, мздоимце'мъ, о мздои'мцѣ	^
ми 	миазмы		міа'змы (ядови'тыя испаре'нія, га'зы съ дурны'мъ за'пахомъ, образу'ющіяся отъ гніе'нія)	^
 	миалгия		міа'лгія (болевы'я ощуще'нія въ мы'шцахъ)	 
 	мигнёт		мигнётъ	 
 	мигрень		мигре'нь (при'ступы головно'й бо'ли, обы'чно въ одно'й полови'нѣ головы')	 
 	мидель		ми'дель	 
 	мидельдек		мидельде'къ	 
 	мидия		ми'дія (моллю'скъ кла'сса двуство'рчатыхъ, употребля'емый въ пи'щу), ми'діи, ми'діей	 
 	Мидия		Ми'дія	 
 	миелит		міэли'тъ (воспале'ніе спинно'го мо'зга)	 
 	мизандрия		миза'ндрія (отвраще'ніе же'нщины къ мужчи'намъ при психи'ческихъ разстро'йствахъ)	 
 	мизантроп		мизантро'пъ (тотъ, кто ненави'дитъ люде'й, чужда'ется ихъ; человѣконенави'стникъ)	 
 	мизгирь		мизги'рь (пау'къ, ру'сскій тара'нтулъ)	 
 	мизерный		ми'зерный, мизе'рный (жа'лкій, незначи'тельный, ничто'жный)	 
 	мизинец		мизи'нецъ	 
 	Мизия		Ми'зія	 
 	Микале		Микале'	 
 	Микеланджело		Мике'ль-Андже'ло	 
 	Микены		Мике'ны	 
 	микрометр		микро'метръ (инструме'нтъ), микроме'тръ (едини'ца длины')	 
 	микроскоп		микроско'пъ	 
 	микроцефал		микроцефа'лъ, микрокефа'лъ (человѣ'къ съ ненорма'льно ма'ленькой голово'й)	 
 	микстура		миксту'ра	 
 	Микешин		Микѣ'шинъ	 
 	Микула Селянинович		Мику'ла Селяни'новичъ	 
 	миледи		миле'ди (въ А'нгліи: вѣ'жливое обраще'ніе къ заму'жней же'нщинѣ)	 
 	милее		милѣ'е, ми'лое	 
 	милейшие		милѣ'йшіе (м. р.), милѣ'йшія (ж. р. и ср. р.)	 
 	милейший		милѣ'йшій	 
 	милёнок		милёнокъ	 
 	милёночек		милёночекъ	 
 	миленький		ми'ленькій	 
 	Милет		Миле'тъ	 
 	милёшенек		милёшенекъ	 
 	милитаристический		милитаристи'ческій, милитари'стскій	 
 	милиция		мили'ція (вре'менное и'ли зе'мское во'йско: ополче'нье, ра'тники, наро'дная ра'ть)	 
 	Милле		Милле'	 
 	Миллекер		Милле'керъ	 
 	миллениум		милле'ніумъ (тысячелѣ'тіе)	 
 	Миллер		Ми'ллеръ	 
 	миллиард		милліа'рдъ	 
 	миллиардер		милліарде'ръ	 
 	миллиметр		миллиме'тръ	 
 	миллион		милліо'нъ, пoэт. мильо'нъ	 
 	миллионер		милліоне'ръ	 
 	милое		ми'лое, ми'лаго	 
 	милосердный		милосе'рдный и милосе'рдый	 
 	милостив		ми'лостивъ и ми'лостливъ	 
 	милостивого		ми'лостиваго	 
 	милостивые		ми'лостивые (м. р. — госуда'ри), ми'лостивыя (ж. р. и ср. р. — госуда'рыни)	 
 	милые		ми'лые (м. р.), ми'лыя (ж. р. и ср. р.)	 
 	мимезис		миме'зисъ (стремле'ніе къ максима'льно то'чному, объекти'вному изображе'нію въ скульпту'рѣ, поэ'зіи, му'зыкѣ)	 
 	мимеограф		мимеогра'фъ (рота'торъ, маши'на трафаре'тной печа'ти)	 
 	миметизм		мимети'змъ (одна' изъ фо'рмъ мими'кріи)	 
 	мимоездом		мимоѣ'здомъ	 
 	мимоезжий		мимоѣ'зжій	 
 	мимолётнее		мимолётнѣе	 
 	мимолётные		мимолётные (м. р.), мимолётныя (ж. р. и ср. р.)	 
 	мимолётный		мимолётный, мимолётнаго, мимолётное	 
 	мимолётом		мимолётомъ	 
 	мимошедший		мимоше'дшій	 
 	Минаев		Мина'евъ	 
 	минарет		минаре'тъ, въ минаре'тѣ	 
 	Мингрелия		Мингре'лія	 
 	миндалевидный		миндалеви'дный	 
 	миндалём		миндалёмъ	 
 	минерал		минера'лъ	 
 	Минеральные Воды		Минера'льныя во'ды	 
 	минёр		минёръ	 
 	Минерва		Мине'рва	 
 	минет		ми'нетъ, мину'етъ	 
 	минея		мине'я (церко'вная кни'га съ те'кстами церко'вныхъ слу'жбъ, полага'ющихся на ка'ждый де'нь мѣ'сяца)	 
 	миниатюра		миніатю'ра	 
 	министерство		министе'рство, въ министе'рствѣ	 
 	миннезингер		миннези'нгеръ (нѣме'цкій средневѣко'вый поэ'тъ-пѣве'цъ, представи'тель ры'царской, преиму'щественно любо'вной ли'рики)	 
 	Миннесота		Миннезо'та	 
 	миновать		минова'ть	 
 	миномёт		миномётъ	 
 	миноносец		миноно'сецъ, миноно'сцемъ	 
 	минувшего		мину'вшаго	 
 	минувшее		мину'вшее, о мину'вшемъ	 
 	минувшие		мину'вшіе (м. р.), мину'вшія (ж. р. и ср. р.)	 
 	минувший		мину'вшій, мину'вшаго, мину'вшимъ лѣ'томъ	 
 	минует		мину'етъ, мину'ешь, ми'нетъ	 
 	минус		ми'нусъ, въ ми'нусѣ	 
 	минута		мину'та, въ мину'тѣ	 
 	Минчио		Ми'нчіо	 
 	миньонет		миньоне'тъ (оригина'льная твёрдая стихотво'рная фо'рма, со'зданная въ нача'лѣ XX вѣ'ка И. Сѣверя'нинымъ)	 
 	миограф		міогра'фъ (прибо'ръ, регистри'рующій частоту' сокраще'нія мы'шцъ)	 
 	миозин		міози'нъ	 
 	миозит		міози'тъ (воспали'тельное пораже'ніе скеле'тной мускулату'ры)	 
 	миология		міоло'гія (уче'ніе о мы'шцахъ)	 
 	миома		міо'ма	 
 	миопия		міопі'я	 
 	миоцен		міоце'нъ	 
 	мир		міръ — свѣтъ, вселе'нная, во всёмъ мі'рѣ, но миръ — поко'й, отсу'тствіе войны', жить въ ми'рѣ, мі'ру — ми'ръ	 
 	мира		ми'ра (опти'ческое приспособле'ніе)	 
 	мирабель		мирабе'ль (со'ртъ сли'вы съ ме'лкими кислова'тыми плода'ми жёлтаго цвѣ'та)	 
 	мираж		мира'жъ	 
 	мирволение		мирво'леніе, мирво'ленье, мирво'лить (дава'ть побла'жку, попусти'тельствовать, балова'ть)	 
 	Миргород		Ми'ргородъ	 
 	мирение		мире'ніе, мире'нье	 
 	мириады		миріа'ды (безчи'сленное мно'жество)	 
 	Мириар		Миріа'ръ	 
 	миритель		мири'тель	 
 	мирно		ми'рно, ми'рный	 
 	мирного		ми'рнаго	 
 	мирное		ми'рное	 
 	мирные		ми'рные (м. р.), ми'рныя (ж. р. и ср. р.)	 
 	мирный		ми'рный, но всемі'рный	 
 	миро		ми'ро, мѵ'ро (церк. — ма'сло съ аромати'ческими вещества'ми, употребля'емое при нѣ'которыхъ христіа'нскихъ обря'дахъ)	 
 	мировая		мірова'я (война'); мирова'я (ми'рное рѣше'ніе тя'жбы — пойти' на мирову'ю)	 
 	мировоззрение		міровоззрѣ'ніе	 
 	мировое		мірово'е (на весь міръ); мирово'е (соглаше'ніе)	 
 	мировой		мірово'й (на весь міръ), мірово'го, мірово'е	 
 	мировой		мирово'й (судья' — тотъ, кто примиря'етъ), мирово'го, мирово'е	 
 	мироед		міроѣ'дъ (тотъ, кто живётъ чужи'мъ трудо'мъ; эксплоата'торъ)	 
 	мироздание		мірозда'ніе (вселе'нная, міръ, ко'смосъ)	 
 	миролюбие		миролю'біе	 
 	миром		ми'ромъ (поко'емъ), мі'ромъ (вселе'нной), мѵ'ромъ (пома'заніе)	 
 	мироносицы		мѵроно'сицы (же'нщины, приноси'вшія мѵ'ро для пома'занія тѣ'ла Христа')	 
 	мироощущение		міроощуще'ніе	 
 	Мирополье		Миропо'лье	 
 	миропомазание		миропома'заніе и мѵропома'заніе (обря'дъ, заключа'ющійся въ крестообра'зномъ пома'заніи мѵ'ромъ)	 
 	Мирослав		Миросла'въ	 
 	мирра		ми'рра, ми'рро, сми'рна (аромати'ческая смола')	 
 	Мирра		Ми'рра (и'мя)	 
 	мирской		мірско'й (свя'занный со свѣ'тской жи'знью и не имѣ'ющій отноше'нія къ религіо'зной, духо'вной жи'зни)	 
 	мирта		ми'рта, миртъ	 
 	миру мир		мі'ру ми'ръ (вселе'нной — поко'й)	 
 	Миры Ликийские		Мѵ'ры Лѵкі'йскіе (церк.), Мѵ'ры Ликі'йскіе	 
 	миры		міры' (во вселе'нной), война' міро'въ	 
 	мирянин		міря'нинъ (живу'щій мірско'й жи'знью; се'льскій, дереве'нскій жи'тель, чле'нъ о'бщины, мі'ра)	 
 	миссионер		миссіоне'ръ (церко'вный посла'нникъ-агита'торъ)	 
 	мистер		ми'стеръ (фо'рма вѣ'жливаго упомина'нія и'ли обраще'нія къ мужчи'нѣ въ англоязы'чныхъ стра'нахъ)	 
 	мистерия		мисте'рія (та'инство, систе'ма ку'льтовыхъ обря'довъ; религіо'зная дра'ма на библе'йскій сюже'тъ)	 
 	мистификация		мистифика'ція (намѣ'ренное введе'ніе кого'-либо въ заблужде'ніе, въ обма'нъ)	 
 	мистические		мисти'ческіе (м. р.), мисти'ческія (ж. р. и ср. р.)	 
 	мистический		мисти'ческій	 
 	мистического		мисти'ческаго	 
 	мистическое		мисти'ческое	 
 	митенки		мите'нки (дли'нныя перча'тки съ обрѣ'занными па'льцами)	 
 	митральеза		митралье'за (скорострѣ'льная пу'шка, стрѣля'ющая карте'чью)	 
 	митрополит		митрополи'тъ (вы'сшій духо'вный ти'тулъ, дава'емый архіепи'скопамъ главнѣ'йшихъ епа'рхій), митрополи'тскій, митрополи'чій	 
 	Митрофан		Митрофа'нъ	 
 	миттель		ми'ттель, ми'тель (сре'дній набо'ръ и'ли шри'фтъ въ печа'тняхъ)	 
 	Миттермайер		Миттерма'йеръ	 
 	Митчелл		Ми'тчеллъ	 
 	Миус		Міу'съ	 
 	миф		миѳъ	 
 	мифический		миѳи'ческій	 
 	мифология		миѳоло'гія	 
 	Михаил		Михаи'лъ, Миха'йловна	 
 	Михайла		Миха'йла	 
 	Михайлович		Миха'йловичъ (не Михаи'ловичъ!)	 
 	Михайловна		Миха'йловна (не Михаи'ловна!)	 
 	Михеев		Михе'евъ Михе'й Михе'евичъ, о Михе'евѣ Михе'ѣ Михе'евичѣ (ра'нѣе Михѣ'евъ Михѣ'й Михѣ'евичъ, о Михѣ'евѣ Михѣ'ѣ Михѣ'евичѣ)	 
 	Михей		Михе'й, о Михе'ѣ (ра'нѣе Михѣ'й, о Михѣ'ѣ)	 
 	мицелий		мице'лій (грибни'ца)	 
 	Мицкевич		Мицке'вичъ	 
 	мишень		мише'нь	 
 	Мишле		Мишле'	 
 	мишура		мишура'	 
мл 	младенец		младе'нецъ, о младе'нцѣ, младе'нцемъ, младе'нца	^
 	младенчество		младе'нчество, въ младе'нчествѣ, младе'нческій	 
 	младёхонький		младёхонькій	 
 	младёшенький		младёшенькій	 
 	младше		мла'дше	 
 	младшего		мла'дшаго	 
 	младшее		мла'дшее	 
 	младшеклассник		младшекла'ссникъ	 
 	младшенький		мла'дшенькій	 
 	младшие		мла'дшіе (м. р.), мла'дшія (ж. р. и ср. р.)	 
 	младший		мла'дшій, мла'дшаго	 
 	млеко		мле'ко (молоко') — уcтap.	 
 	млекопитающее		млекопита'ющее (живо'тное)	 
 	млекопитающие		млекопита'ющія (живо'тныя)	 
 	млеть		млѣть, млѣ'ешь, млѣ'ютъ	 
 	млечник		мле'чникъ (назва'ніе мно'гихъ расте'ній съ моло'чными и'ли цвѣтны'ми густова'тыми со'ками)	 
 	млечный		мле'чный (бѣ'лый, цвѣ'та молока')	 
 	Млечный		Мле'чный Путь (скопле'ніе звѣ'здъ, ви'димое какъ полоса', пересѣка'ющая небе'сный сво'дъ)	 
мн 	мне		мнѣ, (не мну :)	^
 	мнём		мнёмъ	 
 	мнёмся		мнёмся	 
 	Мнемозина		Мнемози'на	 
 	мнемоника		мнемо'ника (запомина'ніе путёмъ созда'нія иску'сственныхъ ассоціа'цій)	 
 	мнемотехника		мнемоте'хника (цирково'й жа'нръ — отга'дываніе заду'манныхъ чи'селъ, назва'ній предме'товъ, постро'енное на осно'вѣ мнемо'ники)	 
 	мнение		мнѣ'ніе, мнѣ'нія, при своёмъ мнѣ'ніи, по мнѣ'нію, со свои'мъ мнѣ'ніемъ, во мнѣ'ніяхъ	 
 	мнёшься		мнёшься	 
 	мнительный		мни'тельный	 
 	многая		мно'гая лѣ'та (церк.)	 
 	многие		мно'гіе (м. р.), мно'гія (ж. р. и ср. р.), но мно'гая лѣ'та (церк.)	 
 	многий		мно'гій	 
 	многовёрстный		многовёрстный	 
 	многого		мно'гаго	 
 	многогрешный		многогрѣ'шный	 
 	многодетный		многодѣ'тный	 
 	многодневный		многодне'вный	 
 	многое		мно'гое	 
 	многоженец		многоже'нецъ	 
 	многожёнство		многожёнство	 
 	многозвёздный		многозвѣ'здный	 
 	многоземельный		многоземе'льный	 
 	многоклеточный		многоклѣ'точный, многоклѣ'тный	 
 	многоколенный		многоколѣ'нный	 
 	многолетие		многолѣ'тіе	 
 	многообещающего		многообѣща'ющаго	 
 	многообещающий		многообѣща'ющій, многообѣща'ющаго	 
 	многообразие		многообра'зіе	 
 	многоречие		многорѣ'чіе	 
 	многосемейный		многосеме'йный	 
 	многоточие		многото'чіе	 
 	многотрудного		многотру'днаго	 
 	многотрудное		многотру'дное	 
 	многотрудные		многотру'дные (м. р.), многотру'дныя (ж. р. и ср. р.)	 
 	многотрудный		многотру'дный, многотру'днаго, многотру'денъ	 
 	многоуважаемый		многоуважа'емый	 
 	многоцветный		многоцвѣ'тный	 
 	многоценный		многоцѣ'нный	 
 	многочисленный		многочи'сленный	 
 	многочлен		многочле'нъ	 
 	множественный		мно'жественный, мно'жественнаго, мно'жественное	 
 	множество		мно'жество, во мно'жествѣ, мно'жественный	 
мо 	Моавия		Моа'вія	^
 	мобилизация		мобилиза'ція	 
 	мовеин		мове'инъ (анили'новый краси'тель)	 
 	моветон		мовето'нъ (дурно'й тонъ, невоспи'танность)	 
 	могель		мо'гель	 
 	Могер		Мо'геръ	 
 	могера		моге'ра (уссурі'йскій кро'тъ)	 
 	могила		моги'ла	 
 	Могилёв		Могилёвъ	 
 	мог ли		могъ-ли	 
 	могуче		могу'че	 
 	могучего		могу'чаго	 
 	могучее		могу'чее	 
 	могучие		могу'чіе (м. р.), могу'чія (ж. р. и ср. р.)	 
 	могучий		могу'чій, могу'чаго	 
 	моделирование		модели'рованіе	 
 	модель		моде'ль	 
 	модельер		моделье'ръ	 
 	моден		мо'денъ (отъ мо'дный), мо'дна и модна'	 
 	Модена		Моде'на	 
 	модератор		модера'торъ (заглуши'тель зву'ка въ музыка'льныхъ инструме'нтахъ; посре'дникъ, арби'тръ)	 
 	модерация		модера'ція	 
 	модерн		моде'рнъ (направле'ніе въ прикладно'мъ иску'сствѣ и архитекту'рѣ)	 
 	модернизация		модерниза'ція	 
 	модернизировать		модернизи'ровать	 
 	модернизм		модерни'змъ	 
 	модернист		модерни'стъ	 
 	модернистский		модерни'стскій	 
 	Модест		Моде'стъ	 
 	модификация		модифика'ція	 
 	моднее		моднѣ'е	 
 	модного		мо'днаго	 
 	модное		мо'дное, мо'днаго, мо'денъ, моднѣ'е, мо'дна и модна'	 
 	модные		мо'дные (м. р.), мо'дныя (ж. р. и ср. р.)	 
 	моё		моё, моего', мое'й, моему', моёмъ	 
 	моевка		мо'евка (поля'рная пти'ца семе'йства ча'екъ)	 
 	моего		моего'	 
 	моей		мое'й, мое'ю	 
 	моем		мо'емъ (отъ мыть)	 
 	моём		моёмъ	 
 	моему		моему', но по-мо'ему	 
 	может		мо'жетъ, мо'жемъ, мо'жешь, мо'гутъ	 
 	может быть		мо'жетъ-быть	 
 	можете		мо'жете (не мо'жите!)	 
 	может статься		мо'жетъ-ста'ться	 
 	можется		мо'жется (уcтaр. отъ мо'чь)	 
 	можешь		мо'жешь	 
 	можжевёловка		можжевёловка (во'дка, насто'янная на я'годахъ можжеве'льника), но можжеве'льникъ	 
 	можжевёловый		можжевёловый (но можжеве'льникъ)	 
 	можжевельник		можжеве'льникъ	 
 	мозаика		моза'ика	 
 	Мозель		Мо'зель	 
 	мозжечок		мозжечо'къ	 
 	мозоль		мозо'ль	 
 	Моисей		Моисе'й, Моисе'евъ	 
 	Мокей		Моке'й	 
 	Мокий		Мо'кій, Моке'й	 
 	мокрень		мо'крень (сы'рость, вла'жность)	 
 	мокренький		мо'кренькій	 
 	мокрёхонький		мокрёхонькій	 
 	мокрец		мокре'цъ (мо'крый лиша'й на коне'чностяхъ у лошаде'й и кру'пнаго рога'таго скота')	 
 	мокрёшенек		мокрёшенекъ	 
 	мокрица		мокри'ца (расте'ніе; живо'тное)	 
 	мокрядь		мо'кредь, мо'крядь, мо'крѣть (сы'рость, гря'зь, дождли'вая пого'да)	 
 	Молдавия		Молда'вія	 
 	молебен		моле'бенъ (кра'ткое богослуже'ніе)	 
 	молебствие		моле'бствіе (моле'бенъ)	 
 	молевые		мо'левыя (бабочки)	 
 	молекула		моле'кула	 
 	молельня		моле'льня, род. п. мн. ч. моле'ленъ	 
 	моление		моле'ніе	 
 	Молешотт		Молешо'ттъ	 
 	молибден		молибде'нъ	 
 	молитва		моли'тва, въ моли'твѣ	 
 	молитвенник		моли'твенникъ	 
 	молитвенно		моли'твенно	 
 	молитвенный		моли'твенный	 
 	молится		мо'лится, мо'литесь, моли'тесь	 
 	молиться		моли'ться	 
 	молниеносный		молніено'сный (не молнено'сный!)	 
 	молния		мо'лнія, мо'лніи, мо'лніей	 
 	молодеет		молодѣ'етъ, молодѣ'емъ, молодѣ'ешь, молодѣ'ютъ, но моло'денькій	 
 	молодёжного		молодёжнаго	 
 	молодёжное		молодёжное	 
 	молодёжные		молодёжные (м. р.), молодёжныя (ж. р. и ср. р.)	 
 	молодёжный		молодёжный, молодёжнаго	 
 	молодёжь		молодёжь	 
 	молоденький		моло'денькій, но молодѣ'ть	 
 	молодеть		молодѣ'ть, но моло'денькій	 
 	молодёхонький		молодёхонькій	 
 	молодец		молоде'цъ, молодцо'въ (похвала') и мо'лодецъ, мо'лодцевъ (молодо'й удале'цъ)	 
 	молодёшенек		молодёшенекъ	 
 	молодое		молодо'е	 
 	молодожёны		молодожёны	 
 	молодой		молодо'й, молодо'го	 
 	молодцеватый		молодцева'тый	 
 	молодые		молоды'е (м. р.), молоды'я (ж. р. и ср. р.)	 
 	моложе		моло'же	 
 	молоки		моло'ки, моло'ка, въ моло'кѣ (сѣменна'я жи'дкость рыбъ)	 
 	молоко		молоко', въ молокѣ'	 
 	молокоприёмный		молокопріёмный	 
 	молотобоец		молотобо'ецъ	 
 	молоть		моло'ть, ме'лешь, ме'летъ, ме'лете, ме'лемъ	 
 	молотьба		молотьба'	 
 	молочного		моло'чнаго	 
 	молочное		моло'чное	 
 	молочные		моло'чные (м. р.), моло'чныя (ж. р. и ср. р.)	 
 	молочный		моло'чный, моло'чнаго	 
 	молчаливое		молчали'вое, молчали'ваго	 
 	молчаливые		молчали'вые (м. р.), молчали'выя (ж. р. и ср. р.)	 
 	молчание		молча'ніе, въ молча'ніи, молча'ніемъ, за'говоръ молча'нія	 
 	мольберт		мольбе'ртъ (подста'вка для подра'мника съ холсто'мъ, карто'на или доски' для рабо'ты худо'жника)	 
 	Мольер		Молье'ръ	 
 	Мольтке		Мо'льтке	 
 	Мольфетта		Мольфе'тта	 
 	молю		молю', мо'лишь	 
 	молящая		моля'щая	 
 	молящаяся		моля'щаяся	 
 	моляще		моля'ще	 
 	молящегося		моля'щагося	 
 	молящее		моля'щее	 
 	молящие		моля'щіе (м. р.), моля'щія (ж. р. и ср. р.)	 
 	молящиеся		моля'щіеся	 
 	молящий		моля'щій	 
 	молящийся		моля'щійся	 
 	момент		моме'нтъ, о моме'нтѣ	 
 	моментального		момента'льнаго	 
 	моментальные		момента'льные (м. р.), момента'льныя (ж. р. и ср. р.)	 
 	моментальный		момента'льный, момента'льнаго	 
 	моментом		моме'нтомъ	 
 	Момзен		Мо'мзенъ	 
 	монарх		мона'рхъ	 
 	монархист		монархи'стъ	 
 	монархический		монархи'ческій, монархи'ческаго	 
 	монархия		мона'рхія	 
 	монастырём		монастырёмъ	 
 	монастырь		монасты'рь, въ монастырѣ'	 
 	монах		мона'хъ, о мона'хѣ	 
 	монахиня		мона'хиня, о мона'хинѣ	 
 	монашенка		мона'шенка, о мона'шенкѣ	 
 	монашество		мона'шество, въ мона'шествѣ	 
 	Монголия		Монго'лія	 
 	Монгольфье		Монгольфье'	 
 	монгольфьер		монгольфье'ръ (возду'шный ша'ръ, напо'лненный нагрѣ'тымъ во'здухомъ)	 
 	монеры		моне'ры (гру'ппа примити'вныхъ органи'змовъ)	 
 	монета		моне'та, на моне'тѣ	 
 	монизм		мони'змъ (филосо'фское уче'ніе)	 
 	монисто		мони'сто (ожере'лье изъ моне'тъ, бусъ или разноцвѣ'тныхъ камне'й)	 
 	монограмма		моногра'мма (сплетённыя въ ви'дѣ ве'нзеля нача'льныя бу'квы и'мени и фами'ліи)	 
 	монография		моногра'фія (нау'чный тру'дъ, посвящённый изуче'нію одно'й те'мы, одного' вопро'са)	 
 	монолит		моноли'тъ	 
 	монолог		моноло'гъ, въ моноло'гѣ	 
 	мономер		мономе'ръ	 
 	монополия		монопо'лія	 
 	монорифм		монори'ѳмъ (сти'хъ, въ кото'ромъ всѣ стро'ки риѳму'ются ме'жду собо'й)	 
 	монотеизм		монотеи'змъ, моноѳеи'змъ (единобо'жіе)	 
 	монотонный		моното'нный	 
 	монофелиты		монофели'ты (сторо'нники религіо'зно-филосо'фскаго уче'нія, сложи'вшагося въ VII вѣ'кѣ въ Византі'и)	 
 	монпансье		монпансье' (со'ртъ фрукто'выхъ леденцо'въ)	 
 	Монпердю		Монпердю'	 
 	Монреаль		Монреа'ль	 
 	Монрепо		Монрепо'	 
 	монсеньор		монсеньо'ръ (оди'нъ изъ ти'туловъ вы'сшаго католи'ческаго духове'нства)	 
 	монтажёр		монтажёръ	 
 	Монтевидео		Монтевиде'о	 
 	Монте-Карло		Мо'нте-Ка'рло	 
 	Монте-Кристо		Мо'нте-Кри'сто	 
 	монтекристо		монтекри'сто (систе'ма мелкокали'берныхъ ру'жей и пистоле'товъ)	 
 	монтёр		монтёръ	 
 	Монтескьё		Монтескьё	 
 	монумент		монуме'нтъ	 
 	Моравия		Мора'вія	 
 	моргнёшь		моргнёшь	 
 	море		мо'ре, идёмъ куда'? — въ мо'ре, но идёмъ гдѣ? — въ мо'рѣ	 
 	морей		море'й, моря'ми	 
 	морель		море'ль, море'ла (поро'да сла'дкой, кру'пной ви'шни)	 
 	морем		мо'ремъ (идти' мо'ремъ), но мо'римъ (мори'ть)	 
 	морена		море'на (скопле'ніе несортиро'ваннаго обло'мочнаго матеріа'ла, переноси'маго и'ли отло'женнаго ледника'ми)	 
 	морёная		морёная (древеси'на, вы'держанная въ водѣ' и пріобрѣ'тшая тёмный цвѣ'тъ, твёрдость, про'чность)	 
 	морение		море'ніе (мори'ть)	 
 	моренный		море'нный (отъ море'на)	 
 	морённый		морённый (морённыя я'домъ кры'сы)	 
 	морёный		морёный (морёный дубъ — вы'держанный въ водѣ')	 
 	мореплаватель		морепла'ватель, морепла'вателемъ, о морепла'вателѣ	 
 	мореход		морехо'дъ, о морехо'дѣ	 
 	Морзе		Мо'рзе	 
 	мористее		мори'стѣе	 
 	морить		мори'ть, морю', мори'шь, морённый, морёнъ, морена', морено'	 
 	мороженица		моро'женица (прибо'ръ для приготовле'нія моро'женого)	 
 	мороженный		моро'женный (прич.), моро'женый (прил.)	 
 	мороженое		моро'женое (ла'комство), но моро'женное (мя'со)	 
 	мороженый		моро'женый (прил.), моро'женный (прич.)	 
 	мороз		моро'зъ, на моро'зѣ	 
 	морозец		моро'зецъ, на моро'зцѣ, моро'зцемъ, моро'зцевъ	 
 	морозище		моро'зище	 
 	морознее		моро'знѣе	 
 	морозного		моро'знаго	 
 	морозное		моро'зное	 
 	морозные		моро'зные (м. р.), моро'зныя (ж. р. и ср. р.)	 
 	моросить		мороси'ть	 
 	морочение		моро'ченіе	 
 	морочить		моро'чить, моро'чу, моро'чишь	 
 	морошка		моро'шка	 
 	морские		морскі'е (м. р.), морскі'я (ж. р. и ср. р.)	 
 	морское		морско'е, морско'го	 
 	Мортимер		Мортиме'ръ	 
 	Мортье		Мортье'	 
 	Морфей		Морфе'й	 
 	морфема		морфе'ма	 
 	морфий		мо'рфій	 
 	морфология		морфоло'гія (нау'ка о фо'рмѣ и строе'ніи чего'-либо; раздѣ'лъ грамма'тики, изуча'ющій фо'рмы сло'въ)	 
 	морщеватый		морщева'тый	 
 	мосечка		мо'сечка	 
 	москательный		москате'льный, москоти'льный (кра'ски, клей, непищево'е ма'сло и другі'я хими'ческія вещества' какъ предме'тъ торго'вли въ москате'льной ла'вкѣ)	 
 	Москва		Москва', въ Москвѣ'	 
 	Москва-река		Москва'-река', на Москвѣ'-рекѣ'	 
 	москвитяне		москвитя'не	 
 	москворецкий		москворѣ'цкій, замоскворѣ'цкій	 
 	московские		моско'вскіе (м. р.), моско'вскія (ж. р. и ср. р.)	 
 	московский		моско'вскій, моско'вское, моско'вскаго	 
 	мосточек		мосто'чекъ	 
 	мотнёмся		мотнёмся	 
 	мотнёшься		мотнёшься	 
 	мотострелковый		мотострѣлко'вый	 
 	мотоциклет		мотоцикле'тъ, мотоцикле'тка	 
 	мотоциклетка		мотоцикле'тка	 
 	мотылёк		мотылёкъ	 
 	мохер		мохеръ, моге'ръ (пло'тная тка'нь изъ анго'рской ше'рсти)	 
 	Мохаммед		Мохамме'дъ	 
 	мохнатеть		мохна'тѣть, мохна'тѣю, мохна'тѣетъ (стано'вится мохна'тымъ); но мохна'тить (кого'-либо)	 
 	мохнатое		мохна'тое	 
 	мохнатые		мохна'тые (м. р.), мохна'тыя (ж. р. и ср. р.)	 
 	мохначенье		мохна'ченье	 
 	моцион		моціо'нъ (ходьба', прогу'лка для укрѣпле'нія здоро'вья и'ли для о'тдыха), въ своёмъ у'треннемъ моціо'нѣ	 
 	моча		моча', въ мочѣ'	 
 	мочалка		моча'лка	 
 	мочевина		мочеви'на	 
 	мочегонное		мочего'нное	 
 	мочение		моче'ніе	 
 	моченный		мо'ченный	 
 	мочёный		мочёный	 
 	мочеприёмник		мочепріёмникъ	 
 	мошенник		моше'нникъ (не моше'йникъ!)	 
 	мошеннический		моше'нническій (не моше'йническій!)	 
 	мошна		мошна' (мѣшо'къ для де'негъ, кошелёкъ; бога'тство — туга'я мошна', трясти' мошно'й)	 
 	мощей		моще'й (отъ мо'щи — въ день обрѣте'нія моще'й преподо'бнаго Се'ргія Радо'нежскаго)	 
 	мощение		моще'ніе	 
 	мощёный		мощёный	 
мр 	мракобес		мракобѣ'съ (я'рый вра'гъ прогре'сса, культу'ры, просвѣще'нія, нау'ки; реакціоне'ръ, обскура'нтъ)	^
 	мракобесие		мракобѣ'сіе (взгля'ды и о'бразъ дѣ'йствій мракобѣ'совъ)	 
 	Мраморное		Мра'морное (мо'ре)	 
 	мрачен		мра'ченъ	 
 	мрачнее		мрачнѣ'е	 
 	мрачнеет		мрачнѣ'етъ, мрачнѣ'ете, мрачнѣ'емъ, мрачнѣ'ешь, мрачнѣ'ютъ	 
 	мрачнейший		мрачнѣ'йшій, мрачнѣ'йшаго	 
 	мрачнеть		мрачнѣ'ть	 
 	мрачного		мра'чнаго	 
 	мрачное		мра'чное	 
 	мрачные		мра'чные (м. р.), мра'чныя (ж. р. и ср. р.)	 
 	мрёт		мрётъ	 
 	мреть		мрѣ'ть (перелива'ться, струи'ться, образу'я ма'рево — о нагрѣ'томъ со'лнцемъ во'здухѣ), мрѣ'етъ, мрѣ'ніе, мрѣ'ющій	 
мс 	Мстёра		Мстёра	^
 	мститель		мсти'тель	 
му 	мудрее		мудрѣ'е, мудрѣ'йшій	^
 	мудрён		мудрёнъ, мудрена', мудрены', мудрено'	 
 	мудренький		му'дренькій	 
 	мудренее		мудренѣ'е (то'лько въ у'тро ве'чера мудренѣ'е)	 
 	мудрёнее		мудрёнѣе	 
 	мудрёное		мудрёное	 
 	мудрёные		мудрёные (м. р.), мудрёныя (ж. р. и ср. р.)	 
 	мудрёный		мудрёный	 
 	мудрец		мудре'цъ, о мудрецѣ'	 
 	мудрое		му'дрое, му'драго	 
 	мудрые		му'дрые (м. р.), му'дрыя (ж. р. и ср. р.)	 
 	муж		мужъ (объѣ'лся гру'шъ :), о му'жѣ, му'жемъ, муженёкъ, муже'й; мн. мужья' (супру'ги), мужи' (мужчи'ны, дѣ'ятели)	 
 	мужеложец		мужело'жецъ	 
 	мужеложство		мужело'жство, мужело'жество (педера'стія, гомосексуали'змъ)	 
 	муженёк		муженёкъ	 
 	мужественный		му'жественный	 
 	мужество		му'жество	 
 	мужик		мужи'къ, о мужикѣ', мужи'чій	 
 	мужицкие		мужи'цкіе (м. р.), мужи'цкія (ж. р. и ср. р.)	 
 	мужицкий		мужи'цкій, мужи'цкаго, мужи'цкое, по-мужи'цки	 
 	мужичок		мужичо'къ	 
 	мужичье		мужи'чье	 
 	мужичьё		мужичьё	 
 	мужнин		му'жнинъ	 
 	мужского		мужско'го (ра'нѣе мужска'го), но му'жескаго ро'да (грам.), му'жескаго по'ла (офиц.), му'жескій родъ (грам.), му'жескій полъ (офиц.)	 
 	мужской		мужско'й, по-мужски', мужско'го (ранѣе мужска'го), но му'жескій родъ (грам.), му'жескій полъ (офиц.), му'жескаго ро'да (грам.), му'жескаго по'ла (офиц.)	 
 	мужчина		мужчи'на, о мужчи'нѣ	 
 	музей		музе'й, въ музе'ѣ, музе'емъ, музе'евъ, музе'ями, о музе'яхъ	 
 	музейного		музе'йнаго	 
 	музейное		музе'йное	 
 	музейные		музе'йные (м. р.), музе'йныя (ж. р. и ср. р.)	 
 	музейный		музе'йный, музе'йнаго	 
 	музыкальное		музыка'льное	 
 	музыкальные		музыка'льные (м. р.), музыка'льныя (ж. р. и ср. р.)	 
 	Мукден		Мукде'нъ	 
 	мулета		муле'та	 
 	мулине		мулине' (со'ртъ цвѣтны'хъ ни'токъ для вышива'нія)	 
 	мумиё		муміё (вещество' есте'ственнаго происхожде'нія, вытека'ющее изъ расще'линъ ска'лъ, испо'льзуемое въ наро'дной медици'нѣ)	 
 	мумия		му'мія, му'міей	 
 	мундштук		мундшту'къ и мушту'къ	 
 	муниципалитет		муниципалите'тъ, въ муниципалите'тѣ	 
 	Муонио		Муо'ніо	 
 	муравей		мураве'й, о муравьѣ'	 
 	муравейник		мураве'йникъ, въ мураве'йникѣ	 
 	Муравьёв		Муравьёвъ	 
 	муравьед		муравьѣ'дъ	 
 	мурена		муре'на (родъ рыбъ изъ семе'йства угрёвыхъ)	 
 	Муром		Му'ромъ, въ Му'ромѣ, му'ромецъ	 
 	мускатель		мускате'ль (со'ртъ сла'дкаго виногра'днаго вина')	 
 	мускулолёт		мускулолётъ	 
 	мусороприёмный		мусоропріёмный	 
 	муссон		муссо'нъ (вѣ'теръ, періоди'чески мѣня'ющій своё направле'ніе)	 
 	мусульманин		мусульма'нинъ	 
 	мутнее		мутнѣ'е	 
 	мутнейший		мутнѣ'йшій, мутнѣ'йшаго	 
 	мутнеть		мутнѣ'ть	 
 	мутнёхонький		мутнёхонькій	 
 	мутнёшенький		мутнёшенькій	 
 	мутное		му'тное	 
 	мутные		му'тные (м. р.), му'тныя (ж. р. и. ср. р.)	 
 	муфель		му'фель (ка'мера для о'бжига; небольша'я пе'чь съ тако'й ка'мерой)	 
 	муфта		му'фта, въ му'фтѣ	 
 	муфтий		му'фтій (вы'сшее духо'вное лицо' у мусульма'нъ)	 
 	Мухаммед		Мухамме'дъ	 
 	мухлевать		мухлева'ть (жу'льничать, моше'нничать)	 
 	мухлёж		мухлёжъ (жу'льничество, моше'нничество)	 
 	Муций Сцевола		Му'цій Сце'вола	 
 	мучает		му'чаетъ, му'чаете, му'чаемъ, му'чаешь	 
 	мучать		му'чать и му'чить, му'чите	 
 	мучение		муче'ніе, въ муче'ніи	 
 	мученик		му'ченикъ, му'ченица	 
 	мучитель		мучи'тель, мучи'телей, мучи'телемъ, о мучи'телѣ	 
 	мучительнее		мучи'тельнѣе	 
 	мучительного		мучи'тельнаго	 
 	мучительное		мучи'тельное	 
 	мучительные		мучи'тельные (м. р.), мучи'тельныя (ж. р. и ср. р.)	 
 	мучительный		мучи'тельный, мучи'тельнаго	 
 	мучить		му'чить и му'чать, му'чите	 
 	мучу		му'чу, му'чишь, му'чить, му'чатъ	 
 	мушкель		му'шкель (мoрcк. деревя'нный молото'къ)	 
 	мушкет		мушке'тъ (стари'нное фити'льное ружьё кру'пнаго кали'бра, стрѣля'вшее съ осо'бой подста'вки)	 
 	мушкетёр		мушкетёръ (солда'тъ, вооружённый мушке'томъ; короле'вскіе мушкетёры — францу'зская гварде'йская кавале'рія, вое'нная сви'та короля')	 
 	мушкетон		мушкето'нъ (стари'нное короткоство'льное кавалері'йское ружьё съ расши'реннымъ ду'ломъ)	 
 	муштабель		мушта'бель (деревя'нная па'лочка для подде'ржки руки' живопи'сца при рабо'тѣ надъ ме'лкими дета'лями карти'ны)	 
 	муэдзин		муэдзи'нъ, моэзи'нъ (служи'тель при мече'ти, возглаша'вшій съ минаре'та часы' моли'твы)	 
мц 	Мценск		Мце'нскъ, Мце'нскаго уѣ'зда	^
 	Мцхета		Мцхе'та	 
мш 	мшелый		мше'лый, замше'лый, обомше'лый (покры'вшійся мхо'мъ)	^
 	мшение		мше'ніе, мше'нье (мше'нье сру'ба — конопа'ченіе мхо'мъ)	 
мщ 	мщение		мще'ніе	^
мы 	мыление		мы'леніе	^
 	мыловарение		мыловаре'ніе	 
 	мыслей		мы'слей (по о'бразу мы'слей)	 
 	мыслёнка		мыслёнка	 
 	мысленно		мы'сленно	 
 	мысленный		мы'сленный	 
 	мыслете		М — мысле'те — три'надцатая бу'ква ру'сской а'збуки	 
 	мыслите		мы'слите (глаго'лъ)	 
 	мыслитель		мысли'тель	 
 	мытарение		мыта'реніе (подверга'ть мы'тарствамъ, му'чить, безпоко'ить, утомля'ть), но мы'тарь — сбо'рщикъ нало'говъ	 
 	мытьём		мытьёмъ	 
 	мышеловка		мышело'вка	 
 	мышечный		мы'шечный	 
 	мышеядный		мышея'дный	 
 	мышление		мышле'ніе	 
 	мышонок		мышо'нокъ	 
мэ 	Мэн		Мэ'нъ (о'стровъ)	^
 	мэр		ме'ръ (городско'й голова')	 
мю 	Мюллер		Мю'ллеръ	^
 	Мюльгаузен		Мюльга'узенъ	 
 	Мюнстер		Мю'нстеръ	 
 	Мюнхгаузен		Мюнхга'узенъ	 
 	Мюнхен		Мю'нхенъ	 
 	Мюссе		Мюссе'	 
мя 	мягкие		мя'гкіе (м. р.), мя'гкія (ж. р. и ср. р.)	^
 	мягкий		мя'гкій, мя'гкаго, мя'гкое, мя'гче	 
 	мягкого		мя'гкаго	 
 	мягкое		мя'гкое	 
 	мягкосердечный		мягкосерде'чный	 
 	мягкотелый		мягкотѣ'лый	 
 	мягкошёрстный		мягкошёрстный	 
 	мягкошёрстый		мягкошёрстый	 
 	мягонький		мя'гонькій, мя'конькій	 
 	мягче		мя'гче	 
 	мягчение		мягче'ніе	 
 	мягчеть		мягчѣ'ть	 
 	мякина		мяки'на (поло'ва; отхо'ды при обмоло'тѣ и очи'сткѣ зерна' хлѣ'бныхъ зла'ковъ и нѣ'которыхъ други'хъ культу'ръ)	 
 	мякиш		мя'кишъ, въ мя'кишѣ	 
 	мякоть		мя'коть, мя'котный	 
 	мясистее		мяси'стѣе	 
 	мясистое		мяси'стое	 
 	мясистые		мяси'стые (м. р.), мяси'стыя (ж. р. и ср. р.)	 
 	мясное		мясно'е, мясно'го	 
 	мясные		мясны'е (м. р.), мясны'я (ж. р. и ср. р.)	 
 	мясо		мя'со, въ мя'сѣ	 
 	мясоед		мясоѣ'дъ (пері'одъ, когда' по уста'ву правосла'вной це'ркви разрѣша'ется мясна'я пи'ща)	 
 	мясоедение		мясоядѣ'ніе (противополо'жность вегетаріа'нству)	 
 	мястись		мясти'сь (быть въ сомнѣ'ніи), мятётся, мяту'щійся	 
 	мятеж		мяте'жъ, при мятежѣ'	 
 	мятежник		мяте'жникъ	 
 	Мятлев		Мя'тлевъ