на 	набалдашник		набалда'чникъ (наса'дка, ру'чка на ве'рхнемъ концѣ' тро'сти, па'лки)	^
 	набег		набѣ'гъ, при набѣ'гѣ	 
 	набегать		набѣга'ть (не набига'ть!)	 
 	набегаться		набѣ'гаться	 
 	на бегу		на бѣгу'	 
 	набедёрный		набедёрный	 
 	набедокурить		набѣдоку'рить	 
 	набедренник		набе'дренникъ (принадле'жность богослуже'бнаго облаче'нія правосла'внаго свяще'нника)	 
 	набежать		набѣжа'ть (не набижа'ть!)	 
 	набейте		набе'йте	 
 	набекрень		набекре'нь и на бекре'нь	 
 	набелённый		набѣлённый	 
 	набелить		набѣли'ть	 
 	набело		на'бѣло	 
 	набеситься		набѣси'ться	 
 	набережная		на'бережная	 
 	наберём		наберёмъ	 
 	наберёшься		наберёшься	 
 	наберу		наберу'	 
 	набиваем		набива'емъ	 
 	набиваемся		набива'емся	 
 	набивает		набива'етъ	 
 	набивается		набива'ется	 
 	набиваешь		набива'ешь	 
 	набиваешься		набива'ешься	 
 	набираем		набира'емъ	 
 	набирает		набира'етъ	 
 	набираешь		набира'ешь	 
 	набирать		набира'ть	 
 	наблёвано		наблёвано	 
 	наблюдатель		наблюда'тель	 
 	наблюдать		наблюда'ть, наблюде'ніе	 
 	наблюдение		наблюде'ніе	 
 	наблюдённый		наблюдённый	 
 	наблюёт		наблюётъ	 
 	набоечка		набо'ечка	 
 	набожен		на'боженъ	 
 	набожные		на'божные (м. р.), на'божныя (ж. р. и ср. р.)	 
 	набок		на' бокъ	 
 	наболевший		наболѣ'вшій	 
 	наболело		наболѣ'ло	 
 	набредёшь		набредёшь	 
 	набрёл		набрёлъ	 
 	набрести		набрести', набре'сть	 
 	наброшенный		набро'шенный	 
 	набрюшничек		набрю'шничекъ	 
 	набурённый		набурённый	 
 	набьём		набьёмъ	 
 	набьёмся		набьёмся	 
 	набьёшься		набьёшься	 
 	навага		нава'га (морска'я промысло'вая ры'ба семе'йства треско'выхъ)	 
 	наваждение		наважде'ніе	 
 	наваленный		нава'ленный	 
 	наваренный		нава'ренный	 
 	Наве		На'ве	 
 	навевать		навѣва'ть	 
 	наведаться		навѣ'даться, навѣ'дываться	 
 	наведён		наведёнъ	 
 	наведение		наведе'ніе (отъ навести')	 
 	наведённый		наведённый	 
 	наведёшь		наведёшь, наведёмъ, наведётъ, наведу'тъ	 
 	наведший		наве'дшій	 
 	наведываться		навѣ'дываться (не навѣ'доваться!)	 
 	навезённый		навезённый	 
 	навезёшь		навезёшь, навезёмъ, навезётъ, навезу'тъ	 
 	навёзший		навёзшій	 
 	навек		навѣ'къ, навѣ'ки и на-вѣ'ки	 
 	навеки		навѣ'ки и на-вѣ'ки	 
 	навернёмся		навернёмся	 
 	наверно		навѣ'рно	 
 	наверное		навѣ'рное	 
 	навёрнут		навёрнутъ	 
 	навернуть		наверну'ть	 
 	наверняка		навѣрняка'	 
 	наверстать		наверста'ть	 
 	навёрстывание		навёрстываніе	 
 	навёртка		навёртка	 
 	навёртывание		навёртываніе	 
 	наверх		наве'рхъ	 
 	наверху		наверху'	 
 	навес		навѣ'съ	 
 	навеселе		навеселѣ'	 
 	навесить		навѣ'сить	 
 	навести		навести'	 
 	навестить		навѣсти'ть	 
 	навесу		навѣсу'	 
 	навет		навѣ'тъ (ло'жное обвине'ніе, клевета')	 
 	наветом		навѣ'томъ	 
 	наветренный		навѣ'тренный (обращённый туда', отку'да ду'етъ вѣ'теръ)	 
 	наветчик		навѣ'тчикъ	 
 	наветчица		навѣ'тчица	 
 	навечерие		навече'ріе	 
 	навечно		навѣ'чно	 
 	навешанный		навѣ'шанный (отъ навѣ'шать)	 
 	навешенный		навѣ'шенный (отъ навѣ'сить)	 
 	навещённый		навѣщённый	 
 	навеян		навѣ'янъ	 
 	навеянный		навѣ'янный	 
 	навеять		навѣ'ять	 
 	навзничь		на'взничь	 
 	навзрыд		навзры'дъ	 
 	навигация		навига'ція	 
 	навинченный		нави'нченный	 
 	навлёкший		навлёкшій	 
 	навлечь		навле'чь, навлеку', навлечётъ, навлеку'тъ, навлёкъ, навлекла'	 
 	навлечение		навлече'ніе	 
 	навлечённый		навлечённый	 
 	наводнение		наводне'ніе	 
 	наводнённый		наводнённый	 
 	навоёванный		навоёванный	 
 	наволочённый		наволочённый	 
 	наворожённый		наворожённый	 
 	навороченный		наворо'ченный	 
 	наворошённый		наворошённый	 
 	навострённый		навострённый	 
 	навощённый		навощённый	 
 	Навплий		На'вплій	 
 	Навплия		На'вплія	 
 	навредить		навреди'ть	 
 	наврём		наврёмъ	 
 	на время		на вре'мя	 
 	наврёт		наврётъ	 
 	наврёшь		наврёшь	 
 	навряд		навря'дъ	 
 	навсегда		навсегда'	 
 	навстречу		онъ идётъ намъ навстрѣ'чу, но онъ идётъ на встрѣ'чу съ на'ми	 
 	навьёшь		навьёшь	 
 	навыворот		навы'воротъ	 
 	навыдергать		навы'дергать	 
 	навыдёргивать		навыдёргивать	 
 	навыкате		на вы'катѣ	 
 	навылет		на вы'летъ	 
 	навырез		на вы'рѣзъ	 
 	навытяжку		на вы'тяжку	 
 	навязчивый		навя'зчивый	 
 	Нагаев		Нага'евъ	 
 	нагаечка		нага'ечка (плёточка)	 
 	нагаженность		нага'женность	 
 	нагбенный		нагбе'нный (наклонённый, наклони'вшійся)	 
 	нагель		на'гель (деревя'нный и'ли металли'ческій сте'ржень для скрѣпле'нія часте'й деревя'нныхъ констру'кцій)	 
 	Нагие		Нагі'е (родъ)	 
 	наглаженный		нагла'женный	 
 	наглее		наглѣ'е, но нагле'цъ	 
 	наглейший		наглѣ'йшій, наглѣ'йшаго	 
 	наглеть		наглѣ'ть, наглѣ'етъ	 
 	наглец		нагле'цъ, о наглецѣ', наглеца', но наглѣ'е	 
 	наглеца		наглеца', съ наглецо'й	 
 	наглое		на'глое	 
 	наглые		на'глые (м. р.), на'глыя (ж. р. и ср. р.)	 
 	наглухо		на'глухо	 
 	наглушённый		наглушённый	 
 	нагляделся		наглядѣ'лся	 
 	наглядеть		наглядѣ'ть	 
 	наглядеться		наглядѣ'ться	 
 	нагляднее		нагля'днѣе	 
 	наглядного		нагля'днаго	 
 	наглядное		нагля'дное	 
 	наглядные		нагля'дные (м. р.), нагля'дныя (ж. р. и ср. р.)	 
 	наглядный		нагля'дный, нагля'днаго	 
 	нагнёмся		нагнёмся	 
 	нагнетать		нагнета'ть	 
 	нагнетённый		нагнетённый	 
 	нагнёшься		нагнёшься	 
 	нагноение		нагное'ніе	 
 	нагноённый		нагноённый	 
 	наговорённый		наговорённый	 
 	наголову		на'голову	 
 	нагорье		наго'рье, наго'рій	 
 	наготове		нагото'вѣ	 
 	награждение		награжде'ніе	 
 	награждённый		награждённый	 
 	награнённый		награнённый	 
 	награфлённый		награфлённый	 
 	нагребать		нагреба'ть	 
 	нагребённый		нагребённый	 
 	нагрёбший		нагрёбшій	 
 	нагревать		нагрѣва'ть	 
 	нагрел		нагрѣ'лъ	 
 	нагрести		нагрести'	 
 	нагреть		нагрѣ'ть	 
 	нагретый		нагрѣ'тый	 
 	нагрешить		нагрѣши'ть	 
 	нагромождённый		нагромождённый	 
 	нагрызётся		нагрызётся	 
 	надаёшь		надаёшь	 
 	надвёрнутый		надвёрнутый	 
 	надвигается		надвига'ется	 
 	надвое		на'двое	 
 	надворье		надво'рье (огоро'женный уча'стокъ земли' при до'мѣ; дво'ръ)	 
 	надгрызёшь		надгрызёшь	 
 	наддаёшь		наддаёшь	 
 	наддача		надда'ча, съ надда'чей (съ при'былью)	 
 	наддверие		наддве'ріе (простра'нство надъ две'рью; фр. десюдепо'ртъ — панно' въ наддве'ріи)	 
 	наддолблённый		наддолблённый	 
 	надёван		надѣ'ванъ	 
 	надевать		надѣва'ть (что'-либо), одѣва'ть (кого'-либо)	 
 	надёвывал		надѣ'вывалъ	 
 	надеется		надѣ'ется, надѣ'емся, но наде'жда	 
 	надеешься		надѣ'ешься, надѣ'яться, но наде'жда	 
 	надёжа		надёжа, надёжа-госуда'рь, царь-надёжа — уcтap.	 
 	надежда		наде'жда, въ наде'ждѣ, но надѣ'яться	 
 	Надеждин		Наде'ждинъ	 
 	надёжен		надёженъ, надёжна, надёжны	 
 	надёжнее		надёжнѣе	 
 	надёжнейший		надёжнѣйшій	 
 	надёжно		надёжно	 
 	надёжное		надёжное	 
 	надёжность		надёжность	 
 	надёжные		надёжные (м. р.), надёжныя (ж. р. и ср. р.)	 
 	надёжный		надёжный, надёжнаго	 
 	надёжными		надёжными	 
 	надёжных		надёжныхъ	 
 	Надеин		Надѣ'инъ	 
 	надел		надѣ'лъ (уча'стокъ земли', вы'дѣленный въ по'льзованіе крестья'нской семьѣ')	 
 	наделать		надѣ'лать	 
 	наделённый		надѣлённый	 
 	наделит		надѣ'литъ	 
 	наделять		надѣ'лять	 
 	надень		надѣ'нь, надѣ'ньте, надѣ'нетъ, надѣ'нете, надѣ'немъ, надѣ'нутъ (что'-либо)	 
 	надёргавший		надёргавшій	 
 	надёргать		надёргать	 
 	надёргивать		надёргивать	 
 	надерёмся		надерёмся	 
 	надерёшься		надерёшься	 
 	надёрнувший		надёрнувшій	 
 	надеть		надѣ'ть (надѣ'ть что'-либо но одѣ'ть кого'-либо),	 
 	надетый		надѣ'тый	 
 	надеюсь		надѣ'юсь, надѣ'ются, но наде'жда	 
 	надеяться		надѣ'яться, надѣ'ешься, но наде'жда	 
 	надзвёздный		надзвѣ'здный	 
 	надземный		надзе'мный	 
 	надклёвывать		надклёвывать	 
 	надклеенный		надкле'енный	 
 	надклёпка		надклёпка	 
 	надколенный		надколѣ'нный	 
 	надколёсный		надколёсный	 
 	надлёдный		надлёдный	 
 	надлежащий		надлежа'щій	 
 	надлежит		надлежи'тъ	 
 	Надлер		На'длеръ	 
 	надлобье		надло'бье	 
 	надлунье		надлу'нье	 
 	надлучье		надлу'чье	 
 	надмевать		надмева'ть	 
 	надмеваться		надмева'ться (горди'ться)	 
 	надмение		надме'ніе	 
 	надменные		надме'нные (м. р.), надме'нныя (ж. р. и ср. р.)	 
 	надменный		надме'нный, надме'ннаго	 
 	надмерный		надмѣ'рный (све'рхъ мѣ'ры)	 
 	надмеру		надмѣ'ру (сли'шкомъ)	 
 	наднёбный		наднёбный	 
 	на днях		на-дня'хъ	 
 	надобен		на'добенъ	 
 	надобное		на'добное	 
 	надоев		надо'евъ (отъ надо'й), надоѣ'въ (отъ надоѣ'сть)	 
 	надоеда		надоѣ'да, надоѣда'ла	 
 	надоедать		надоѣда'ть, надоѣда'ю, надоѣда'ешь	 
 	надоедливый		надоѣ'дливый, надоѣ'дный, надоѣ'дливое	 
 	надоел		надоѣ'лъ, надоѣ'ла, надоѣ'ли, надоѣ'ло	 
 	надоем		надоѣ'мъ, надоѣ'шь, надоѣ'стъ	 
 	надоение		надое'ніе	 
 	надоенный		надо'енный	 
 	надоевший		надоѣ'вшій	 
 	надоело		надоѣ'ло, надоѣ'ли, надоѣ'лъ, надоѣ'ла	 
 	надоест		надоѣ'стъ, надоѣ'шь, надоѣ'мъ	 
 	надоесть		надоѣ'сть, надоѣди'мъ, надоѣди'те, надоѣдя'тъ	 
 	надо же		на'до же	 
 	надолблённый		надолблённый	 
 	надолго		надо'лго	 
 	надорвёмся		надорвёмся	 
 	надпиленный		надпи'ленный	 
 	надпочечник		надпо'чечникъ	 
 	надрёберный		надрёберный	 
 	надрезать		надрѣ'зать и надрѣза'ть	 
 	надречный		надрѣ'чный	 
 	надроблённый		надроблённый	 
 	надругательство		надруга'тельство	 
 	надсаженный		надса'женный	 
 	надсверлённый		надсверлённый	 
 	надсед		надсѣ'дъ, надсѣ'дина	 
 	надседаться		надсѣда'ться (отъ смѣ'ха), надсѣ'лся	 
 	надсесть		надсѣ'сть	 
 	надсечённый		надсѣчённый	 
 	надсечка		надсѣ'чка	 
 	надсмехаться		надсмѣха'ться, насмѣха'ться	 
 	надсмеяться		надсмѣя'ться	 
 	надсмотрщик		надсмо'трщикъ	 
 	надтреснутый		надтре'снутый (съ неглубо'кой, небольшо'й тре'щиной; дребезжа'щій, дрожа'щій зву'къ, го'лосъ)	 
 	надует		наду'етъ, наду'ется	 
 	надуешь		наду'ешь, наду'ешься	 
 	надувает		надува'етъ, надува'ется	 
 	надуваешь		надува'ешь, надува'ешься	 
 	надувательство		надува'тельство	 
 	надувший		наду'вшій, наду'вшійся	 
 	надушенный		наду'шенный	 
 	надушённый		надушённый	 
 	надъеденный		надъѣ'денный	 
 	наевшие		наѣ'вшіе (м. р.), наѣ'вшія (ж. р. и ср. р.)	 
 	наевшиеся		наѣ'вшіеся (м. р.), наѣ'вшіяся (ж. р. и ср. р.)	 
 	наевший		наѣ'вшій, наѣ'вшаго	 
 	наевшийся		наѣ'вшійся	 
 	наегозиться		наегози'ться	 
 	наедает		наѣда'етъ, наѣда'ете, наѣда'ю, наѣда'ютъ, наѣда'ешь, наѣда'емъ	 
 	наедаетесь		наѣда'етесь	 
 	наедается		наѣда'ется	 
 	наедание		наѣда'ніе	 
 	наедать		наѣда'ть	 
 	наедаться		наѣда'ться	 
 	наеденный		наѣ'денный, наѣ'деннаго	 
 	наедим		наѣди'мъ	 
 	наедимся		наѣди'мся	 
 	наедине		наединѣ'	 
 	наедите		наѣди'те	 
 	наедитесь		наѣди'тесь	 
 	наедут		наѣ'дутъ	 
 	наедят		наѣдя'тъ	 
 	наедятся		наѣдя'тся	 
 	наёжиться		наёжиться	 
 	наездами		наѣ'здами	 
 	наездник		наѣ'здникъ	 
 	наездница		наѣ'здница	 
 	наезженный		наѣ'зженный	 
 	наел		наѣ'лъ, наѣ'ла, наѣ'ли	 
 	наелся		наѣ'лся, наѣ'лась, наѣ'лись	 
 	наем		наѣ'мъ	 
 	наём		наёмъ	 
 	наёмник		наёмникъ	 
 	наемся		наѣ'мся	 
 	наёмщик		наёмщикъ	 
 	наест		наѣ'стъ	 
 	наестся		наѣ'стся	 
 	наесть		наѣ'сть	 
 	наесться		наѣ'сться	 
 	наехать		наѣ'хать	 
 	наешь		наѣ'шь	 
 	наешься		наѣ'шься	 
 	нажаренный		нажа'ренный	 
 	нажёванный		нажёванный	 
 	нажевать		нажева'ть	 
 	нажёгшийся		нажёгшійся	 
 	нажечь		наже'чь	 
 	нажечься		наже'чься	 
 	нажжённый		нажжённый	 
 	нажжётся		нажжётся	 
 	наживёшься		наживёшься	 
 	наживлённый		наживлённый	 
 	нажмёшь		нажмёшь	 
 	нажрётся		нажрётся	 
 	нажрёшься		нажрёшься	 
 	нажуётся		нажуётся	 
 	нажуёшься		нажуёшься	 
 	назавтра		наза'втра (наpѣч. — наза'втра онъ оказа'лся больны'мъ)	 
 	на завтра		на за'втра (сущ. — отложи'ть на за'втра)	 
 	назад		наза'дъ	 
 	Назарет		Назаре'тъ	 
 	Назарий		Наза'рій	 
 	название		назва'ніе	 
 	названный		на'званный (пpич. — сынъ, на'званный Петро'мъ)	 
 	названый		назва'ный (пpил. — назва'ный братъ)	 
 	наземный		назе'мный	 
 	назём		назёмъ	 
 	наземь		на'земь	 
 	назидание		назида'ніе	 
 	назло		назло'	 
 	назначен		назна'ченъ	 
 	назначение		назначе'ніе	 
 	назначенные		назна'ченные (м. р.), назна'ченныя (ж. р. и ср. р.)	 
 	назначенный		назна'ченный, назна'ченнаго	 
 	назовёшься		назовёшься	 
 	назревший		назрѣ'вшій	 
 	назреть		назрѣ'ть	 
 	называете		называ'ете	 
 	наи		наи — приставка, пишется слитно, на концѣ' «и» даже пе'редъ гла'сными — наиужа'снѣйшій	 
 	наиболее		наибо'лѣе	 
 	наибольшее		наибо'льшее	 
 	наивен		наи'венъ	 
 	наизнанку		наизна'нку	 
 	наизусть		наизу'сть	 
 	наилучшего		наилу'чшаго	 
 	наилучшее		наилу'чшее, наилу'чшей	 
 	наилучшие		наилу'чшіе (м. р.), наилу'чшія (ж. р. и ср. р.)	 
 	наилучший		наилу'чшій, наилу'чшаго	 
 	наименее		наиме'нѣе	 
 	наименование		наименова'ніе	 
 	наименьше		наиме'ньше	 
 	наименьшего		наиме'ньшаго	 
 	наименьшее		наиме'ньшее	 
 	наименьшие		наиме'ньшіе (м. р.), наиме'ньшія (ж. р. и ср. р.)	 
 	наименьший		наиме'ньшій	 
 	наипаче		наипа'че (бо'лѣе всего', въ осо'бенности) — уcтap.	 
 	наипервейшего		наипервѣ'йшаго	 
 	наипервейшее		наипервѣ'йшее	 
 	наипервейшие		наипервѣ'йшіе (м. р.), наипервѣ'йшія (ж. р. и ср. р.)	 
 	наипервейший		наипервѣ'йшій, наипервѣ'йшаго	 
 	наисерьёзнейший		наисерьёзнѣйшій	 
 	наискорейший		наискорѣ'йшій, наискорѣ'йшаго	 
 	наискось		на'искось	 
 	наитие		наи'тіе (дога'дка, озаре'ніе, вдохнове'ніе, какъ-бы ниспо'сланное свы'ше)	 
 	наиужаснейший		наиужа'снѣйшій	 
 	наиумнейший		наиумнѣ'йшій	 
 	наихудшее		наиху'дшее, наиху'дшій, наиху'дшаго, при наиху'дшемъ исхо'дѣ	 
 	найдёмся		найдёмся	 
 	найден		на'йденъ	 
 	найденного		на'йденнаго	 
 	найденные		на'йденные (м. р.), на'йденныя (ж. р. и ср. р.)	 
 	найденный		на'йденный	 
 	найдёныш		найдёнышъ	 
 	найдёт		найдётъ	 
 	найдёте		найдёте	 
 	найдёшься		найдёшься	 
 	наймёшься		наймёшься	 
 	найти		найти', найдёшь	 
 	наказание		наказа'ніе	 
 	наказуемое		наказу'емое, наказу'емо	 
 	наказуемый		наказу'емый, наказу'емаго	 
 	накалённый		накалённый, накалёнъ, накалена', накалены'	 
 	накануне		накану'нѣ	 
 	накипевшего		накипѣ'вшаго	 
 	накипевшее		накипѣ'вшее	 
 	накипевшие		накипѣ'вшіе (м. р.), накипѣ'вшія (ж. р. и ср. р.)	 
 	накипевший		накипѣ'вшій, накипѣ'вшаго	 
 	накипело		накипѣ'ло	 
 	накипеть		накипѣ'ть	 
 	накипь		на'кипь	 
 	наклад		накла'дъ, въ накла'дѣ	 
 	накладёт		накладётъ	 
 	накладное		накла'дное (убы'точное), накладно'е (пове'рхъ)	 
 	накладные		накладны'я (сущ.)	 
 	накладные		накладны'е (м. р.), накладны'я (ж. р. и ср. р.)	 
 	накладываете		накла'дываете (не нала'живаете!)	 
 	наклёванный		наклёванный	 
 	наклевать		наклева'ть	 
 	наклёвывается		наклёвывается (о бли'зкомъ къ осуществле'нію)	 
 	наклеенный		накле'енный	 
 	наклеить		накле'ить	 
 	наклейка		накле'йка	 
 	наклёп		наклёпъ	 
 	наклёпанный		наклёпанный	 
 	наклепать		наклепа'ть	 
 	наклонение		наклоне'ніе	 
 	наклонённый		наклонённый	 
 	наковаленка		накова'ленка	 
 	наколенник		наколѣ'нникъ	 
 	наконец		наконе'цъ (наpѣч.)	 
 	наконец-то		наконе'цъ-то	 
 	наконечник		наконе'чникъ	 
 	накопитель		накопи'тель, въ накопи'телѣ	 
 	накопительного		накопи'тельнаго	 
 	накопительное		накопи'тельное	 
 	накопительные		накопи'тельные (м. р.), накопи'тельныя (ж. р. и ср. р.)	 
 	накопительный		накопи'тельный, накопи'тельнаго	 
 	накопление		накопле'ніе	 
 	накоптелый		накоптѣ'лый	 
 	накопчённый		накопчённый	 
 	накорчёванный		накорчёванный	 
 	накорчевать		накорчева'ть	 
 	накошенный		нако'шенный	 
 	накраденный		накра'денный	 
 	накрадёшь		накрадёшь	 
 	накраснеться		накраснѣ'ться	 
 	накрахмаленный		накрахма'ленный	 
 	накрашенный		накра'шенный	 
 	накренение		накрене'ніе	 
 	накренённый		накренённый	 
 	накрепко		на'крѣпко	 
 	накрест		на'крестъ (наpѣч.)	 
 	накроенный		накро'енный	 
 	накроет		накро'етъ (накры'ть)	 
 	накрошенный		накро'шенный	 
 	накрученный		накру'ченный	 
 	накудесить		накуде'сить	 
 	накуёт		накуётъ	 
 	накурено		наку'рено	 
 	накуролесить		накуроле'сить	 
 	налагаемый		налага'емый	 
 	налаженный		нала'женный	 
 	налаживаете		нала'живаете (устро'йство), но накла'дываете (что'-либо куда'-либо)	 
 	налево		налѣ'во	 
 	налегать		налега'ть	 
 	налегке		налегкѣ'	 
 	налёгший		налёгшій	 
 	наледь		на'ледь	 
 	налёжанный		налёжанный	 
 	належаться		належа'ться	 
 	налезть		налѣ'зть	 
 	налей		нале'й, нале'йте, нальётъ, нальёмъ, нальёшь	 
 	налепить		налѣпи'ть	 
 	налёт		налётъ	 
 	налётанный		налётанный	 
 	налетать		налета'ть	 
 	налететь		налетѣ'ть, налетѣ'лъ, налетѣ'ла, налетѣ'ли, налетѣ'ло	 
 	на лету		на лету' и налету'	 
 	налётчик		налётчикъ	 
 	налечь		нале'чь	 
 	налжёт		налжётъ	 
 	налинованный		налинёванный	 
 	налицо		налицо' (имѣ'ется въ нали'чіи — факты налицо')	 
 	наличествует		нали'чествуетъ (имѣ'ется въ нали'чіи)	 
 	наличие		нали'чіе, въ нали'чіи	 
 	наличные		нали'чные (м. р.), нали'чныя (ж. р. и ср. р.)	 
 	налогоплательщик		налогоплате'льщикъ	 
 	наложенный		нало'женный	 
 	налощённый		налощённый	 
 	налущённый		налущённый	 
 	нальёмся		нальёмся	 
 	нальёшься		нальёшься	 
 	намагниченный		намагни'ченный	 
 	намалёванный		намалёванный	 
 	намалевать		намалева'ть	 
 	намасленный		нама'сленный	 
 	намедни		наме'дни, ономе'дни, ономня'сь (неда'вно, на-дня'хъ)	 
 	намежёванный		намежёванный	 
 	намёк		намёкъ	 
 	намекать		намека'ть	 
 	намекнёшь		намекнёшь	 
 	намеливаться		намѣ'ливаться	 
 	намелить		намѣ'лить (натере'ть ме'ломъ)	 
 	намелко		на'мелко	 
 	наменять		намѣня'ть	 
 	намеревается		намѣрева'ется	 
 	намереваться		намѣрева'ться, намѣ'риться	 
 	намерен		намѣ'ренъ	 
 	намерена		намѣ'рена (она' намѣ'рена уйти'; тка'нь намѣ'рена), но намѣ'ренна (его' гру'бость намѣ'ренна)	 
 	намерение		намѣ'реніе, намѣрева'ться	 
 	намеренна		намѣ'ренна (его' гру'бость намѣ'ренна), но намѣ'рена (она' намѣ'рена уйти'; тка'нь намѣ'рена)	 
 	намеренного		намѣ'реннаго	 
 	намеренное		намѣ'ренное	 
 	намеренность		намѣ'ренность	 
 	намеренные		намѣ'ренные (м. р.), намѣ'ренныя (ж. р. и ср. р.)	 
 	намеренный		намѣ'ренный (отмѣ'ренный), намѣ'ренъ, намѣ'рена, намѣ'рено, намѣ'рены (тка'нь намѣ'рена)	 
 	намеренный		намѣ'ренный (собира'ющійся), намѣ'ренъ, намѣ'рена, намѣ'рено, намѣ'рены (она' намѣ'рена уйти')	 
 	намеренный		намѣ'ренный (нарочи'тый), намѣ'ренъ, намѣ'ренна, намѣ'ренно, намѣ'ренны (его' гру'бость намѣ'ренна)	 
 	намерзать		намерза'ть	 
 	намерить		намѣ'рить, намѣря'ть, намѣря'етъ	 
 	намесить		намѣси'ть	 
 	намести		намести' (намести' сугро'бъ)	 
 	наместник		намѣ'стникъ, о намѣ'стникѣ	 
 	наместнический		намѣ'стническій	 
 	наместничество		намѣ'стничество	 
 	намёт		намётъ (то, что наметено'; шала'шъ, шатёръ; рыболо'вный сачо'къ; сѣ'ть для ло'вли пти'цъ; назва'ніе ко'нскаго гало'па)	 
 	намётанный		намётанный	 
 	наметать		намета'ть	 
 	наметён		наметёнъ	 
 	наметённый		наметённый	 
 	наметено		наметено'	 
 	наметит		намѣ'титъ, намѣ'тимъ, намѣ'тишь, намѣ'тятъ	 
 	наметится		намѣ'тится	 
 	наметить		намѣ'тить	 
 	наметиться		намѣ'титься	 
 	намётка		намётка	 
 	намечает		намѣча'етъ, намѣча'емъ, намѣча'ешь, намѣча'ютъ	 
 	намечается		намѣча'ется	 
 	намечать		намѣча'ть, намѣча'ться	 
 	намеченный		намѣ'ченный	 
 	намешанный		намѣ'шанный	 
 	намешенный		намѣ'шенный	 
 	на миг		на ми'гъ	 
 	намнётся		намнётся	 
 	намозоленный		намозо'ленный	 
 	намоленный		намо'ленный	 
 	намолоченный		намоло'ченный	 
 	намоченный		намо'ченный	 
 	намошенничать		намоше'нничать	 
 	намощённый		намощённый	 
 	намыленный		намы'ленный	 
 	на небесах		на небеса'хъ (на небесѣ'хъ — церк.-сл. до XVIII вѣ'ка)	 
 	нанежиться		нанѣ'житься	 
 	нанесение		нанесе'ніе	 
 	нанесённый		нанесённый	 
 	нанести		нанести'	 
 	нанёсший		нанёсшій	 
 	на нет		на нѣ'тъ (сойти' на нѣ'тъ, на нѣ'тъ и суда' нѣ'тъ)	 
 	нанимаемый		нанима'емый	 
 	Нансен		На'нсенъ	 
 	наоборот		наоборо'тъ	 
 	наорёшься		наорёшься	 
 	наотлёт		наотлётъ (въ сто'рону, вбо'къ — доро'га идётъ наотлётъ)	 
 	на отлёте		на отлётѣ	 
 	на обороте		на оборо'тѣ	 
 	наобум		наобу'мъ (не разду'мывая, не размышля'я, науда'чу)	 
 	наотмашь		нао'тмашь (со всего' разма'ха, размахну'вшись)	 
 	наотрез		наотрѣ'зъ (рѣши'тельно, совсѣ'мъ, категори'чески)	 
 	нападение		нападе'ніе	 
 	нападёшь		нападёшь	 
 	напаренный		напа'ренный	 
 	напасённый		напасённый	 
 	напев		напѣ'въ, напѣ'вное, напѣ'ваетъ	 
 	напекать		напека'ть	 
 	напёкший		напёкшій	 
 	напенить		напѣ'нить	 
 	напетушиться		напѣтуши'ться	 
 	напеть		напѣ'ть	 
 	наперво		на'перво (пе'рво-на'перво; сперва')	 
 	наперебой		наперебо'й (перебива'я, прерыва'я дру'гъ дру'га)	 
 	наперевес		на перевѣ'съ (взя'ть ру'жья на перевѣ'съ)	 
 	наперёд		наперёдъ	 
 	наперекор		напереко'ръ	 
 	напереть		напере'ть	 
 	наперечёт		наперечётъ (цѣлико'мъ, безъ исключе'нія; ограни'ченное коли'чество)	 
 	наперник		напе'рникъ (чехо'лъ изъ пло'тной тка'ни для поду'шки, пери'ны, кото'рый набива'ется перо'мъ и'ли пу'хомъ)	 
 	наперсник		напе'рсникъ (лицо', кото'рому повѣря'ютъ сокрове'нныя мы'сли и та'йны; люби'мецъ), не напе'рстникъ!	 
 	наперсный		напе'рсный кре'стъ (нагру'дный кре'стъ, дава'емый въ награ'ду свяще'нникамъ), не напе'рстный!	 
 	напёрсток		напёрстокъ	 
 	напёртый		напёртый	 
 	наперчённый		наперчённый	 
 	напестрение		напестре'ніе, напещре'ніе (украша'ть сли'шкомъ пёстро, разноцвѣ'тно, ря'бо)	 
 	напечатать		напеча'тать	 
 	напечатлённый		напечатлѣ'нный	 
 	напечатлеть		напечатлѣ'ть (оста'вить слѣ'дъ, отпеча'токъ на чёмъ-либо)	 
 	напечённый		напечённый	 
 	напечь		напе'чь	 
 	напещрение		напещре'ніе, напестре'ніе (украша'ть сли'шкомъ пёстро, разноцвѣ'тно, ря'бо)	 
 	напиленный		напи'ленный	 
 	написание		написа'ніе, въ написа'ніи	 
 	напишете		напи'шете, но напиши'те	 
 	напишите		напиши'те, но напи'шете	 
 	наплавленный		напла'вленный	 
 	наплёванный		наплёванный	 
 	наплевательски		наплева'тельски	 
 	наплевать		наплева'ть	 
 	наплёвывать		наплёвывать	 
 	наплёл		наплёлъ	 
 	наплёсканный		наплёсканный	 
 	наплескать		наплеска'ть	 
 	наплесневеть		наплѣсневѣ'ть	 
 	наплесть		напле'сть	 
 	наплетание		наплета'ніе	 
 	наплетение		наплете'ніе	 
 	наплетённый		наплетённый	 
 	наплетёшь		наплетёшь	 
 	наплётший		наплётшій	 
 	наплечник		напле'чникъ	 
 	наплечие		напле'чіе	 
 	напложённый		напложённый	 
 	наплочённый		наплочённый	 
 	наплывёшь		наплывёшь	 
 	наплюёшься		наплюёшься	 
 	наповал		напова'лъ	 
 	наподдаёт		наподдаётъ	 
 	напоёмся		напоёмся	 
 	наподобие		наподо'біе	 
 	напоение		напое'ніе	 
 	напоенный		напо'енный	 
 	напоённый		напоённый	 
 	напоёшься		напоёшься	 
 	напоказ		напока'зъ	 
 	наполевать		наполева'ть (добы'ть охо'той)	 
 	Наполеон		Наполео'нъ	 
 	наполеондор		наполеондо'ръ (францу'зская золота'я моне'та)	 
 	наползёшь		наползёшь	 
 	наполнение		наполне'ніе	 
 	наполье		напо'лье (обши'рныя поля'; простра'нство на полу' въ до'мѣ)	 
 	напомаженный		напома'женный (покра'шенный пома'дой)	 
 	напоминает		напомина'етъ	 
 	напоминание		напомина'ніе	 
 	напорошённый		напорошённый	 
 	напоследок		напослѣ'докъ	 
 	направление		направле'ніе	 
 	направленный		напра'вленный, напра'вленнаго	 
 	направляет		направля'етъ, направля'емъ, направля'ешь	 
 	направляющего		направля'ющаго	 
 	направляющее		направля'ющее	 
 	направляющие		направля'ющія (сущ. мн. ч. — дета'ли механи'зма)	 
 	направляющие		направля'ющіе (м. р.), направля'ющія (ж. р. и ср. р.)	 
 	направо		напра'во	 
 	напраслина		напра'слина	 
 	напрасно		напра'сно, напра'сное	 
 	напрашивается		напра'шивается, напра'шиваешься	 
 	напрёшь		напрёшь	 
 	например		напримѣ'ръ (наpѣч.)	 
 	напрокат		напрока'тъ	 
 	напролёт		напролётъ (безъ переры'ва)	 
 	напролом		напроло'мъ	 
 	напропалую		напропалу'ю (по'лностью отдава'ясь чему'-либо, не взвѣ'шивая, не разсужда'я)	 
 	напротив		напро'тивъ	 
 	напрядённый		напрядённый	 
 	напрямик		напрями'къ	 
 	напряжение		напряже'ніе	 
 	напряжённый		напряжённый	 
 	напрячь		напря'чь	 
 	напученный		напу'ченный	 
 	напушение		напуше'ніе	 
 	напущение		напуще'ніе	 
 	напьёшься		напьёшься	 
 	напыжение		напыже'ніе	 
 	напыление		напыле'ніе	 
 	напылённый		напылённый	 
 	наравне		наравнѣ'	 
 	нарадеть		нарадѣ'ть (позабо'титься для кого'-либо)	 
 	нараздаёт		нараздаётъ	 
 	нараспашку		нараспа'шку	 
 	нараспев		нараспѣ'въ	 
 	нарастёт		нарастётъ	 
 	нарасхват		нарасхва'тъ	 
 	наращение		нараще'ніе	 
 	наращённый		наращённый	 
 	нарвём		нарвёмъ	 
 	нарвёшься		нарвёшься	 
 	нарёберный		нарёберный	 
 	Нарев		На'ревъ	 
 	наревётся		наревётся, наревѣ'ться	 
 	нареветься		наревѣ'ться, наревётся	 
 	Нарежный		Нарѣ'жный	 
 	нарезать		нарѣ'зать и нарѣза'ть	 
 	нарезаться		нарѣ'заться и нарѣза'ться	 
 	нарезвиться		нарѣзви'ться	 
 	нарезка		нарѣ'зка	 
 	нарекание		нарека'ніе	 
 	нарёкший		нарёкшій	 
 	наречение		нарече'ніе	 
 	наречённый		наречённый (офиціа'льно объя'вленный, при'знанный таковы'мъ; на'званный)	 
 	наречие		нарѣ'чіе	 
 	наречь		наре'чь, нареку', наречётъ, нареку'тъ, нарёкъ, нарекла'	 
 	наречься		наре'чься, нареку'сь, наречётся, нареку'тся, нарёкся, нарекла'сь	 
 	нарешетить		нарѣшети'ть	 
 	нареять		нарѣ'ять	 
 	Нарзес		Нарзе'съ	 
 	нарицательный		нарица'тельный	 
 	нарицание		нарица'ніе (про'звище; порица'ніе)	 
 	наркотическое		наркоти'ческое	 
 	народ		наро'дъ, въ наро'дѣ	 
 	народнические		наро'дническіе (м. р.), наро'дническія (ж. р. и ср. р.)	 
 	народнический		наро'дническій	 
 	народнического		наро'дническаго	 
 	народническое		наро'дническое	 
 	народничество		наро'дничество, въ наро'дничествѣ	 
 	народные		наро'дные (м. р.), наро'дныя (ж. р. и ср. р.)	 
 	народный		наро'дный, наро'днаго	 
 	народоведение		народовѣ'дѣніе	 
 	народоволец		народово'лецъ	 
 	народодержавие		народодержа'віе	 
 	народонаселение		народонаселе'ніе	 
 	народоправление		народоправле'ніе	 
 	народосчисление		народосчисле'ніе	 
 	нарождение		нарожде'ніе	 
 	нарождённый		нарождённый	 
 	нарочно		наро'чно	 
 	нарубленный		нару'бленный	 
 	наручные		нару'чные (м. р.), нару'чныя (ж. р. и ср. р.)	 
 	нарушенный		нару'шенный	 
 	нарядные		наря'дные (м. р.), наря'дныя (ж. р. и ср. р.)	 
 	нарядный		наря'дный, наря'днаго	 
 	наряду		на ряду'	 
 	наряженный		наря'женный	 
 	наряжённый		наряжённый	 
 	насаждение		насажде'ніе	 
 	насаждённый		насаждённый, насаждённаго, насаждённое	 
 	насаженный		наса'женный	 
 	насаленный		наса'ленный	 
 	насандаленный		насанда'ленный	 
 	насахаренный		наса'харенный	 
 	насвежёванный		насвѣжёванный	 
 	насверлённый		насверлённый	 
 	насверлить		насверли'ть	 
 	насдаёт		насдаётъ	 
 	наседка		насѣ'дка	 
 	насекомое		насѣко'мое, насѣко'мыя (ср. р.)	 
 	насекомоядный		насѣкомоя'дный	 
 	насекомые		насѣко'мыя (ср. р.)	 
 	население		населе'ніе	 
 	населённый		населённый	 
 	насельник		насе'льникъ (жи'тель како'й-ли'бо мѣ'стности, населённаго пу'нкта, помѣще'нія; мона'хъ и'ли послу'шникъ, постоя'нно живу'щій въ монастырѣ')	 
 	Насельск		Насе'льскъ	 
 	населять		населя'ть, населя'етъ, населя'ешь	 
 	насест		насѣ'стъ, на насѣ'стѣ	 
 	насесть		насѣ'сть	 
 	насечённый		насѣчённый	 
 	насечка		насѣ'чка	 
 	насеянный		насѣ'янный	 
 	насидеться		насидѣ'ться	 
 	насиженное		наси'женное	 
 	насиженный		наси'женный	 
 	насилие		наси'ліе	 
 	насилу		наси'лу	 
 	насильственный		наси'льственный	 
 	насинённый		насинённый	 
 	наскобленный		наско'бленный	 
 	насколько		наско'лько (наpѣч.)	 
 	наскоро		на'скоро	 
 	наскрёб		наскрёбъ	 
 	наскребать		наскреба'ть	 
 	наскребём		наскребёмъ	 
 	наскрести		наскрести'	 
 	наслаждается		наслажда'ется, наслажда'емся, наслажда'ешься	 
 	наслаждение		наслажде'ніе	 
 	наслащённый		наслащённый	 
 	наслег		насле'гъ (родова'я, позднѣ'е се'льская о'бщина у яку'товъ)	 
 	наследие		наслѣ'діе	 
 	наследить		наслѣди'ть	 
 	наследник		наслѣ'дникъ	 
 	наследница		наслѣ'дница	 
 	наследный		наслѣ'дный	 
 	наследовать		наслѣ'довать	 
 	наследство		наслѣ'дство	 
 	наслоение		наслое'ніе	 
 	наслоённый		наслоённый	 
 	наслышан		наслы'шанъ	 
 	наслюнённый		наслюнённый	 
 	насмеётесь		насмѣётесь	 
 	насмеёшься		насмѣёшься	 
 	насмерть		на'смерть и на'-смерть (наpѣч. — дра'ться на'смерть)	 
 	на смерть		на сме'рть (сущ. — идти' на сме'рть)	 
 	насмех		на'смѣхъ (ра'ди шу'тки — курамъ на'смѣхъ)	 
 	насмехаться		насмѣха'ться, надсмѣха'ться	 
 	насмешка		насмѣ'шка	 
 	насмолённый		насмолённый	 
 	насоветовать		насовѣ'товать	 
 	насовсем		насовсѣ'мъ	 
 	насосёшься		насосёшься	 
 	насочинённый		насочинённый	 
 	наспех		на'спѣхъ	 
 	наставление		наставле'ніе	 
 	настаёт		настаётъ	 
 	настанет		наста'нетъ	 
 	настебать		настеба'ть (шить; хлеста'ть)	 
 	настёганный		настёганный	 
 	настегать		настега'ть	 
 	настежь		на'стежь	 
 	настелить		настели'ть	 
 	настенный		настѣ'нный	 
 	Настенька		На'стенька	 
 	настеречься		настере'чься	 
 	настоечный		насто'ечный	 
 	настолько		насто'лько (наpѣч.)	 
 	настораживать		настора'живать и насторо'живать	 
 	настороже		насторожѣ' и стоя'ть на сторо'жѣ, но насторо'женъ	 
 	настороженный		насторо'женный	 
 	насторожённый		насторожённый	 
 	настоятель		настоя'тель (нача'льникъ мужско'го монастыря', игу'менъ; ста'ршій свяще'нникъ собо'ра и'ли приходско'й це'ркви)	 
 	настоятельно		настоя'тельно	 
 	настоящего		настоя'щаго	 
 	настоящее		настоя'щее	 
 	настоящие		настоя'щіе (м. р.), настоя'щія (ж. р. и ср. р.)	 
 	настоящий		настоя'щій, настоя'щаго	 
 	на страже		на стра'жѣ и на сторо'жѣ, но быть насторожѣ'	 
 	настраивать		настра'ивать и настро'ивать	 
 	настрелять		настрѣля'ть	 
 	настриженный		настри'женный	 
 	настрижёшь		настрижёшь	 
 	настрого		на'строго	 
 	настроение		настрое'ніе	 
 	настропалённый		настропалённый (настро'енный на что'-либо внуше'ніемъ; подговорённый)	 
 	настуженный		насту'женный	 
 	наступающем		въ наступа'ющемъ, но съ наступа'ющимъ	 
 	наступающим		съ наступа'ющимъ (пра'здникомъ)	 
 	наступление		наступле'ніе	 
 	насуёшь		насуёшь	 
 	насулённый		насулённый	 
 	насурьмлённый		насурьмлённый	 
 	насухо		на'сухо	 
 	насушенный		насу'шенный	 
 	насчёт		насчётъ (прeдл. — говори'ли насчётъ меня')	 
 	на счёт		на счётъ (сущ. — говори'ть на счётъ его')	 
 	насчитывает		насчи'тываетъ	 
 	насыщение		насыще'ніе	 
 	Наталия		Ната'лія, Ната'лья, къ Ната'льѣ	 
 	натворённый		натворённый	 
 	нате		на'те	 
 	нате-ка		на'те-ка	 
 	натёк		натёкъ	 
 	натёкший		натёкшій	 
 	нательный		натѣ'льный	 
 	натеребить		натереби'ть	 
 	натереть		натере'ть	 
 	натерпеться		натерпѣ'ться	 
 	натёртый		натёртый	 
 	натёрший		натёршій	 
 	натёсанный		натёсанный	 
 	натесать		натеса'ть	 
 	натеснить		натѣсни'ть	 
 	натечёт		натечётъ	 
 	натешиться		натѣ'шиться	 
 	наткнёшься		наткнёшься	 
 	натолкнёшься		натолкнёшься	 
 	натолчённый		натолчённый	 
 	натопленный		нато'пленный	 
 	натореет		наторѣ'етъ, наторѣ'емъ, наторѣ'ешь, наторѣ'еютъ	 
 	наторелый		наторѣ'лый	 
 	наторённый		наторённый (наѣ'зженный), натори'ть, тори'ть, то'рный, торёнъ	 
 	натореть		наторѣ'ть (пріобрѣсти' на'выки, о'пытъ), понаторѣ'ть, поднаторѣ'ть	 
 	наточенный		нато'ченный	 
 	натощак		натоща'къ	 
 	натравленный		натра'вленный	 
 	натрём		натрёмъ	 
 	натрёпанный		натрёпанный	 
 	натрепать		натрепа'ть	 
 	натрёшь		натрёшь	 
 	натрещать		натреща'ть	 
 	натрий		на'трій	 
 	натрясённый		натрясённый	 
 	натуженный		нату'женный	 
 	натушёвывать		натушёвывать	 
 	натыренный		наты'ренный	 
 	наугад		науга'дъ	 
 	наудачу		науда'чу	 
 	науженный		нау'женный	 
 	наука		нау'ка, о нау'кѣ	 
 	наукоёмкий		наукоёмкій	 
 	на Украине		на Укра'йнѣ, Укра'йна	 
 	наутёк		наутёкъ (въ бѣ'гство)	 
 	наутрие		нау'тріе (у'тромъ на друго'й де'нь)	 
 	научаемый		науча'емый	 
 	наученный		нау'ченный	 
 	научные		нау'чные (м. р.), нау'чныя (ж. р. и ср. р.)	 
 	научный		нау'чный, нау'чнаго, нау'чное	 
 	наушник		нау'шникъ	 
 	наушничать		нау'шничать (тайко'мъ нагова'ривать; я'бедничать)	 
 	наущение		науще'ніе (подстрека'тельство)	 
 	наущённый		наущённый	 
 	нафабрение		нафа'бреніе (кра'сить, черни'ть усы' и бакенба'рды фа'брою)	 
 	Нафан		Наѳа'нъ	 
 	Нафанаил		Наѳанаи'лъ	 
 	нахваленный		нахва'ленный	 
 	Нахичевань		Нахичева'нь	 
 	нахлебаться		нахлеба'ться	 
 	нахлебник		нахлѣ'бникъ	 
 	нахлёст		нахлёстъ, внахлёстъ, внахлёстку	 
 	нахлёстанный		нахлёстанный	 
 	нахлестать		нахлеста'ть	 
 	нахмуренный		нахму'ренный	 
 	находите		нахо'дите и находи'те	 
 	находитесь		нахо'дитесь и находи'тесь	 
 	находчивость		нахо'дчивость	 
 	находящиеся		находя'щіеся (м. р.), находя'щіяся (ж. р. и ср. р.)	 
 	находящийся		находя'щійся	 
 	нахождение		нахожде'ніе	 
 	нахоложённый		нахоложённый	 
 	нацедить		нацѣди'ть	 
 	нацелить		нацѣ'лить	 
 	нацело		на'цѣло (безъ оста'тка, по'лностью)	 
 	нацеловаться		нацѣлова'ться	 
 	наценённый		нацѣнённый	 
 	наценка		нацѣ'нка	 
 	нацепить		нацѣпи'ть	 
 	нацеплять		нацѣпля'ть	 
 	нацепной		нацѣпно'й, нацѣпно'го, нацѣпно'е	 
 	национализм		націонали'змъ	 
 	националистический		націоналисти'ческій	 
 	националистский		націонали'стскій	 
 	национальные		націона'льные (м. р.), націона'льныя (ж. р. и ср. р.)	 
 	национальный		націона'льный, націона'льнаго, націона'льное	 
 	нация		на'ція, на'ціей, на'ціи, на'ціями	 
 	начавшего		нача'вшаго	 
 	начавшегося		нача'вшагося	 
 	начавшее		нача'вшее	 
 	начавшееся		нача'вшееся	 
 	начавшие		нача'вшіе (м. р.), нача'вшія (ж. р. и ср. р.)	 
 	начавший		нача'вшій, нача'вшаго, нача'вшимъ, нача'вшихъ	 
 	начавшиеся		нача'вшіеся (м. р.), нача'вшіяся (ж. р. и ср. р.)	 
 	начавшийся		нача'вшійся, нача'вшагося, нача'вшимся, нача'вшихся	 
 	начало		нача'ло, въ нача'лѣ	 
 	начальник		нача'льникъ, о нача'льникѣ	 
 	начальное		нача'льное, нача'льнаго	 
 	начальные		нача'льные (м. р.), нача'льныя (ж. р. и ср. р.)	 
 	начатие		нача'тіе (нача'ло — нача'тіе дѣ'ла)	 
 	начать		нача'ть (не на'чать!)	 
 	начеканенный		начека'ненный	 
 	начеку		начеку'	 
 	начёл		начёлъ	 
 	начёрканный		начёрканный (многокра'тно зачёркнутый)	 
 	начернение		начернѣ'ніе	 
 	начерно		на'черно (предвари'тельно, не отдѣ'лывая оконча'тельно)	 
 	начерпать		наче'рпать	 
 	начертание		начерта'ніе	 
 	начерченный		наче'рченный	 
 	начёс		начёсъ	 
 	начёсанный		начёсанный	 
 	начестно		на'честно	 
 	начесть		наче'сть (насчита'ть)	 
 	начетверо		на'четверо	 
 	начёт		начётъ	 
 	начётчик		начётчикъ (міря'нинъ, допу'щенный къ чте'нію свяще'нныхъ те'кстовъ въ це'ркви и'ли на дому' у вѣ'рующихъ; человѣ'къ, мно'го чита'вшій, но усво'ившій прочи'танное некрити'чески, пове'рхностно, форма'льно)	 
 	начинает		начина'етъ, начина'емъ, начина'ешь	 
 	начинается		начина'ется	 
 	начинание		начина'ніе, въ начина'ніи, начина'нія, въ начина'ніяхъ	 
 	начинённый		начинённый	 
 	начисленный		начи'сленный	 
 	начисто		на'чисто (о'чень чи'сто; безъ пома'рокъ, оконча'тельно, на'бѣло; по'лностью, цѣлико'мъ)	 
 	начистоту		на чистоту' (открове'нно, ничего' не скрыва'я)	 
 	начищенный		начи'щенный	 
 	начнём		начнёмъ, начнётъ, начнёшь	 
 	начнётся		начнётся	 
 	начтённый		начтённый	 
 	начудесить		начуде'сить (надѣ'лать ша'лостей, глу'постей, прока'зъ)	 
 	наш		Н — на'шъ — четы'рнадцатая бу'ква ру'сской а'збуки	 
 	нашатырём		нашатырёмъ	 
 	наше		на'ше, на'шего, на'шей, въ на'шемъ	 
 	нашего		на'шего	 
 	нашедшего		наше'дшаго	 
 	нашедшее		наше'дшее	 
 	нашедшие		наше'дшіе (м. р.), наше'дшія (ж. р. и ср. р.)	 
 	нашедший		наше'дшій, наше'дшаго, наше'дшихъ	 
 	на шее		на ше'ѣ	 
 	нашей		на'шей, на'шего, въ на'шемъ	 
 	нашейный		наше'йный	 
 	нашёл		нашёлъ	 
 	нашёлся		нашёлся	 
 	нашелушённый		нашелушённый	 
 	нашему		на'шему	 
 	нашёптанный		нашёптанный	 
 	нашептать		нашепта'ть	 
 	нашествие		наше'ствіе	 
 	нашлём		нашлёмъ	 
 	нашлёпанный		нашлёпанный	 
 	нашлёпать		нашлёпать	 
 	нашлёпка		нашлёпка	 
 	нашлёт		нашлётъ	 
 	нашпиленный		нашпи'ленный	 
 	нашумевший		нашумѣ'вшій	 
 	нашуметь		нашумѣ'ть	 
 	нашьёшь		нашьёшь	 
 	нащёлкать		нащёлкать (па'льцами), нащелка'ть (орѣ'ховъ)	 
 	нащепать		нащепа'ть (пригото'вить ще'пки, лучи'ну), но нащипа'ть	 
 	нащёчный		нащёчный	 
 	нащипать		нащипа'ть (насобира'ть траву', па'клю; щипка'ми довести' ко'жу до красноты'), но нащепа'ть	 
 	наэкономить		наэконо'мить	 
 	наэлектризованный		наэлектризо'ванный	 
 	наябедничать		ная'бедничать	 
 	наяву		наяву'	 
 	наязвление		наязвле'ніе	 
не 	не		не (части'ца)	^
 	неандерталец		неандерта'лецъ	 
 	Неаполь		Неа'поль	 
 	Неарх		Неа'рхъ	 
 	небезвыгодный		небезвы'годный	 
 	небезнадёжный		небезнадёжный	 
 	небезрасчётный		небезрасчётный	 
 	небезуспешный		небезуспѣ'шный	 
 	небезызвестный		небезызвѣ'стный	 
 	небезынтересный		небезынтере'сный	 
 	небелёный		небѣлёный	 
 	небеса		небеса'	 
 	небесах		небеса'хъ (не на небесѣ'хъ!)	 
 	небесная		небе'сная	 
 	небесного		небе'снаго	 
 	небесное		небе'сное	 
 	небесные		небе'сные (м. р.), небе'сныя (ж. р. и ср. р.)	 
 	небесный		небе'сный	 
 	небеспочвенный		небезпо'чвенный	 
 	неблагонадёжный		неблагонадёжный	 
 	небо		не'бо (сводъ небе'сный), на не'бѣ, не'бомъ, не'ба	 
 	нёбо		нёбо (ве'рхняя часть рта), на нёбѣ, нёбомъ, нёба	 
 	небожитель		небожи'тель	 
 	небозор		небозо'ръ (ры'ба)	 
 	не более		не бо'лѣе	 
 	небольшой		небольшо'й	 
 	небосклон		небоскло'нъ, на небоскло'нѣ	 
 	небоскрёб		небоскрёбъ	 
 	небось		небо'сь (навѣрняка', вѣроя'тно, пожа'луй, не пра'вда ли)	 
 	Небраска		Небра'ска	 
 	небрежение		небреже'ніе	 
 	небрежнее		небре'жнѣе	 
 	небрежного		небре'жнаго	 
 	небрежное		небре'жное	 
 	небрежные		небре'жные (м. р.), небре'жныя (ж. р. и ср. р.)	 
 	небрежный		небре'жный, небре'жнаго	 
 	небывалого		небыва'лаго	 
 	небывалое		небыва'лое	 
 	небывальщина		небыва'льщина (не'быль, небыли'ца)	 
 	небывалые		небыва'лые (м. р.), небыва'лыя (ж. р. и ср. р.)	 
 	небывалый		небыва'лый, небыва'лаго	 
 	небылица		небыли'ца, небыли'цей, въ небыли'цѣ	 
 	небыль		не'быль, не'былью, но не' было	 
 	небытие		небытіе' (неизвѣ'стность; забве'ніе; отсу'тствіе жи'зни)	 
 	Нева		Нева', на Невѣ', въ Неву'	 
 	Невада		Нева'да	 
 	не важнее		не важнѣ'е	 
 	неважнецки		неважне'цки, неважне'цкій	 
 	неважно		нева'жно, нева'жное	 
 	неважного		нева'жнаго	 
 	неважное		нева'жное, нева'жно	 
 	неважные		нева'жные (м. р.), нева'жныя (ж. р. и ср. р.)	 
 	неважный		нева'жный, нева'жнаго, нева'женъ	 
 	неварение		неваре'ніе	 
 	невдалеке		невдалекѣ'	 
 	невдогад		невдога'дъ (невдомёкъ)	 
 	невдомёк		невдомёкъ (не пришло' въ го'лову)	 
 	неведение		невѣ'дѣніе, въ невѣ'дѣніи	 
 	неведомо		невѣ'домо	 
 	неведомого		невѣ'домаго	 
 	неведомое		невѣ'домое	 
 	неведомые		невѣ'домые (м. р.), невѣ'домыя (ж. р. и ср. р.)	 
 	неведомый		невѣ'домый, невѣ'домаго	 
 	невежда		невѣ'жда (незна'ющій), къ невѣ'ждѣ	 
 	невежа		невѣ'жа (невѣ'жливый), къ невѣ'жѣ	 
 	невежественное		невѣ'жественное	 
 	невежественность		невѣ'жественность	 
 	невежественные		невѣ'жественные (м. р.), невѣ'жественныя (ж. р. и ср. р.)	 
 	невежественный		невѣ'жественный, невѣ'жественнаго	 
 	невежество		невѣ'жество, въ невѣ'жествѣ	 
 	Невежин		Невѣ'жинъ	 
 	невежинская		невѣ'жинская (ряби'на)	 
 	невежливо		невѣ'жливо	 
 	невежливые		невѣ'жливые (м. р.), невѣ'жливыя (ж. р. и ср. р.)	 
 	невежливый		невѣ'жливый, невѣ'жливаго	 
 	невезение		невезе'ніе	 
 	невеличка		невели'чка	 
 	Невель		Не'вель	 
 	Невер		Неве'ръ	 
 	неверие		невѣ'ріе	 
 	неверно		невѣ'рно	 
 	Неверов		Невѣ'ровъ	 
 	Неверовский		Невѣро'вскій	 
 	невероятие		невѣроя'тіе, до невѣроя'тія	 
 	невероятно		невѣроя'тно	 
 	неверующий		невѣ'рующій Ѳома'	 
 	невесёлый		невесёлый	 
 	невесомее		невѣсо'мѣе (ле'гче)	 
 	не весомее		не вѣсо'мѣе (не важнѣ'е)	 
 	невесомость		невѣсо'мость	 
 	невесомые		невѣсо'мые (м. р.), невѣсо'мыя (ж. р. и ср. р.)	 
 	невесомый		невѣсо'мый (лёгкій), невѣсо'маго	 
 	невеста		невѣ'ста, къ невѣ'стѣ	 
 	невестка		невѣ'стка (заму'жняя же'нщина по отноше'нію къ родны'мъ ея' му'жа — отцу', ма'тери, бра'тьямъ, сёстрамъ, жёнамъ бра'тьевъ и мужья'мъ сестёръ)	 
 	невесть		невѣ'сть, нивѣ'сть (неизвѣ'стно, непоня'тно; о'чень, чрезвыча'йно)	 
 	невзгода		невзго'да	 
 	невзирая		невзира'я	 
 	невзлюбить		невзлюби'ть	 
 	невзначай		невзнача'й	 
 	невзрачнее		невзра'чнѣе	 
 	невзрачного		невзра'чнаго	 
 	невзрачное		невзра'чное	 
 	невзрачные		невзра'чные (м. р.), невзра'чныя (ж. р. и ср. р.)	 
 	невзрачный		невзра'чный, невзрачнаго	 
 	невидаль		не'видаль	 
 	невиданное		неви'данное	 
 	невидимка		невиди'мка	 
 	Невилль		Неви'лль	 
 	невинен		неви'ненъ	 
 	невиннее		неви'ннѣе	 
 	невинного		неви'ннаго	 
 	невинное		неви'нное	 
 	невинные		неви'нные (м. р.), неви'нныя (ж. р. и ср. р.)	 
 	невинный		неви'нный, неви'ннаго	 
 	не виноват		не винова'тъ, но невинова'тый	 
 	не виновата		не винова'та, но невинова'тая	 
 	невиноватая		невинова'тая, но не винова'та	 
 	не виноваты		не винова'ты, но невинова'тые (м. р.), невинова'тыя (ж. р. и ср. р.)	 
 	невиноватые		невинова'тые (м. р.), невинова'тыя (ж. р. и ср. р.), но не винова'ты	 
 	невиноватый		невинова'тый, невинова'таго, но не винова'тъ	 
 	невиновен		невино'венъ, невино'вна, невино'вны	 
 	невиновного		невино'внаго	 
 	невиновное		невино'вное	 
 	невиновные		невино'вные (м. р.), невино'вныя (ж. р. и ср. р.)	 
 	невиновный		невино'вный, невино'внаго	 
 	Невка		Не'вка, на Не'вкѣ	 
 	невменяем		невмѣня'емъ, невмѣня'ема, невмѣня'емы	 
 	невменяемое		невмѣня'емое	 
 	невменяемые		невмѣня'емые (м. р.), невмѣня'емыя (ж. р. и ср. р.)	 
 	невменяемый		невмѣня'емый, невмѣня'емаго	 
 	невместительный		невмѣсти'тельный	 
 	невмешательство		невмѣша'тельство	 
 	невмоготу		невмоготу'	 
 	невмочь		невмо'чь	 
 	невмы		не'вмы (зна'ки средневѣко'вой систе'мы за'писи му'зыки)	 
 	невнесённый		невнесённый	 
 	невнимание		невнима'ніе	 
 	невнимательный		невнима'тельный (но онъ не внима'тельный, а разсѣ'янный)	 
 	невнятный		невня'тный	 
 	невод		не'водъ	 
 	невозбранно		невозбра'нно (безпрепя'тственно)	 
 	невозвратно		невозвра'тно	 
 	невозделанный		невоздѣ'ланный	 
 	невоздержанность		невозде'ржанность	 
 	невозможного		невозмо'жнаго	 
 	невозможное		невозмо'жное	 
 	невозможные		невозмо'жные (м. р.), невозмо'жныя (ж. р. и ср. р.)	 
 	невозможный		невозмо'жный, невозмо'жнаго	 
 	неволить		нево'лить	 
 	невольник		нево'льникъ	 
 	невольное		нево'льное	 
 	неволя		нево'ля, въ нево'лѣ	 
 	невооружённый		невооружённый	 
 	невоплощённый		невоплощённый	 
 	невпопад		невпопа'дъ	 
 	невралгия		невралгі'я	 
 	неврастеник		неврасте'никъ, неврастені'я	 
 	неврастения		неврастені'я, неврасте'никъ	 
 	невредимый		невреди'мый	 
 	невроз		невро'зъ	 
 	Невская		Не'вская (би'тва)	 
 	невского		не'вскаго	 
 	невское		не'вское	 
 	невские		не'вскіе (м. р.), не'вскія (ж. р. и ср. р.)	 
 	Невский		Не'вскій	 
 	невтерпёж		невтерпёжъ (ра'нѣе — не въ терпёжъ), но терпѣ'ть	 
 	Невшатель		Невшате'ль	 
 	невыполнение		невыполне'ніе	 
 	Невьянск		Невья'нскъ	 
 	невыгодный		невы'годный	 
 	нега		нѣ'га, въ нѣ'гѣ	 
 	негасимый		негаси'мый	 
 	негативный		негати'вный	 
 	негашёная		негашёная (и'звесть)	 
 	негде		нѣ'гдѣ (въ знач. ко'е-гдѣ'), но не'гдѣ (въ знач. нѣтъ мѣ'ста)	 
 	негласный		негла'сный	 
 	неглиже		неглиже' (у'тренняя лёгкая дома'шняя оде'жда; полуодѣ'тый видъ), ходи'ть въ неглиже', неглиже' съ отва'гой — смѣ'лость въ рѣ'чи	 
 	негниющий		негнію'щій	 
 	него		него'	 
 	негоден		него'денъ, э'та о'бувъ него'дна для бѣ'га, онъ ни на что' не го'денъ	 
 	негодного		него'днаго	 
 	негодное		него'дное	 
 	негодные		него'дные (м. р.), него'дныя (ж. р. и ср. р.)	 
 	негодный		него'дный, него'днаго	 
 	негодовать		негодова'ть	 
 	негодяй		негодя'й, о негодя'ѣ	 
 	не гоже		не го'же (не годи'тся — не го'же въ крапи'ву сади'ться), но у него' же ничего' нѣтъ	 
 	негоже		него'же (нapѣч. ведёшь себя' него'же; въ знaч. скaз. такъ поступа'ть тебѣ' него'же)	 
 	негожий		него'жій (него'дный)	 
 	негостеприимный		негостепріи'мный	 
 	негоциант		негоціа'нтъ (опто'вый торго'вецъ)	 
 	негоциация		него'ціація (посре'дническія опера'ціи по ку'плѣ-прода'жѣ векселе'й)	 
 	негоция		него'ція (сдѣ'лка)	 
 	Негош		Нѣ'гошъ	 
 	негр		не'гръ	 
 	неграмотного		негра'мотнаго	 
 	неграмотное		негра'мотное	 
 	неграмотные		негра'мотные (м. р.), негра'мотныя (ж. р. и ср. р.)	 
 	неграмотный		негра'мотный, негра'мотнаго	 
 	Негри		Не'гри	 
 	негритёнок		негритёнокъ	 
 	негус		не'гусъ (ти'тулъ мона'рха въ Абисси'ніи)	 
 	недавнего		неда'вняго	 
 	недавнее		неда'внее	 
 	недавние		неда'вніе (м. р.), неда'внія (ж. р. и ср. р.)	 
 	недавний		неда'вній, неда'вняго	 
 	недавно		неда'вно	 
 	недалёкий		недалёкій (неу'мный), недалёкъ, недалёка, недалёко, недалёки	 
 	недалёкий		недалёкій (бли'зкій), недалёкъ, недалека', недалеко', недалеки'	 
 	недалеко		недалеко' (бли'зко)	 
 	недалёко		недалёко (ско'ро)	 
 	недалече		недале'че (недалеко')	 
 	недалечко		недале'чко (недалеко')	 
 	недальний		неда'льній	 
 	недальновидное		недальнови'дное	 
 	недаром		не да'ромъ	 
 	недвижимость		недви'жимость	 
 	неделимого		недѣли'маго	 
 	неделимый		недѣли'мый	 
 	не дело		не дѣ'ло	 
 	неделька		недѣ'лька, на недѣ'лькѣ, на недѣ'льку	 
 	недельный		недѣ'льный (oтъ недѣ'ля и oтъ дѣ'льный)	 
 	неделя		недѣ'ля, на недѣ'лѣ, недѣ'лю, недѣ'ли, недѣ'ль, недѣ'лями	 
 	недержание		недержа'ніе	 
 	недёшево		недёшево, шу'ба сто'итъ недёшево но шу'ба сто'итъ не дёшево, а до'рого; что'бы бы'ло не дёшево и не до'рого	 
 	Неджед		Недже'дъ	 
 	недобор		недобо'ръ	 
 	недоброжелательный		недоброжела'тельный	 
 	недобросовестный		недобросо'вѣстный	 
 	недобрый		недо'брый	 
 	недоверие		недовѣ'ріе	 
 	недоверчивый		недовѣ'рчивый	 
 	недовершённый		недовершённый	 
 	недовес		недовѣ'съ	 
 	недоволен		недово'ленъ	 
 	недогадлив		недога'дливъ	 
 	недогляд		недогля'дъ	 
 	недоглядел		недоглядѣ'лъ	 
 	недоглядеть		недоглядѣ'ть	 
 	недоговорённый		недоговорённый	 
 	недогружённый		недогружённый	 
 	недодаёшь		недодаёшь	 
 	недоделанного		недодѣ'ланнаго	 
 	недоделанные		недодѣ'ланные (м. р.), недодѣ'ланныя (ж. р. и ср. р.)	 
 	недоделанный		недодѣ'ланный, недодѣ'ланнаго	 
 	недоделка		недодѣ'лка	 
 	недоедание		недоѣда'ніе	 
 	недожжённый		недожжённый	 
 	недозволенного		недозво'леннаго	 
 	недозволенное		недозво'ленное	 
 	недозволенные		недозво'ленные (м. р.), недозво'ленныя (ж. р. и ср. р.)	 
 	недозволенный		недозво'ленный, недозво'леннаго	 
 	недозрелый		недозрѣ'лый, недозрѣ'лаго	 
 	недоимка		недои'мка (не внесённая въ срокъ и чи'слящаяся за плате'льщикомъ часть нало'га, сбо'ра)	 
 	недоказуемый		недоказу'емый	 
 	недокалённый		недокалённый	 
 	недолго		недо'лго	 
 	недолёживал		недолёживалъ	 
 	недолёт		недолётъ	 
 	недольётся		недольётся	 
 	недолюбливать		недолю'бливать	 
 	недоля		недо'ля (тяжёлая, несчастли'вая до'ля, судьба')	 
 	недомогать		недомога'ть	 
 	недомыслие		недомы'сліе	 
 	недомерка		недомѣ'рка	 
 	недоносок		недоно'сокъ	 
 	недооценённый		недооцѣнённый	 
 	недооценка		недооцѣ'нка	 
 	недопёсок		недопёсокъ (щено'къ песца')	 
 	недопечённый		недопечённый	 
 	недоплата		недопла'та	 
 	недоразумение		недоразумѣ'ніе	 
 	недород		недоро'дъ (неурожа'й)	 
 	недоросль		не'доросль (несовершеннолѣ'тній дворяни'нъ, не поступи'вшій ещё на слу'жбу; недоучи'вшійся, глупова'тый молодо'й человѣ'къ)	 
 	недосев		недосѣ'въ	 
 	недосиженный		недоси'женный	 
 	недосмотренный		недосмо'трѣнный	 
 	недоспелый		недоспѣ'лый	 
 	недостаёт		недостаётъ	 
 	недостаток		недоста'токъ	 
 	недостижимый		недостижи'мый	 
 	недостойный		недосто'йный	 
 	недострелянный		недострѣ'лянный	 
 	недоступен		недосту'пенъ	 
 	недоступнее		недосту'пнѣе	 
 	недоступного		недосту'пнаго	 
 	недоступное		недосту'пное	 
 	недоступные		недосту'пные (м. р.), недосту'пныя (ж. р. и ср. р.)	 
 	недоступный		недосту'пный, недосту'пнаго	 
 	недосуг		недосу'гъ	 
 	недотёпа		недотёпа (неуклю'жій, нело'вкій, неумѣ'лый)	 
 	недоумевает		недоумѣва'етъ	 
 	недоумевать		недоумѣва'ть	 
 	недоумение		недоумѣ'ніе	 
 	недоучтённый		недоучтённый	 
 	недочёт		недочётъ	 
 	недра		нѣ'дра	 
 	недреманное		недрема'нное о'ко (постоя'нный надзо'ръ, наблюде'ніе)	 
 	недремлющее		недре'млющее	 
 	Недригайлов		Недрига'йловъ	 
 	недруг		не'другъ	 
 	недуг		неду'гъ	 
 	недужить		неду'жить	 
 	недужный		неду'жный, неду'женъ	 
 	недурён		недурёнъ	 
 	недурно		неду'рно	 
 	недюжинный		недю'жинный (выдаю'щійся), недю'жиннаго ума'	 
 	неё		неё — вин. ед. ч., нея' — род. ед. ч.	 
 	Неемия		Нее'мія	 
 	неестественно		неесте'ственно	 
 	нежась		нѣ'жась	 
 	нежданный		нежда'нный	 
 	нежелательный		нежела'тельный	 
 	нежели		не'жели (ина'че, по-друго'му, чѣмъ); пре'жде, не'жели былъ Авраа'мъ	 
 	нежен		нѣ'женъ	 
 	неженка		нѣ'женка, о нѣ'женкѣ	 
 	нежжёный		нежжёный	 
 	нежилое		нежило'е	 
 	нежилой		нежило'й	 
 	Нежин		Нѣ'жинъ	 
 	нежит		нѣ'житъ (нѣ'жно), нѣ'жу, нѣ'жишь	 
 	нежится		нѣ'жится	 
 	нежить		нѣ'жить (нѣ'жно)	 
 	нежить		не'жить (не'чисть)	 
 	нежиться		нѣ'житься	 
 	нежнее		нѣжнѣ'е, но ни'жнее	 
 	нежнейший		нѣжнѣ'йшій, нѣжнѣ'йшаго	 
 	нежничать		нѣ'жничать	 
 	нежно		нѣ'жно	 
 	нежное		нѣ'жное	 
 	нежность		нѣ'жность	 
 	нежные		нѣ'жные (м. р.), нѣ'жныя (ж. р. и ср. р.)	 
 	нежный		нѣ'жный, нѣ'жнаго, нѣ'жно	 
 	незабвенный		незабве'нный	 
 	незабудка		незабу'дка	 
 	незабываемый		незабыва'емый	 
 	не забывайте		не забыва'йте	 
 	незавершённый		незавершённый	 
 	независимость		незави'симость	 
 	незадача		незада'ча	 
 	незадолго		незадо'лго	 
 	незаёмный		незаёмный	 
 	незаконнорождённый		незаконнорождённый	 
 	незакреплённый		незакрѣплённый	 
 	незамедлительно		незамедли'тельно, незамедли'тельное	 
 	незаменимый		незамѣни'мый	 
 	незаметно		незамѣ'тно	 
 	незамещённый		незамѣщённый	 
 	незамирённый		незамирённый (отъ мири'ть)	 
 	незамужние		незаму'жнія ж. р.	 
 	незамутнённый		незамутнённый	 
 	незапамятный		незапа'мятный	 
 	незасёдланный		незасѣ'дланный	 
 	незаселённый		незаселённый	 
 	незастёгнутый		незастёгнутый	 
 	незатейливый		незатѣ'йливый	 
 	незачем		не'-зачѣмъ	 
 	незачёт		незачётъ, (не низачо'тъ :)	 
 	не за что		не' за что	 
 	незащищённый		незащищённый	 
 	незваный		незва'ный (незва'ный го'сть ху'же тата'рина), не незва'нный!	 
 	нездешний		нездѣ'шній	 
 	нездоровится		нездоро'вится	 
 	Незеленов		Незеле'новъ	 
 	неземной		неземно'й	 
 	незнакомец		незнако'мецъ	 
 	незнакомого		незнако'маго	 
 	незнакомое		незнако'мое	 
 	незнакомые		незнако'мые (м. р.), незнако'мыя (ж. р. и ср. р.)	 
 	незнакомый		незнако'мый, незнако'маго	 
 	незнание		незна'ніе	 
 	незначительный		незначи'тельный	 
 	незнающий		незна'ющій, незна'ющаго	 
 	незрелого		незрѣ'лаго	 
 	незрелое		незрѣ'лое	 
 	незрелые		незрѣ'лые (м. р.), незрѣ'лыя (ж. р. и ср. р.)	 
 	незрелый		незрѣ'лый, незрѣ'лаго	 
 	незыблемый		незы'блемый	 
 	неизбежно		неизбѣ'жно	 
 	неизбежное		неизбѣ'жное	 
 	неизбежный		неизбѣ'жный	 
 	неизведанный		неизвѣ'данный	 
 	неизвестен		неизвѣ'стенъ	 
 	неизвестно		неизвѣ'стно гдѣ, э'то никому' не извѣ'стно	 
 	неизвестного		неизвѣ'стнаго	 
 	неизвестное		неизвѣ'стное	 
 	неизвестные		неизвѣ'стные (м. р.), неизвѣ'стныя (ж. р. и ср. р.)	 
 	неизвестный		неизвѣ'стный, неизвѣ'стнаго, никому' не извѣ'стный	 
 	неизгладимое		неизглади'мое (впечатлѣ'ніе)	 
 	неизлечимого		неизлѣчи'маго	 
 	неизлечимое		неизлѣчи'мое	 
 	неизлечимые		неизлѣчи'мые (м. р.), неизлѣчи'мыя (ж. р. и ср. р.)	 
 	неизлечимый		неизлѣчи'мый, неизлѣчи'маго	 
 	неизменнее		неизмѣ'ннѣе	 
 	неизменно		неизмѣ'нно	 
 	неизменное		неизмѣ'нное	 
 	неизменяемый		неизмѣня'емый, неизмѣня'емаго	 
 	неизмеримый		неизмѣри'мый, неизмѣри'маго	 
 	неизречённый		неизречённый	 
 	не из чего		не' изъ чего	 
 	неизъяснимое		неизъясни'мое	 
 	не имеет		не имѣ'етъ, но неимѣ'ніе	 
 	неимение		неимѣ'ніе, за неимѣ'ніемъ, по неимѣ'нію	 
 	неименитый		неимени'тый, неимени'таго	 
 	неимоверно		неимовѣ'рно	 
 	неискажённый		неискажённый	 
 	неискоренённый		неискоренённый	 
 	неискушённый		неискушённый	 
 	неисповедимы		неисповѣди'мы	 
 	неиссекаемый		неизсѣка'емый (изсѣ'чь), но неизсяка'емый (изся'кнуть)	 
 	неисследимый		неизслѣди'мый	 
 	неисследованного		неизслѣ'дованнаго	 
 	неисследованное		неизслѣ'дованное	 
 	неисследованные		неизслѣ'дованные (м. р.), неизслѣ'дованныя (ж. р. и ср. р.)	 
 	неисследованный		неизслѣ'дованный, неизслѣ'дованнаго	 
 	неиссякаемый		неизсяка'емый (изся'кнуть), но неизсѣка'емый (изсѣ'чь)	 
 	неистов		неи'стовъ, неи'стова, неи'стовы	 
 	неистовее		неи'стовѣе	 
 	неистовейший		неи'стовѣйшій	 
 	неистово		неи'стово	 
 	неистового		неи'стоваго	 
 	неистовое		неи'стовое	 
 	неистовствовать		неи'стовствовать	 
 	неистовствует		неи'стовствуетъ, неи'стовствуемъ, неи'стовствуешь, неи'стовствуютъ	 
 	неистовствуют		неи'стовствуютъ	 
 	неистовствующего		неи'стовствующаго	 
 	неистовствующее		неи'стовствующее	 
 	неистовствующие		неи'стовствующіе (м. р.), неи'стовствующія (ж. р. и ср. р.)	 
 	неистовствующий		неи'стовствующій, неи'стовствующаго	 
 	неистовые		неи'стовые (м. р.), неи'стовыя (ж. р. и ср. р.)	 
 	неистовый		неи'стовый, неи'стоваго	 
 	неисчерпаемый		неисчерпа'емый	 
 	неисчислимый		неисчисли'мый	 
 	Неита		Неи'та	 
 	ней		ней, къ ней, о ней	 
 	Ней		Не'й	 
 	Нейвид		Нейви'дъ	 
 	нейдёт		нейдётъ	 
 	неймёт		неймётъ	 
 	неймётся		неймётся	 
 	Нейстрия		Не'йстрія	 
 	нейти		нейти', нейдётъ	 
 	нейтралитет		нейтралите'тъ	 
 	нейтральный		нейтра'льный	 
 	Нейшлот		Нейшло'тъ	 
 	Нейштадт		Нейшта'дтъ	 
 	неказистый		некази'стый	 
 	Некар		Нека'ръ	 
 	некать		нѣ'кать, нѣ'канье	 
 	некая		нѣ'кая, о нѣ'коей и о нѣ'кой	 
 	некем		не'кѣмъ	 
 	некие		нѣ'кіе (м. р.), нѣ'кія (ж. р. и ср. р.)	 
 	некий		нѣ'кій, нѣ'коего (не нѣ'каго и не нѣ'кого!), нѣ'коему, нѣ'кимъ, о нѣ'коемъ, нѣ'кая, нѣ'коей и нѣ'кой, нѣ'кую, о нѣ'коей и о нѣ'кой, нѣ'кіе (м. р.) и нѣ'кія (ж. р. и ср. р.), нѣ'кихъ, нѣ'кимъ, нѣ'кими, о нѣ'кихъ	 
 	некипячёная		некипячёная	 
 	Неккер		Не'ккеръ	 
 	неклеймёный		неклеймёный	 
 	некогда		нѣ'когда (въ знач. когда'-то), но не'когда (нѣтъ вре'мени)	 
 	некого		не'кого, но нѣ'коего	 
 	некое		нѣ'кое	 
 	некоем		о нѣ'коемъ (не нѣ'комъ!)	 
 	некому		не'кому	 
 	некоторое		нѣ'которое	 
 	некоторые		нѣ'которые (м. р.), нѣ'которыя (ж. р. и ср. р.)	 
 	некоторый		нѣ'который, нѣ'котораго	 
 	Некрасов		Некра'совъ	 
 	некрещёный		некрещёный	 
 	некроз		некро'зъ	 
 	некролог		некроло'гъ (не некро'логъ!)	 
 	некромант		некрома'нтъ	 
 	некрополь		некро'поль (кла'дбище, на кото'ромъ похоро'нены знамени'тости)	 
 	некрофил		некрофи'лъ	 
 	некрофилия		некрофилі'я (полово'е влече'ніе къ тру'памъ)	 
 	некстати		некста'ти	 
 	нектар		некта'ръ	 
 	Нектарий		Некта'рій	 
 	некто		нѣ'кто	 
 	не кто иной		не кто' ино'й, какъ Ива'нъ Ива'новичъ; но никто' ино'й не могъ э'того сдѣ'лать	 
 	некуда		не'куда	 
 	некуцый		неку'цый	 
 	не к чему		не' къ чему	 
 	неладен		нела'денъ, будь онъ нела'денъ	 
 	неладное		нела'дное	 
 	нелегальный		нелега'льный	 
 	нелёгкая		нелёгкая (принесла' его' нелёгкая — онъ пришёлъ некста'ти, зря)	 
 	нелестный		неле'стный	 
 	нелётная		нелётная	 
 	нелепее		нелѣ'пѣе	 
 	нелепейший		нелѣ'пѣйшій	 
 	нелепица		нелѣ'пица, нелѣ'по	 
 	нелепо		нелѣ'по, нелѣ'пость	 
 	нелепость		нелѣ'пость, нелѣ'пица, нелѣ'по	 
 	нелепые		нелѣ'пые (м. р.), нелѣ'пыя (ж. р. и ср. р.)	 
 	нелепый		нелѣ'пый, нелѣ'паго	 
 	нелет		неле'тъ (пингви'нъ)	 
 	нелицеприятный		нелицепрія'тный	 
 	нелишне		нели'шне	 
 	нелишнее		нели'шнее	 
 	неловкий		нело'вкій	 
 	нелужёный		нелужёный	 
 	нельзя		нельзя'	 
 	Нельсон		Не'льсонъ	 
 	нем		нѣмъ (нѣмо'й)	 
 	нём		нёмъ (о нёмъ, въ нёмъ)	 
 	немалый		нема'лый	 
 	Неман		Нѣ'манъ	 
 	немало		нема'ло, нема'лый, нема'лаго (хлопо'тъ бы'ло нема'ло), но нима'ло (онъ нима'ло не разстро'ился), ткж. ни мно'го ни ма'ло (доста'точно)	 
 	немалый		нема'лый, нема'лаго	 
 	нематода		немато'да	 
 	Немврод		Немвро'дъ	 
 	немедленно		неме'дленно	 
 	немедля		неме'для	 
 	немеет		нѣмѣ'етъ	 
 	немеешь		нѣмѣ'ешь	 
 	Немезида		Немези'да	 
 	немерено		немѣ'рено (о'чень мно'го, съ избы'ткомъ, вдо'воль; безъ счёта), не немѣ'ренно! и не немѣ'ряно!, но не мѣ'ренный	 
 	немеркнущего		неме'ркнущаго	 
 	немеркнущей		неме'ркнущей	 
 	немеркнущий		неме'ркнущій, неме'ркнущаго	 
 	неметёный		неметёный	 
 	неметчина		нѣме'тчина (нѣме'цкіе нра'вы, обы'чаи; чужа'я земля', иностра'нное госуда'рство)	 
 	Неметчина		Нѣме'тчина (Герма'нія)	 
 	неметь		нѣмѣ'ть	 
 	немец		нѣ'мецъ, о нѣ'мцѣ, нѣ'мцемъ	 
 	немецкие		нѣме'цкіе (м. р.), нѣме'цкія (ж. р. и ср. р.)	 
 	немецкий		нѣме'цкій, нѣме'цкаго, по-нѣме'цки (ра'нѣе — по нѣме'цки)	 
 	немецкого		нѣме'цкаго	 
 	немецкое		нѣме'цкое	 
 	немеют		нѣмѣ'ютъ	 
 	немея		нѣмѣ'я (отъ нѣмѣ'ть)	 
 	Неми		Неми'	 
 	немилосердный		немилосе'рдный	 
 	немилость		неми'лость	 
 	неминуемый		немину'емый	 
 	Немиров		Неми'ровъ	 
 	Немирович-Данченко		Немиро'вичъ-Да'нченко	 
 	немка		нѣ'мка, о нѣ'мкѣ	 
 	немочка		нѣ'мочка	 
 	немногие		немно'гіе (м. р.), немно'гія (ж. р. и ср. р.)	 
 	немного		немно'го (нѣ'сколько), но не мно'го, а ма'ло, ткж. ни мно'го ни ма'ло (доста'точно)	 
 	немногое		немно'гое, немно'гаго	 
 	немножко		немно'жко, немно'жечко	 
 	немого		нѣмо'го	 
 	немое		нѣмо'е, но не моё	 
 	неможется		немо'жется (болѣ'ется)	 
 	немой		нѣмо'й (лишённый да'ра рѣ'чи), но не мой чемода'нчикъ	 
 	немолодой		немолодо'й	 
 	немолчность		немо'лчность	 
 	немолчный		немо'лчный	 
 	немота		нѣмота'	 
 	немочь		немо'чь (болѣ'ть), занемо'чь (заболѣ'ть)	 
 	немочь		не'мочь и не'мощь (блѣ'дная не'мочь — болѣ'знь)	 
 	немощёный		немощёный	 
 	немощность		не'мощность	 
 	немощный		не'мощный	 
 	немощь		не'мощь и не'мочь (болѣ'знь)	 
 	нему		нему' (къ нему', о нёмъ)	 
 	немудрёный		немудрёный	 
 	немцы		нѣ'мцы, нѣ'мцевъ, нѣ'мцемъ, нѣ'мцами	 
 	немчик		нѣ'мчикъ	 
 	немчин		нѣмчи'нъ (инозе'мецъ европе'йскаго происхожде'нія)	 
 	немчура		нѣмчура'	 
 	немы		нѣ'мы (нѣмы'е), но не мы	 
 	немые		нѣмы'е (м. р.), нѣмы'я (ж. р. и ср. р.)	 
 	немыслимое		немы'слимое, немы'слимаго	 
 	немыслимые		немы'слимые (м. р.), немы'слимыя (ж. р. и ср. р.)	 
 	ненавидеть		ненави'дѣть	 
 	ненавистный		ненави'стный, ненави'стнаго	 
 	ненависть		не'нависть	 
 	ненаглядный		ненагля'дный	 
 	ненадёванный		ненадѣ'ванный	 
 	ненадёжный		ненадёжный	 
 	ненаказуемый		ненаказу'емый	 
 	ненароком		ненаро'комъ	 
 	ненастье		нена'стье	 
 	ненасытный		ненасы'тный	 
 	ненец		самоѣ'дъ, самоя'дъ	 
 	ненецкий		самоѣ'дскій, самоя'дскій	 
 	Нения		Не'нія	 
 	ненка		самоѣ'дка, самоя'дка	 
 	не нужен		не ну'женъ (онъ нену'женъ — никому' не ну'женъ)	 
 	не нужнее		не нужнѣ'е	 
 	ненужное		нену'жное (оно' нену'жное — никому' не ну'жное)	 
 	ненужные		нену'жные (м. р.), нену'жныя (ж. р. и ср. р.)	 
 	ненужный		нену'жный, нену'жнаго (онъ нену'жный — ни на что не ну'жный)	 
 	ненцем		самоѣ'домъ, самоя'домъ	 
 	ненцы		самоѣ'ды, самоя'ды	 
 	необожжённый		необожжённый	 
 	необразованного		необразо'ваннаго	 
 	необразованные		необразо'ванные (м. р.), необразо'ванныя (ж. р. и ср. р.)	 
 	необременительно		необремени'тельно	 
 	необходимое		необходи'мое	 
 	необходимость		необходи'мость	 
 	необходимые		необходи'мые (м. р.), необходи'мыя (ж. р. и ср. р.)	 
 	необыкновенный		необыкнове'нный, необыкнове'нное	 
 	необычайное		необыча'йное	 
 	необычное		необы'чное	 
 	необычные		необы'чные (м. р.), необы'чныя (ж. р. и ср. р.)	 
 	необычный		необы'чный, необы'чнаго	 
 	необъяснённый		необъяснённый	 
 	неодетые		неодѣ'тые (м. р.), неодѣ'тыя (ж. р. и ср. р.)	 
 	неодетый		неодѣ'тый, неодѣ'таго, неодѣ'тымъ	 
 	неодобрительно		неодобри'тельно	 
 	неодобрительное		неодобри'тельное	 
 	неодушевлённый		неодушевлённый	 
 	неожиданный		неожи'данный	 
 	неологизм		неологи'змъ (вно'вь появи'вшееся въ языкѣ' сло'во и'ли словосочета'ніе)	 
 	неон		нео'нъ, нео'новое	 
 	Неонила		Неони'ла	 
 	неоперённый		неоперённый	 
 	неописуемое		неопису'емое	 
 	неописуемый		неопису'емый	 
 	неопределённый		неопредѣлённый	 
 	неопровержимо		неопровержи'мо, неопровержи'мое	 
 	Неоптолем		Неоптоле'мъ	 
 	неоригинального		неоригина'льнаго	 
 	неоригинальное		неоригина'льное	 
 	неоригинальные		неоригина'льные (м. р.), неоригина'льныя (ж. р. и ср. р.)	 
 	неоригинальный		неоригина'льный, неоригина'льнаго	 
 	неосведомлённый		неосвѣдомлённый	 
 	неосвещённый		неосвѣщённый	 
 	неосвящённый		неосвящённый	 
 	неосёдланный		неосѣ'дланный	 
 	не осилил		не оси'лилъ, (не ниаси'лилъ :)	 
 	неоспоримое		неоспори'мое	 
 	неостепенённый		неостепенённый	 
 	неосторожный		неосторо'жный	 
 	неосуществлённый		неосуществлённый	 
 	неотделяемый		неотдѣля'емый	 
 	неотёсанный		неотёсанный	 
 	неоткуда		не'откуда (взя'ться), но ниотку'да (изъ никаки'хъ мѣстъ)	 
 	неотложен		неотло'женъ	 
 	неотложное		неотло'жное	 
 	неотложные		неотло'жные (м. р.), неотло'жныя (ж. р. и ср. р.)	 
 	неотложный		неотло'жный, неотло'жнаго	 
 	неотразимое		неотрази'мое	 
 	неотчётливый		неотчётливый	 
 	неотъемлемый		неотъе'млемый (не неотъе'млимый!)	 
 	Неофит		Неофи'тъ	 
 	неофит		неофи'тъ (новообращённый въ каку'ю-либо рели'гію; но'вый и горя'чій приве'рженецъ, сторо'нникъ чего'-либо)	 
 	неохота		неохо'та	 
 	неоценённость		неоцѣнённость	 
 	неоценимая		неоцѣни'мая	 
 	неоценимое		неоцѣни'мое	 
 	неоценимые		неоцѣни'мые (м. р.), неоцѣни'мыя (ж. р. и ср. р.)	 
 	неоценимый		неоцѣни'мый, неоцѣни'маго	 
 	не о чем		не' о чѣмъ (говори'ть), но ни о чёмъ (не поговори'ли)	 
 	Непал		Непа'лъ	 
 	непасённый		непасённый	 
 	Непер		Не'перъ	 
 	непервоочерёдной		непервоочерёдной	 
 	непереведённый		непереведённый	 
 	непересечённый		непересѣчённый	 
 	Непир		Непи'ръ	 
 	неписаный		непи'саный (не непи'санный!), но дурака'мъ зако'нъ не пи'санъ	 
 	неплатёж		неплатёжъ	 
 	неплательщик		неплате'льщикъ	 
 	неплохие		неплохі'е (м. р.), неплохі'я (ж. р. и ср. р.)	 
 	неплохо		непло'хо, но не пло'хо, а гора'здо ху'же	 
 	неплохой		неплохо'й, неплохо'е, неплохо'го	 
 	непобедимый		непобѣди'мый	 
 	непобеждённый		непобѣждённый	 
 	неповадно		непова'дно	 
 	неповинный		непови'нный	 
 	неповиновение		неповинове'ніе	 
 	неповторимое		неповтори'мое	 
 	неповторимые		неповтори'мые (м. р.), неповтори'мыя (ж. р. и ср. р.)	 
 	непогода		непого'да	 
 	непогрешимость		непогрѣши'мость	 
 	неподалёку		неподалёку	 
 	неподелённый		неподѣлённый	 
 	не по-детски		не по-дѣ'тски, (не нипадѣ'ццки :)	 
 	неподвижно		неподви'жно	 
 	неподвижное		неподви'жное	 
 	неподвластного		неподвла'стнаго	 
 	неподвластное		неподвла'стное	 
 	неподвластные		неподвла'стные (м. р.), неподвла'стныя (ж. р. и ср. р.)	 
 	неподвластный		неподвла'стный, неподвла'стнаго	 
 	неподдающееся		неподдаю'щееся	 
 	неподдающиеся		неподдаю'щіеся (м. р.), неподдаю'щіяся (ж. р. и ср. р.)	 
 	неподдающийся		неподдаю'щійся, неподдаю'щагося	 
 	неподдельного		неподдѣ'льнаго	 
 	неподдельное		неподдѣ'льное	 
 	неподдельные		неподдѣ'льные (м. р.), неподдѣ'льныя (ж. р. и ср. р.)	 
 	неподдельный		неподдѣ'льный, неподдѣ'льнаго	 
 	неподотчётное		неподотчётное	 
 	неподотчётные		неподотчётные (м. р.), неподотчётныя (ж. р. и ср. р.)	 
 	неподотчётный		неподотчётный, неподотчётнаго	 
 	неподражаемое		неподража'емое	 
 	неподражаемые		неподража'емые (м. р.), неподража'емыя (ж. р. и ср. р.)	 
 	неподражаемый		неподража'емый, неподража'емаго	 
 	неподтверждённый		неподтверждённый	 
 	неподъёмный		неподъёмный	 
 	Непокойчицкий		Непокойчи'цкій	 
 	непоколебимый		непоколеби'мый (не непокобели'мый! :)	 
 	непокорённый		непокорённый	 
 	неполноценный		неполноцѣ'нный	 
 	непомерный		непомѣ'рный	 
 	Непомук		Непому'къ	 
 	непонимание		непонима'ніе	 
 	непониманием		непонима'ніемъ	 
 	непонимании		непонима'ніи	 
 	непонимания		непонима'нія	 
 	непонятнее		непоня'тнѣе	 
 	непонятно		непоня'тно	 
 	непонятное		непоня'тное	 
 	непонятные		непоня'тные (м. р.), непоня'тныя (ж. р. и ср. р.)	 
 	непоправимое		непоправи'мое	 
 	непорочное		непоро'чное зача'тіе	 
 	непосвящённый		непосвящённый	 
 	непоседа		непосѣ'да	 
 	непосредственно		непосре'дственно	 
 	непосредственного		непосре'дственнаго	 
 	непосредственное		непосре'дственное	 
 	непосредственность		непосре'дственность	 
 	непосредственные		непосре'дственные (м. р.), непосре'дственныя (ж. р. и ср. р.)	 
 	непосредственный		непосре'дственный, непосре'дственнаго	 
 	Непот		Непо'тъ	 
 	непотизм		непоти'змъ (покрови'тельство по слу'жбѣ)	 
 	непотопляемого		непотопля'емаго	 
 	непотопляемый		непотопля'емый	 
 	непотребный		непотре'бный	 
 	непотребство		непотре'бство	 
 	непохожий		непохо'жій	 
 	непочатый		непоча'тый	 
 	неправ		непра'въ, неправа', неправы'	 
 	неправда		непра'вда	 
 	неправие		непра'віе (несправедли'вость)	 
 	неправильный		непра'вильный	 
 	неправого		непра'ваго	 
 	неправое		непра'вое	 
 	неправые		непра'вые (м. р.), непра'выя (ж. р. и ср. р.)	 
 	неправый		непра'вый, непра'ваго	 
 	непрактичный		непракти'чный	 
 	непревзойдённый		непревзойдённый	 
 	непредвиденного		непредви'дѣннаго	 
 	непредвиденное		непредви'дѣнное	 
 	непредвиденные		непредви'дѣнные (м. р.), непредви'дѣнныя (ж. р. и ср. р.)	 
 	непредвиденный		непредви'дѣнный, непредви'дѣннаго	 
 	непредубеждённый		непредубѣждённый	 
 	непредупреждённый		непредупреждённый	 
 	непрекращающийся		непрекраща'ющійся	 
 	непреложный		непрело'жный	 
 	непременно		непремѣ'нно, непремѣ'нный	 
 	непреодолимый		непреодоли'мый	 
 	непрерывный		непреры'вный, непреры'внаго	 
 	непрестанно		непреста'нно	 
 	непреходящее		непреходя'щее (вѣ'чное)	 
 	непреходящие		непреходя'щіе (м. р.), непреходя'щія (ж. р. и ср. р.)	 
 	непреходящий		непреходя'щій, непреходя'щаго	 
 	непривычки		непривы'чки (съ непривы'чки)	 
 	непривычный		непривы'чный	 
 	неприглашённый		неприглашённый	 
 	неприемлемое		непріе'млемое (не непріе'млимое!)	 
 	неприёмный		непріёмный	 
 	неприкосновенность		неприкоснове'нность	 
 	неприметный		непримѣ'тный	 
 	непринуждённый		непринуждённый	 
 	неприхотливый		неприхотли'вый	 
 	непричёсанный		непричёсанный	 
 	неприязнь		непрія'знь	 
 	неприятель		непрія'тель	 
 	неприятнее		непрія'тнѣе	 
 	неприятно		непрія'тно	 
 	неприятного		непрія'тнаго	 
 	неприятное		непрія'тное	 
 	неприятность		непрія'тность	 
 	неприятные		непрія'тные (м. р.), непрія'тныя (ж. р. и ср. р.)	 
 	неприятный		непрія'тный, непрія'тнаго	 
 	непрожёванный		непрожёванный	 
 	непроизвольного		непроизво'льнаго	 
 	непроизвольный		непроизво'льный, непроизво'льнаго	 
 	непромёрзший		непромёрзшій	 
 	непроницаемость		непроница'емость	 
 	непросветлённый		непросвѣтлённый	 
 	непросвещённый		непросвѣщённый	 
 	непротёртый		непротёртый	 
 	непротивление		непротивле'ніе (но не про'тивъ)	 
 	непроторённый		непроторённый	 
 	непрочный		непро'чный, непро'ченъ, непро'чное	 
 	не прочь		не про'чь (не про'тивъ, согла'сенъ), но непро'чный	 
 	непрояснённый		непрояснённый	 
 	Непрядва		Непря'два	 
 	Нептун		Непту'нъ	 
 	непутёвый		непутёвый	 
 	неравенство		нера'венство	 
 	неравномерно		неравномѣ'рно	 
 	неразвёрнутый		неразвёрнутый	 
 	неразветвлённый		неразвѣтвлённый	 
 	неразговорчивый		неразгово'рчивый	 
 	неразделённый		нераздѣлённый	 
 	нераздельный		нераздѣ'льный	 
 	неразоблачённый		неразоблачённый	 
 	неразрешённый		неразрѣшённый	 
 	неразрывно		неразры'вно	 
 	неразрывный		неразры'вный	 
 	неразумен		неразу'менъ, но недоразумѣ'ніе	 
 	неразумие		неразу'міе	 
 	неразумные		неразу'мные (м. р.), неразу'мныя (ж. р. и ср. р.)	 
 	неразумный		неразу'мный, неразу'мнаго	 
 	неразъёмный		неразъёмный	 
 	неразъяснённый		неразъяснённый	 
 	нерасплетённый		нерасплетённый	 
 	нераспространённый		нераспространённый	 
 	нерасстанный		неразста'нный (неразлу'чный), неразста'нная, разста'ніе, разстава'ніе	 
 	нерасчётливый		нерасчётливый	 
 	нерасчётный		нерасчётный	 
 	Нербудда		Нербу'дда	 
 	нерв		не'рвъ	 
 	нервирует		нерви'руетъ, нерви'руете	 
 	нервические		нерви'ческіе (м. р.), нерви'ческія (ж. р. и ср. р.)	 
 	нервический		нерви'ческій (не'рвный), нерви'ческаго	 
 	нервического		нерви'ческаго	 
 	нервическое		нерви'ческое	 
 	нервного		не'рвнаго	 
 	нервное		не'рвное	 
 	нервные		не'рвные (м. р.), не'рвныя (ж. р. и ср. р.)	 
 	нервный		не'рвный, не'рвнаго	 
 	нервотрёпка		нервотрёпка	 
 	нервы		не'рвы	 
 	нередко		нерѣ'дко (наpѣч.), но не рѣ'дко, а ча'сто	 
 	Нереиды		Нереи'ды	 
 	Нерей		Нере'й	 
 	нерест		не'рестъ	 
 	Нерехта		Нере'хта	 
 	нерешённый		нерѣшённый	 
 	нерешительный		нерѣши'тельный	 
 	неровно		неро'вно	 
 	неровня		неро'вня	 
 	Нерон		Неро'нъ	 
 	нерпа		не'рпа	 
 	нерукотворный		нерукотво'рный	 
 	нерушимый		неруши'мый	 
 	Нерчинск		Не'рчинскъ	 
 	неряха		неря'ха	 
 	неряшливо		неря'шливо	 
 	неряшливый		неря'шливый	 
 	нёс		нёсъ	 
 	несбыточный		несбы'точный	 
 	несварение		несваре'ніе	 
 	несведущий		несвѣ'дущій (не несвѣ'дующій!)	 
 	несвежий		несвѣ'жій	 
 	несвершённый		несвершённый	 
 	Несвиж		Несви'жъ	 
 	Несвицкий		Несви'цкій	 
 	несгораемый		несгора'емый	 
 	несделанного		несдѣ'ланнаго	 
 	несделанные		несдѣ'ланные (м. р.), несдѣ'ланныя (ж. р. и ср. р.)	 
 	несделанный		несдѣ'ланный, несдѣ'ланнаго	 
 	несдобровать		несдоброва'ть	 
 	несём		несёмъ	 
 	несёмся		несёмся, несётся, несёшься	 
 	несённый		несённый	 
 	несерьёзный		несерьёзный	 
 	несессер		несессе'ръ (шкату'лка, коро'бка, чемода'нчикъ съ набо'ромъ принадле'жностей для туале'та, шитья')	 
 	несёт		несётъ, несёмъ, несёшь, несу'тъ	 
 	несётесь		несётесь, несёмся, несёшься, несу'тся	 
 	несёшься		несёшься	 
 	несите		неси'те	 
 	неситесь		неси'тесь	 
 	несказанно		несказа'нно (о'чень)	 
 	несказанное		несказа'нное (невырази'мое)	 
 	нескладёха		нескладёха (недотёпа, ро'хля, у'валень, тете'ря, пе'нтюхъ)	 
 	несколько		нѣ'сколько, по нѣ'скольку	 
 	не скорее		не скорѣ'е	 
 	не скоро		не ско'ро	 
 	нескорый		неско'рый, неско'раго	 
 	Нескучный		Неску'чный садъ	 
 	неслась		несла'сь, несли'сь, несло'сь	 
 	несли		несли', несла', несло'	 
 	неслись		несли'сь	 
 	несмел		несмѣ'лъ (ро'бокъ)	 
 	не смел		не смѣ'лъ (не рѣши'лся)	 
 	не смелее		не смѣлѣ'е	 
 	несмело		несмѣ'ло, несмѣ'лое	 
 	несмелые		несмѣ'лые (м. р.), несмѣ'лыя (ж. р. и ср. р.)	 
 	несмелый		несмѣ'лый, несмѣ'лаго	 
 	несметного		несмѣ'тнаго	 
 	несметные		несмѣ'тные (м. р.), несмѣ'тныя (ж. р. и ср. р.)	 
 	несметный		несмѣ'тный (неисчисли'мый)	 
 	несмещённый		несмѣщённый	 
 	несмеяна		несмѣя'на (ска'зочная царе'вна), о царе'внѣ-несмѣя'нѣ	 
 	несмотря		несмотря' (на обстоя'тельства), но не смотря' (по сторона'мъ)	 
 	не смотря		не смотря' (по сторона'мъ), но несмотря' (на обстоя'тельства)	 
 	несмышлёныш		несмышлёнышъ	 
 	несносен		несно'сенъ	 
 	несноснее		несно'снѣе	 
 	несносного		несно'снаго	 
 	несносное		несно'сное	 
 	несносные		несно'сные (м. р.), несно'сныя (ж. р. и ср. р.)	 
 	несносный		несно'сный, несно'снаго	 
 	несовершенный		несоверше'нный (т. е. небезупре'чный), но несовершённый и несовершо'нный (т. е. несдѣ'ланный)	 
 	несовершённый		несовершённый и несовершо'нный (т. е. несдѣ'ланный), но несоверше'нный (т. е. небезупре'чный)	 
 	несовершеннолетие		несовершеннолѣ'тіе	 
 	несовершеннолетний		несовершеннолѣ'тній	 
 	несовременные		несовреме'нные (м. р.), несовреме'нныя (ж. р. и ср. р.)	 
 	несовременный		несовреме'нный, несовреме'ннаго	 
 	несодержательное		несодержа'тельное	 
 	несолёный		несолёный	 
 	не сомневайтесь		не сомнѣва'йтесь	 
 	несомненнее		несомнѣ'ннѣе	 
 	несомненно		несомнѣ'нно, несомнѣ'ннѣе	 
 	несомненного		несомнѣ'ннаго	 
 	несомненные		несомнѣ'нные (м. р.), несомнѣ'нныя (ж. р. и ср. р.)	 
 	несомненный		несомнѣ'нный, несомнѣ'ннаго	 
 	несомого		несо'маго	 
 	несомое		несо'мое	 
 	несомые		несо'мые (м. р.), несо'мыя (ж. р. и ср. р.)	 
 	несомый		несо'мый, несо'маго	 
 	несостоятельного		несостоя'тельнаго	 
 	несостоятельное		несостоя'тельное	 
 	несостоятельность		несостоя'тельность	 
 	несостоятельные		несостоя'тельные (м. р.), несостоя'тельныя (ж. р. и ср. р.)	 
 	несостоятельный		несостоя'тельный, несостоя'тельнаго	 
 	неспешнее		неспѣ'шнѣе	 
 	неспешный		неспѣ'шный, неспѣ'шнаго	 
 	неспроста		неспроста' (не да'ромъ, не безъ причи'ны)	 
 	несравненнее		несравне'ннѣе	 
 	несравненно		несравне'нно	 
 	несравненное		несравне'нное	 
 	несравненного		несравне'ннаго	 
 	несравненные		несравне'нные (м. р.), несравне'нныя (ж. р. и ср. р.)	 
 	Нессельроде		Нессельро'де	 
 	нёсся		нёсся	 
 	нестерпимое		нестерпи'мое	 
 	нести		нести'	 
 	нестись		нести'сь	 
 	Нестле		Не'стле	 
 	нестомчивость		несто'мчивость (выно'сливость)	 
 	Нестор		Не'сторъ	 
 	Несторий		Несто'рій	 
 	нестроевой		нестроево'й	 
 	несть		нѣ'сть (нѣтъ — нѣ'сть имъ числа'), нѣ'сть глу'пости го'ршія я'ко глу'пость	 
 	несу		несу' (ну и неси' себѣ' :)	 
 	несуразен		несура'зенъ	 
 	несуразное		несура'зное	 
 	несуразный		несура'зный, несура'знаго	 
 	несусветный		несусвѣ'тный (невообрази'мый)	 
 	несусь		несу'сь	 
 	несут		несу'тъ	 
 	несутся		несу'тся	 
 	несушка		несу'шка	 
 	несущего		несу'щаго	 
 	несущее		несу'щее	 
 	несущие		несу'щіе (м. р.), несу'щія (ж. р. и ср. р.)	 
 	несущий		несу'щій, несу'щаго, несу'щее	 
 	несущийся		несу'щійся, несу'щагося, несу'щееся (не неся'щійся!)	 
 	несходный		несхо'дный	 
 	несчастный		несча'стный, несча'стіе	 
 	несчастье		несча'стіе и несча'стье, несча'стный	 
 	несчётный		несчётный, несчётнаго	 
 	нёсшийся		нёсшійся	 
 	несъёмный		несъёмный, несъёмнаго	 
 	неся		неся'	 
 	несясь		неся'сь	 
 	нет		нѣтъ (нѣтъ и всё тутъ!)	 
 	нетвёрдый		нетвёрдый, нетвёрдаго, нетвёрдое	 
 	нетель		не'тель (молода'я, ни ра'зу не тели'вшаяся коро'ва), не'телей	 
 	нетерпение		нетерпѣ'ніе	 
 	нетёсаный		нетёсаный	 
 	нети		нѣ'ти, быть въ нѣ'тяхъ (отсу'тствовать, находи'ться неизвѣ'стно гдѣ)	 
 	нетленный		нетлѣ'нный (вѣ'чный)	 
 	нетопырь		нетопы'рь, нетопырёмъ (видъ лету'чихъ мыше'й)	 
 	Нетреба		Нетре'ба	 
 	нетребовательный		нетре'бовательный	 
 	нетрезвый		нетре'звый, нетре'зваго, не трезвѣ'е	 
 	нетопленый		нето'пленый, не то'пленный	 
 	нетоплёный		нетоплёный	 
 	неторёный		неторёный	 
 	нетто		не'тто (вѣсъ безъ та'ры, упако'вки)	 
 	нету		нѣ'ту, нѣ'тути, нѣ'тушки	 
 	нетути		нѣ'тути (нѣ'ту)	 
 	нетушки		нѣ'тушки (отка'зъ)	 
 	неты		нѣ'ты счита'ть (у насъ вся'каго нѣ'та припасено' съ лѣ'та)	 
 	нетяг		нетя'гъ (сла'бый, хи'лый, дармоѣ'дъ, лѣни'вый, не рабо'тающій), нетя'глый	 
 	неуважение		неуваже'ніе	 
 	неуверенный		неувѣ'ренный, неувѣ'реннаго	 
 	неугодный		неуго'дный, неуго'днаго	 
 	неугомонные		неугомо'нные (м. р.), неугомо'нныя (ж. р. и ср. р.)	 
 	неугомонный		неугомо'нный, неугомо'ннаго	 
 	неудачен		неуда'ченъ	 
 	неудобный		неудо'бный, неудо'бнаго	 
 	неудовлетворённый		неудовлетворённый, неудовлетворённаго	 
 	неудовольствие		неудово'льствіе	 
 	неуёмный		неуёмный, неуёмнаго	 
 	неуж		неу'жъ (неу'жто)	 
 	неужели		неуже'ли и неу'жли	 
 	неужто		неу'жто (неуже'ли)	 
 	неуклюжесть		неуклю'жесть	 
 	неукоснительно		неукосни'тельно	 
 	неукреплённый		неукрѣплённый	 
 	неукрощённый		неукрощённый	 
 	неумелый		неумѣ'лый	 
 	неумён		неумёнъ	 
 	неумение		неумѣ'ніе	 
 	неумеренность		неумѣ'ренность	 
 	неуместный		неумѣ'стный	 
 	неумёха		неумѣха (не умѣ'ющій дѣ'лать что'-либо)	 
 	неумолимее		неумоли'мѣе	 
 	неумолимого		неумоли'маго	 
 	неумолимое		неумоли'мое	 
 	неумолимые		неумоли'мые (м. р.), неумоли'мыя (ж. р. и ср. р.)	 
 	неумолимый		неумоли'мый, неумоли'маго	 
 	неумытный		неумы'тный (неподку'пный)	 
 	неумытый		неумы'тый (гря'зный)	 
 	неурожай		неурожа'й	 
 	неурядица		неуря'дица	 
 	неуспешный		неуспѣ'шный	 
 	неустойка		неусто'йка (убы'тки при невыполне'ніи догово'ра одно'й изъ сторо'нъ)	 
 	Неустроев		Неустро'евъ	 
 	неутверждённый		неутверждённый	 
 	неутешный		неутѣ'шный	 
 	неутолённый		неутолённый	 
 	неуч		не'учъ (невѣ'жда)	 
 	неучёный		неучёный	 
 	неучтённый		неучтённый	 
 	неф		нефъ (помѣще'ніе, ограни'ченное ря'домъ коло'ннъ)	 
 	Нефёд		Нефёдъ	 
 	нефрит		нефри'тъ	 
 	нефтепровод		нефтепрово'дъ	 
 	Нефтетис		Нефте'тисъ	 
 	нефть		нефть	 
 	Нефф		Не'ффъ	 
 	Неффалим		Невфали'мъ и Нефѳали'мъ	 
 	нехай		неха'й (пусть, пуска'й)	 
 	Нехао		Неха'о	 
 	не хватает		не хвата'етъ, но нехва'тка	 
 	не хватать		не хвата'ть, но нехва'тка	 
 	не хватит		не хва'титъ, но нехва'тка	 
 	нехватка		нехва'тка, но не хвата'етъ	 
 	нехорошее		нехоро'шее	 
 	нехотение		нехотѣ'ніе, но не хотѣ'ть	 
 	не хотеть		не хотѣ'ть, но не'хотя	 
 	нехотя		не'хотя, но не хотѣ'ть	 
 	не хочу		не хочу'	 
 	нехристь		не'христь (человѣ'къ нехристіа'нской вѣ'ры и'ли не вѣ'рующій въ Бо'га; жесто'кій, безсо'вѣстный, несправедли'вый человѣ'къ)	 
 	неча		не'ча (не'чего), не'ча на зе'ркало пеня'ть, ко'ли ро'жа крива'	 
 	нечаянно		неча'янно	 
 	нечего		не'чего, не'чѣмъ, не'чему	 
 	нечем		не'чѣмъ, не'чему, не'чего	 
 	нечему		не'чему, не'чѣмъ, не'чего	 
 	нечёсаный		нечёсаный	 
 	нечестие		нече'стіе (беззако'ніе, грѣхъ, безпу'тство)	 
 	нечестно		нече'стно	 
 	нечестный		нече'стный	 
 	нечестивый		нечести'вый, но не'чисть	 
 	нечет		не'четъ (нечётное число', обы'чно при вы'борѣ жре'бія), чётъ и не'четъ	 
 	нечёткий		нечёткій, (не ничо'ткій :)	 
 	нечётный		нечётный	 
 	нечёток		нечётокъ, (не ничо'такъ :)	 
 	нечистоты		нечисто'ты	 
 	нечисть		не'чисть (въ повѣ'рьяхъ — лѣ'шіе, водяны'е, че'рти, вѣ'дьмы; непрія'тныя насѣко'мыя; гря'зь, отбро'сы, нечисто'ты), но нечести'вый	 
 	нечистый		нечи'стый, нечи'стаго	 
 	нечитаемое		нечита'емое	 
 	нечитаемые		нечита'емые (м. р.), нечита'емыя (ж. р. и ср. р.)	 
 	нечитаемый		нечита'емый, нечита'емаго	 
 	нечто		нѣ'что, но не что' ино'е	 
 	не что иное		не что' ино'е, но нѣ'что	 
 	Нешава		Неша'ва	 
 	нешелушёный		нешелушёный	 
 	нешто		нѣ'што (рaзг. ра'звѣ)	 
 	нещадно		неща'дно, неща'дное, неща'денъ	 
 	нещечко		нѣ'щечко (сокро'вище, люби'мое существо')	 
 	нею		не'ю	 
 	нея		нея' — род. ед. ч. отъ неё, сохраня'ется въ стиха'хъ — жнея'/нея'	 
 	неявка		нея'вка	 
 	неясен		нея'сенъ	 
 	неясно		нея'сно, нея'сное	 
 	неясные		нея'сные (м. р.), нея'сныя (ж. р. и ср. р.)	 
 	неясный		нея'сный, нея'снаго	 
 	неясыть		нея'сыть (кру'пная пти'ца отря'да со'въ)	 
ни 	Ниагара		Ніага'ра	^
 	Нибелунги		Нибелу'нги	 
 	ни бельмеса		ни бельме'са	 
 	нибудь		нибу'дь (части'ца, пи'шется че'резъ дефи'съ — какъ-нибу'дь, вно'ситъ неопредѣлённость)	 
 	нивелир		нивели'ръ	 
 	нивелятор		нивеля'торъ (уравни'тель)	 
 	нивесть		нивѣ'сть, невѣ'сть (неизвѣ'стно, непоня'тно; о'чень, чрезвыча'йно)	 
 	ни в коем разе		ни въ ко'емъ ра'зѣ, ко'ій, ко'ей, ко'его, ко'ею	 
 	нигде		нигдѣ'	 
 	Нигер		Ни'геръ	 
 	нигилизм		нигили'змъ (по'лное отрица'ніе всего': обще'ственныхъ но'рмъ, цѣ'нностей, авторите'товъ)	 
 	ни гугу		ни-гугу' (молча'ніе)	 
 	Нидерланды		Нидерла'нды	 
 	Ниеншанц		Ніенша'нцъ	 
 	нижайший		нижа'йшій покло'нъ	 
 	ниже		ни'же	 
 	Нижегородская		Нижегоро'дская (губе'рнія)	 
 	нижегородский		нижегоро'дскій, нижегоро'дскаго (но городско'го!)	 
 	нижегородского		нижегоро'дскаго (но городско'го!)	 
 	нижеобъяснённый		нижеобъяснённый	 
 	нижеприведённый		нижеприведённый	 
 	нижеследующий		нижеслѣ'дующій	 
 	нижнего		ни'жняго	 
 	Нижнедевицк		Нижнедѣ'вицкъ	 
 	нижнее		ни'жнее, но нѣжнѣ'е	 
 	Нижнеколымск		Нижнеколы'мскъ	 
 	Нижнетагильский		Нижнетаги'льскій (заво'дъ)	 
 	Нижнеудинск		Нижнеуди'нскъ	 
 	Нижнечирская		Нижнечи'рская (стани'ца)	 
 	нижние		ни'жніе (м. р.), ни'жнія (ж. р. и ср. р.)	 
 	нижний		ни'жній, ни'жняго	 
 	Нижний Новгород		Ни'жній-Но'вгородъ	 
 	Нижний Ломов		Ни'жній-Ло'мовъ	 
 	ни за что		ни за что'	 
 	низведение		низведе'ніе	 
 	низведённый		низведённый	 
 	низвергнуть		низве'ргнуть	 
 	низвержение		низверже'ніе	 
 	низенький		ни'зенькій	 
 	низёхонький		низёхонькій	 
 	низёшенький		низёшенькій	 
 	низкие		ни'зкіе (м. р.), ни'зкія (ж. р. и ср. р.)	 
 	низкий		ни'зкій, ни'зкаго	 
 	низкое		ни'зкое	 
 	низложенный		низло'женный	 
 	низменного		ни'зменнаго	 
 	низменное		ни'зменное	 
 	низменность		ни'зменность	 
 	низменные		ни'зменные (м. р.), ни'зменныя (ж. р. и ср. р.)	 
 	низменный		ни'зменный, ни'зменнаго	 
 	низойдёт		низойдётъ	 
 	низошёл		низошёлъ (появи'ться какъ бы свы'ше; перейти' къ ме'нѣе возвы'шенному)	 
 	низринет		низри'нетъ, низри'нется, низри'нуть	 
 	низринется		низри'нется, низри'нуться	 
 	низринутый		низри'нутый, низри'нутаго	 
 	низшего		ни'зшаго	 
 	низшее		ни'зшее	 
 	низшие		ни'зшіе (м. р.), ни'зшія (ж. р. и ср. р.)	 
 	низший		ни'зшій, ни'зшаго	 
 	никак		ника'къ	 
 	никак нет		ника'къ нѣтъ	 
 	никакой		никако'й, никако'го	 
 	никель		ни'кель, ни'ккель	 
 	никем		никѣ'мъ	 
 	Никея		Нике'я	 
 	Никитична		Ники'тична	 
 	Никифор		Ники'форъ	 
 	никогда		никогда'	 
 	никого		никого' (не никаго'!)	 
 	никоим		нико'имъ о'бразомъ (не нѣко'имъ! и не нико'емъ!)	 
 	Николаев		Никола'евъ	 
 	Николаевск		Никола'евскъ	 
 	Николаевский		Никола'евскій	 
 	Николай		Никола'й Никола'евичъ Никола'евъ, о Никола'ѣ Никола'евичѣ Никола'евѣ, Никола'емъ Никола'евичемъ Никола'евымъ	 
 	Никольский		Нико'льскій	 
 	Никомед		Никоме'дъ	 
 	никому		никому'	 
 	никто		никто'	 
 	никуда		никуда'	 
 	никчёмный		никчёмный, но ни къ чему'	 
 	ни к чему		ни къ чему', но никчёмный	 
 	нимб		нимбъ (сія'ніе надъ голово'й и'ли вокру'гъ головы' свято'го; свѣтова'я сфе'ра вокру'гъ предме'товъ)	 
 	нимало		нима'ло (онъ нима'ло не разстро'ился), но нема'ло (хлопо'тъ бы'ло нема'ло), ткж. ни мно'го ни ма'ло (доста'точно)	 
 	Нимвеген		Нимве'генъ	 
 	нимфа		ни'мфа (божество' въ ви'дѣ же'нщины, олицетворя'ющее разли'чныя си'лы приро'ды)	 
 	Нимфодора		Нимфодо'ра	 
 	Ниневия		Нине'вія	 
 	Ниоба		Ніо'ба	 
 	ниобий		ніо'бій	 
 	ни один		ни оди'нъ	 
 	Ниор		Ніо'ръ	 
 	Ниорд		Ніо'рдъ	 
 	ниоткуда		ниотку'да (изъ никаки'хъ мѣстъ), но не'откуда (взя'ться)	 
 	ни о чём		ни о чёмъ (не поговори'ли), но не' о чѣмъ (говори'ть)	 
 	нипочём		всё ему нипочёмъ, но ни по чёмъ я не тоску'ю	 
 	ни по чём		ни по чёмъ я не тоску'ю, но всё ему нипочёмъ	 
 	ниппель		ни'ппель	 
 	ни при чём		ни при чёмъ (не не при чёмъ!)	 
 	нисколько		ниско'лько	 
 	ниспадёт		ниспадётъ	 
 	ниспослан		ниспо'сланъ	 
 	ниспошлёт		ниспошлётъ	 
 	ниспровергнуть		ниспрове'ргнуть	 
 	ниспровержение		ниспроверже'ніе	 
 	нисшедший		нисше'дшій	 
 	нисшествие		нисше'ствіе	 
 	нитей		ни'тей	 
 	нить		нить, ни'ти, ни'тей	 
 	нитяный		ни'тяный	 
 	Нифонт		Нифо'нтъ	 
 	Ницца		Ни'цца	 
 	Ницше		Ни'цше	 
 	ницшеанство		ницшеа'нство	 
 	ничего		ничего'	 
 	ничей		ниче'й, ничьего'	 
 	ничем		ничѣ'мъ	 
 	ничему		ничему'	 
 	ничто		ничто'	 
 	ничтоже		ничто'же сумня'шеся, ничто'же сумня'ся	 
 	ничтожен		ничто'женъ	 
 	ничтожество		ничто'жество, въ ничто'жествѣ	 
 	ничтожнейший		ничто'жнѣйшій	 
 	ничтожные		ничто'жные (м. р.), ничто'жныя (ж. р. и ср. р.)	 
 	ничтожный		ничто'жный, ничто'жнаго	 
 	ничуть		ничу'ть	 
 	ничьё		ничьё	 
 	ниша		ни'ша	 
 	нищего		ни'щаго	 
 	нищенка		ни'щенка, ни'щенкѣ	 
 	нищенство		ни'щенство	 
 	нищета		нищета', въ нищетѣ'	 
 	нищие		ни'щіе	 
 	нищий		ни'щій, ни'щему	 
но 	нобелевская		но'белевская пре'мія, но'белевской пре'міей	^
 	нобелевские		но'белевскіе (м. р.), но'белевскія (ж. р. и ср. р.)	 
 	нобелевский		но'белевскій лауреа'тъ, но'белевскаго	 
 	Нобель		Но'бель	 
 	Новгород		Но'вгородъ	 
 	Новгород-Северский		Но'вгородъ-Сѣ'верскій	 
 	новее		новѣ'е	 
 	новейшее		новѣ'йшее	 
 	новейшие		новѣ'йшіе (м. р.), новѣ'йшія (ж. р. и ср. р.), новѣ'йшихъ	 
 	новейший		новѣ'йшій, новѣ'йшаго	 
 	новелла		нове'лла	 
 	новенькие		но'венькіе (м. р.), но'венькія (ж. р. и ср. р.)	 
 	новенький		но'венькій, но'венькаго	 
 	новенькое		но'венькое	 
 	новёхонький		новёхонькій	 
 	новёшенький		новёшенькій	 
 	Новоалександровск		Новоалекса'ндровскъ	 
 	Новоархангельск		Новоарха'нгельскъ	 
 	новобранец		новобра'нецъ	 
 	нововведение		нововведе'ніе	 
 	нововведённый		нововведённый	 
 	Новогебридские		Новогебри'дскіе (острова')	 
 	Новогеоргиевск		Новогео'ргіевскъ	 
 	нового		но'ваго, пра'зднованіе Но'ваго го'да	 
 	новогоднего		нового'дняго	 
 	новогоднее		нового'днее	 
 	новогодние		нового'дніе (м. р.), нового'днія (ж. р. и ср. р.)	 
 	новогодний		нового'дній, нового'дняго	 
 	Новодевичий		Новодѣви'чій	 
 	новодел		новодѣ'лъ, о новодѣ'лѣ	 
 	новое		но'вое, но'ваго, новѣ'е	 
 	новозаведённый		новозаведённый	 
 	новоизобретённый		новоизобрѣтённый	 
 	новоиспечённый		новоиспечённый	 
 	новокрещённый		новокрещённый	 
 	новонаречённый		новонаречённый	 
 	новонаселённый		новонаселённый	 
 	новообращённый		новообращённый	 
 	новообретённый		новообрѣтённый	 
 	новооткрытый		новооткры'тый	 
 	новоприобретённый		новопріобрѣтённый	 
 	новоприсоединённый		новоприсоединённый	 
 	новопроизведённый		новопроизведённый	 
 	Новоржев		Новорже'въ	 
 	новорождённый		новорождённый (не новоро'жденный!), новорождённаго	 
 	Новороссийск		Новороссі'йскъ, въ Новороссі'йскѣ	 
 	новосёл		новосёлъ	 
 	новостей		новосте'й	 
 	Новоузенск		Новоузе'нскъ	 
 	Новохопёрск		Новохопёрскъ	 
 	Новочеркасск		Новочерка'сскъ	 
 	новоявленного		новоя'вленнаго	 
 	новоявленное		новоя'вленное	 
 	новоявленные		новоя'вленные (м. р.), новоя'вленныя (ж. р. и ср. р.)	 
 	новоявленный		новоя'вленный, новоя'вленнаго	 
 	новшество		но'вшество	 
 	новые		но'вые (м. р.), но'выя (ж. р. и ср. р.)	 
 	Новый Год		Но'вый Годъ, пра'зднованіе Но'ваго Го'да, съ Но'вымъ Го'домъ!	 
 	Новый Завет		Но'вый Завѣ'тъ	 
 	ногтевой		ногтево'й, ногтево'го	 
 	Нодендаль		Ноденда'ль	 
 	Ноев		Но'евъ (ковче'гъ)	 
 	нож		ножъ, ноже'й, ножо'мъ, на ножѣ', но'жище, но'жичекъ	 
 	ножевой		ножево'й, ножево'е, ножево'го	 
 	ножевые		ножевы'е (м. р.), ножевы'я (ж. р. и ср. р.)	 
 	ножища		ножи'ща (отъ нога'), но'жище (отъ ножъ)	 
 	ножище		но'жище (отъ ножъ), ножи'ща (отъ нога')	 
 	ноздреватый		ноздрева'тый	 
 	ноздрёй		ноздрёй	 
 	нолей		ноле'й	 
 	нолём		нолёмъ	 
 	ноль		но'ль и ну'ль — остри'чь подъ нуль, быть ра'внымъ нулю', на у'лицѣ на нулѣ', онъ на нулѣ', съ нуля' начина'ть, свести' къ нулю', довести' до нуля', абсолю'тный нуль (о человѣ'кѣ); ноль-ноль, ноль внима'нія, ноль безъ па'лочки, абсолю'тный ноль (те'рминъ)	 
 	номенклатура		номенклату'ра	 
 	номер		но'меръ и ну'меръ, въ но'мерѣ	 
 	номерной		номерно'й	 
 	ноне		но'нѣ (ны'нѣ, ны'нче)	 
 	нонешний		но'нѣшній	 
 	нониус		но'ніусъ	 
 	нонпарель		нонпаре'ль (типогра'фскій шри'фтъ ма'лаго размѣ'ра)	 
 	нонсенс		но'нсенсъ (безсмы'слица)	 
 	нонче		но'нче (ны'нче)	 
 	Норвегия		Норве'гія	 
 	норвежец		норве'жецъ, о норве'жцѣ, норве'жцемъ, норве'жцевъ	 
 	Нордгаузен		Нордга'узенъ	 
 	Норденшельд		Норденше'льдъ	 
 	Нордерней		Нордерне'й	 
 	норма		но'рма, по но'рмѣ, въ но'рмѣ	 
 	нормалёк		нормалёкъ	 
 	нормализует		нормализу'етъ, нормализу'емъ, нормализу'ешь	 
 	нормальнее		норма'льнѣе	 
 	нормальное		норма'льное, норма'льнаго	 
 	нормальные		норма'льные (м. р.), норма'льныя (ж. р. и ср. р.)	 
 	нормандец		норма'ндецъ, о норма'ндцѣ, норма'ндцемъ, норма'ндцевъ	 
 	Нормандия		Норма'ндія	 
 	нормандский		норма'ндскій (отъ Норма'ндія)	 
 	норманский		норма'нскій (отъ норма'нны)	 
 	норовить		норови'ть	 
 	Норрчёпинг		Норче'пингъ	 
 	Нортумберленд		Нортумберлэ'ндъ	 
 	носимого		носи'маго	 
 	носимое		носи'мое, носи'маго	 
 	носимые		носи'мые (м. р.), носи'мыя (ж. р. и ср. р.)	 
 	носитель		носи'тель, носи'телемъ	 
 	ностальгия		ностальгі'я (тоска' по ро'динѣ, о про'шломъ, объ утра'ченномъ)	 
 	нотабене		нотабе'не (замѣ'ть хороше'нько — nota bene, NB!)	 
 	нотариальная		нотаріа'льная	 
 	нотариально		нотаріа'льно	 
 	нотариальный		нотаріа'льный	 
 	нотариат		нотаріа'тъ	 
 	нотариус		нота'ріусъ	 
 	нотация		нота'ція (нравоуче'ніе, вы'говоръ; усло'вные зна'ки для за'писи, напримѣ'ръ, ша'хматной па'ртіи)	 
 	Нотнагель		Нотна'гель	 
 	ночевать		ночева'ть	 
 	ночёвка		ночёвка	 
 	ночей		ноче'й (ночь)	 
 	ноченька		но'ченька	 
 	ночлег		ночле'гъ	 
 	ночлежный		ночле'жный (домъ, куда' пуска'ютъ ночева'ть бездо'мныхъ бѣдняко'въ, бродя'гъ)	 
 	ночное		ночно'е (пастьба' лошаде'й но'чью)	 
 	ночные		ночны'е (м. р.), ночны'я (ж. р. и ср. р.)	 
 	ношенный		но'шенный	 
 	нощей		ноще'й (нощь — ночь) — уcтap.	 
 	ноябрём		ноябрёмъ	 
 	ноябрь		ноя'брь, въ ноябрѣ', ноя'брьскій, оди'ннадцатаго ноября'	 
 	ноябрьский		ноя'брьскій	 
нр 	нрав		нра'въ (хара'ктеръ; обы'чаи, укла'дъ жи'зни), при его' круто'мъ нра'вѣ, э'то ему' не по нра'ву	^
 	нравитесь		нра'витесь	 
 	нравоучительное		нравоучи'тельное	 
 	нравоучительный		нравоучи'тельный	 
 	нравственного		нра'вственнаго	 
 	нравственное		нра'вственное	 
 	нравственность		нра'вственность	 
 	нравственные		нра'вственные (м. р.), нра'вственныя (ж. р. и ср. р.)	 
 	нравственный		нра'вственный, нра'вственнаго	 
ну 	Нубия		Ну'бія	^
 	нудится		ну'дится (принужда'тся)	 
 	нудить		ну'дить (принужда'ть), нуди'ть (ну'дно говори'ть)	 
 	нудиться		ну'диться, ну'дитися (принужда'ться)	 
 	нуднейший		нуднѣ'йшій, нуднѣ'йшаго, нуднѣ'йшее	 
 	нужда		нужда', въ нуждѣ'	 
 	нужен		ну'женъ	 
 	нужнее		нужнѣ'е	 
 	нужнейший		нужнѣ'йшій	 
 	нужник		ну'жникъ, въ ну'жникѣ (отхо'жее мѣ'сто)	 
 	нужное		ну'жное	 
 	нужные		ну'жные (м. р.), ну'жныя (ж. р. и ср. р.)	 
 	нукер		ну'керъ (тѣлохрани'тель, во'инъ ли'чной охра'ны)	 
 	нулевой		нулево'й (нулево'е оконча'ніе, нулева'я стри'жка)	 
 	нулей		нуле'й	 
 	нулём		нулёмъ	 
 	нуль		ну'ль, нуле'й, на нулѣ' и но'ль (см.)	 
 	Нуманция		Нума'нція	 
 	нумерация		нумера'ція	 
 	Нумидия		Нуми'дія	 
 	нумизматика		нумизма'тика	 
 	нутация		нута'ція (колеба'ніе направле'нія земно'й оси')	 
 	нуте		ну'те, ну'те-съ, ну'те-ка (ну, дава'йте)	 
 	нутро		нутро', въ нутрѣ' (но внутри')	 
ны 	ныне		ны'нѣ (но ны'нче)	^
 	нынешнего		ны'нѣшняго	 
 	нынешнее		ны'нѣшнее	 
 	нынешней		ны'нѣшней	 
 	нынешние		ны'нѣшніе (м. р.), ны'нѣшнія (ж. р. и ср. р.)	 
 	нынешний		ны'нѣшній, ны'нѣшняго, ны'нѣшнимъ, въ ны'нѣшнемъ, по-ны'нѣшнему	 
 	нынче		ны'нче (но ны'нѣ)	 
 	нырнёшь		нырнёшь, нырнёмъ, нырнётъ, нырнёте	 
 	ныряет		ныря'етъ, ныря'ете, ныря'емъ, ныря'ешь	 
 	нытьё		нытьё, нытьёмъ	 
нь 	Нью-Йорк		Нью'-Іо'ркъ	^
 	Ньюфаундленд		Ньюфа'ундлендъ	 
 	Ньяса		Ніа'сса	 
ню 	нюанс		нюа'нсъ (то'нкое отли'чіе, оттѣ'нокъ), не ньюа'нсъ!	^
 	Нюрнберг		Ню'рнбергъ	 
 	нюхнёшь		нюхнёшь	 
ня 	нянечка		ня'нечка, о ня'нечкѣ	^
 	нянчиться		ня'нчиться (не ня'ньчиться!)	 
 	нянька		ня'нька, о ня'нькѣ, ня'некъ	 
 	нянюшка		ня'нюшка, ня'нюшекъ	 
 	няня		ня'ня, о ня'нѣ, ня'ней