ра 	Рабле		Рабле'	^
 	рабовладелец		рабовладѣ'лецъ	 
 	рабовладельческий		рабовладѣ'льческій (стро'й)	 
 	раболепие		раболѣ'піе	 
 	работа		рабо'та, на рабо'тѣ	 
 	работает		рабо'таетъ, рабо'таемъ, рабо'таешь	 
 	работаете		рабо'таете	 
 	работе		въ рабо'тѣ	 
 	работёнка		работёнка	 
 	работник		рабо'тникъ, о рабо'тникѣ	 
 	работница		рабо'тница	 
 	работничек		рабо'тничекъ	 
 	рабочего		рабо'чаго	 
 	рабочее		рабо'чее	 
 	рабочие		рабо'чіе (м. р. — часы'), рабо'чія (ж. р. и ср. р. — недѣ'ли)	 
 	рабочий		рабо'чій, рабо'чаго, рабо'чихъ, рабо'чіе (cущ. мн. ч.)	 
 	Рабютен		Рабюте'нъ	 
 	раввин		равви'нъ (въ Россі'и евре'йскій свяще'нникъ)	 
 	равелин		равели'нъ, демилю'пъ (въ фортифика'ціи укрѣпле'ніе пе'редъ середи'ною фро'нта за рво'мъ гла'внаго ва'ла)	 
 	равендук		равенду'къ (пе'ньковая паруси'на)	 
 	Равенна		Раве'нна	 
 	равенство		ра'венство	 
 	равнение		равне'ніе	 
 	равновероятно		равновѣроя'тно	 
 	равновесие		равновѣ'сіе	 
 	равнодействующая		равнодѣ'йствующая	 
 	равноденствие		равноде'нствіе	 
 	равнодушен		равноду'шенъ	 
 	равноимённый		равноимённый	 
 	равномерно		равномѣ'рно	 
 	равноудалённый		равноудалённый	 
 	равноценное		равноцѣ'нное	 
 	равнять		равня'ть, равня'етъ	 
 	радеет		радѣ'етъ, радѣ'ете, радѣ'емъ, радѣ'ешь, радѣ'ютъ	 
 	радей		радѣ'й, радѣ'йте	 
 	радел		радѣ'лъ, радѣ'ла, радѣ'ли	 
 	радение		радѣ'ніе, радѣ'ніемъ, въ радѣ'ніи	 
 	радетель		радѣ'тель, радѣ'тельница, радѣ'тельный	 
 	радетельно		радѣ'тельно, радѣ'тельное	 
 	радетельные		радѣ'тельные (м. р.), радѣ'тельныя (ж. р. и ср. р.)	 
 	радетельный		радѣ'тельный, радѣ'тельнаго	 
 	радетельские		радѣ'тельскіе (м. р.), радѣ'тельскія (ж. р. и ср. р.)	 
 	радетельский		радѣ'тельскій, радѣ'тельскаго	 
 	радеть		радѣ'ть (забо'титься; проявля'ть усе'рдіе, стара'ніе), радѣ'етъ, радѣ'емъ, радѣ'ешь, радѣ'ютъ, радѣ'ю	 
 	радею		радѣ'ю	 
 	радея		радѣ'я	 
 	радёхонек		радёхонекъ	 
 	радёшенек		радёшенекъ	 
 	радиальный		радіа'льный	 
 	радиант		радіа'нтъ	 
 	радиация		радіа'ція	 
 	радий		ра'дій	 
 	радио		ра'діо	 
 	радиоприёмник		радіопріёмникъ	 
 	радиоактивность		радіоакти'вность	 
 	радиус		ра'діусъ	 
 	Радищев		Ради'щевъ	 
 	Радонежский		Ра'донежскій	 
 	радостен		ра'достенъ	 
 	радостнее		ра'достнѣе	 
 	радостное		ра'достное (собы'тіе)	 
 	радуем		раду'емъ, ра'дуемся	 
 	радует		раду'етъ, ра'дуется, ра'дуетесь	 
 	радуешь		раду'ешь, ра'дуешься	 
 	радужное		ра'дужное	 
 	радуйтесь		ра'дуйтесь, ра'дуйте	 
 	радушное		раду'шное	 
 	раёк		раёкъ (ве'рхняя галлере'я въ теа'трѣ)	 
 	разахаться		раза'хаться	 
 	разбавлен		разба'вленъ, разба'влена, разба'влены, разба'влено	 
 	разбавление		разбавле'ніе, разбавле'ніемъ	 
 	разбавленного		разба'вленнаго	 
 	разбавленное		разба'вленное	 
 	разбавленные		разба'вленные (м. р.), разба'вленныя (ж. р. и ср. р.)	 
 	разбавленный		разба'вленный, разба'вленнаго, разба'вленнымъ, разба'вленныхъ	 
 	разбавляете		разбавля'ете, разбавля'емъ, разбавля'ешь, разбавля'етъ	 
 	разбег		разбѣ'гъ	 
 	разбежаться		разбѣжа'ться	 
 	разберёшься		разберёшься	 
 	разбирать		разбира'ть, разбере'тъ	 
 	разбитое		разби'тое	 
 	разбогатеть		разбогатѣ'ть	 
 	разболеться		разболѣ'ться	 
 	разбомблённый		разбомблённый	 
 	разборонённый		разборонённый	 
 	разбранённый		разбранённый	 
 	разбредётся		разбредётся	 
 	разбрёлся		разбрёлся	 
 	разбурённый		разбурённый	 
 	разбушеваться		разбушева'ться	 
 	развалина		разва'лина	 
 	разве		ра'звѣ	 
 	развеваться		развѣва'ться	 
 	разведать		развѣ'дать	 
 	разведёмся		разведёмся	 
 	разведён		разведёнъ, разведена', разведены'	 
 	разведение		разведе'ніе	 
 	разведённый		разведённый	 
 	разведка		развѣ'дка, въ развѣ'дкѣ	 
 	разведчик		развѣ'дчикъ	 
 	разведчица		развѣ'дчица	 
 	разведывательный		развѣ'дывательный, развѣ'дывательнаго	 
 	разведывать		развѣ'дывать	 
 	развеет		развѣ'етъ	 
 	развезённый		развезённый	 
 	развезти		развезти' (развози'ть)	 
 	развёзший		развёзшій	 
 	развейте		развѣ'йте	 
 	развёл		развёлъ, развёлся, развела'сь, развели'сь	 
 	развенчанность		развѣ'нчанность	 
 	развенчать		развѣнча'ть	 
 	разверзнуться		разве'рзнуться, разве'рзтый и развёрстый	 
 	разверзтый		разве'рзтый и развёрстый (разве'рзнуться, широко' откры'ться)	 
 	разверзший		разве'рзшій	 
 	развернёшься		развернёшься	 
 	развёрнут		развёрнутъ	 
 	развёрнутый		развёрнутый	 
 	развёрстанный		развёрстанный (распредѣлённый)	 
 	разверстать		разверста'ть (распредѣли'ть)	 
 	развёрстка		развёрстка (распредѣле'ніе)	 
 	развёрсточный		развёрсточный (свя'занный съ распредѣле'ніемъ)	 
 	разверстый		развёрстый и разве'рзтый (разве'рзнуться, широко' откры'ться)	 
 	развёртка		развёртка	 
 	развёрточный		развёрточный	 
 	развёртывает		развёртываетъ	 
 	развес		развѣ'съ (продава'ть на развѣ'съ)	 
 	развеселённый		развеселённый	 
 	развеселиться		развесели'ться	 
 	развесёлый		развесёлый	 
 	развесистый		развѣ'систый	 
 	развесить		развѣ'сить	 
 	развести		развести' (разводи'ть)	 
 	разветвлённый		развѣтвлённый	 
 	развешан		развѣ'шанъ (отъ развѣ'шать), развѣ'шенъ (отъ развѣ'сить)	 
 	развешанный		развѣ'шанный	 
 	развешен		развѣ'шенъ (отъ развѣ'сить), развѣ'шанъ (отъ развѣ'шать)	 
 	развешенный		развѣ'шенный	 
 	развеют		развѣ'ютъ	 
 	развеянный		развѣ'янный	 
 	развеять		развѣ'ять	 
 	развеяться		развѣ'яться	 
 	развиваете		развива'ете	 
 	развиваетесь		развива'етесь	 
 	развивается		развива'ется, развива'емся, развива'ешься	 
 	развитие		разви'тіе, въ разви'тіи	 
 	развлекательный		развлека'тельный	 
 	развлёкся		развлёкся	 
 	развлёкшийся		развлёкшійся	 
 	развлечение		развлече'ніе	 
 	развлечённый		развлечённый	 
 	развлечь		развле'чь, развлеку', развлечётъ, развлеку'тъ, развлёкъ, развлекла'	 
 	развод		разво'дъ, въ разво'дѣ	 
 	разволочённый		разволочённый	 
 	разворошённый		разворошённый	 
 	разврат		развра'тъ, въ развра'тѣ, развра'тенъ	 
 	развратен		развра'тенъ	 
 	развратитель		разврати'тель, разврати'телемъ	 
 	развратительница		разврати'тельница, разврати'тельницей	 
 	развратнее		развра'тнѣе	 
 	развратное		развра'тное, развра'тнаго	 
 	развратные		развра'тные (м. р.), развра'тныя (ж. р. и ср. р.)	 
 	развращение		развраще'ніе	 
 	развращённый		развращённый, развращённаго	 
 	разглашённый		разглашённый, разглашённаго	 
 	разглядел		разглядѣ'лъ	 
 	разглядеть		разглядѣ'ть	 
 	разгневаться		разгнѣ'ваться	 
 	разговаривать		разгова'ривать, разгова'риваемъ, разгова'риваетъ, разгова'риваешь	 
 	разговение		разговѣ'ніе и ро'зговѣнье	 
 	разговеться		разговѣ'ться	 
 	разговор		разгово'ръ, въ разгово'рѣ	 
 	разговорённый		разговорённый	 
 	разгораться		разгора'ться, разгора'ется	 
 	разгорелось		разгорѣ'лось	 
 	разгорячённый		разгорячённый	 
 	разграфлённый		разграфлённый	 
 	разгребать		разгреба'ть	 
 	разгребённый		разгребённый	 
 	разгрёбший		разгрёбшій	 
 	разгромленный		разгро'мленный	 
 	разгруженный		разгру'женный	 
 	разгрузка		разгру'зка, при разгру'зкѣ, на разгру'зкѣ	 
 	разгрызенный		разгры'зенный	 
 	разгрызёшь		разгрызёшь	 
 	раздавленный		разда'вленный	 
 	раздаёт		раздаётъ	 
 	раздать		разда'ть и розда'ть, розда'лъ	 
 	раздвинет		раздви'нетъ, раздви'нете	 
 	раздвоение		раздвое'ніе	 
 	раздвоенный		раздво'енный, раздво'еннаго	 
 	раздеваем		раздѣва'емъ, раздѣва'емся	 
 	раздевает		раздѣва'етъ, раздѣва'ется	 
 	раздеваешь		раздѣва'ешь, раздѣва'ешься	 
 	раздевай		раздѣва'й, раздѣва'йся	 
 	раздевайте		раздѣва'йте, раздѣва'йтесь	 
 	раздеваю		раздѣва'ю, раздѣва'юсь	 
 	раздевают		раздѣва'ютъ, раздѣва'ются	 
 	раздевать		раздѣва'ть, раздѣва'ться	 
 	раздел		раздѣ'лъ (составна'я ча'сть), въ раздѣ'лѣ	 
 	раздел		раздѣ'лъ, раздѣ'лся	 
 	разделать		раздѣ'лать, раздѣ'лывать	 
 	разделённый		раздѣлённый	 
 	разделитель		раздѣли'тель	 
 	разделить		раздѣли'ть	 
 	разделяет		раздѣля'етъ	 
 	разденем		раздѣ'немъ, раздѣ'немся	 
 	разденет		раздѣ'нетъ, раздѣ'нется	 
 	разденешь		раздѣ'нешь, раздѣ'нешься	 
 	разденут		раздѣ'нутъ, раздѣ'нутся	 
 	раздень		раздѣ'нь, раздѣ'нься	 
 	разденьте		раздѣ'ньте, раздѣ'ньтесь	 
 	раздёрганный		раздёрганный	 
 	раздерётесь		раздерётесь	 
 	раздёрнетесь		раздёрнетесь	 
 	раздеть		раздѣ'ть, раздѣ'ться	 
 	раздетые		раздѣ'тые (м. р.), раздѣ'тыя (ж. р. и ср. р.)	 
 	раздетый		раздѣ'тый, раздѣ'таго	 
 	раздолблённый		раздолблённый	 
 	раздолье		раздо'лье, въ раздо'льѣ, раздо'льемъ	 
 	раздольное		раздо'льное, раздо'льнаго, раздо'ленъ	 
 	раздольные		раздо'льные (м. р.), раздо'льныя (ж. р. и ср. р.)	 
 	раздражение		раздраже'ніе	 
 	раздражённый		раздражённый	 
 	раздразнённый		раздразнённый	 
 	раздревеснённый		раздревеснённый	 
 	раздроблённый		раздроблённый	 
 	раздует		разду'етъ, разду'ется	 
 	раздуешь		разду'ешь, разду'ешься	 
 	раздувает		раздува'етъ, раздува'ется, раздува'етесь	 
 	раздуваешь		раздува'ешь, раздува'ешься	 
 	раздувший		разду'вшій, разду'вшійся	 
 	раздумывать		разду'мывать	 
 	раздутое		разду'тое	 
 	разевать		разѣва'ть	 
 	разжать		разжа'ть	 
 	разжёванный		разжёванный	 
 	разжёгший		разжёгшій	 
 	разжечь		разже'чь	 
 	разживёшься		разживёшься	 
 	разжигать		разжига'ть	 
 	разжижённый		разжижённый	 
 	разжиреть		разжирѣ'ть	 
 	разжиться		разжи'ться	 
 	разжуёшь		разжуёшь	 
 	раззеваться		раззѣва'ться	 
 	раззолоченный		раззоло'ченный	 
 	раззолочённый		раззолочённый	 
 	разинуть		рази'нуть	 
 	разиня		рази'ня	 
 	разлад		разла'дъ, въ разла'дѣ	 
 	разлёгся		разлёгся	 
 	разлежаться		разлежа'ться	 
 	разлёживаетесь		разлёживаетесь	 
 	разлепить		разлѣпи'ть	 
 	разлёт		разлётъ	 
 	разлетаться		разлета'ться	 
 	разлететься		разлетѣ'ться	 
 	разливное		разливно'е (пи'во въ разли'въ и въ ро'зливъ; распи'вочно и на вы'носъ :)	 
 	разлинованный		разлинёванный	 
 	различённый		различённый	 
 	различие		разли'чіе	 
 	различное		разли'чное	 
 	различные		разли'чные (м. р.), разли'чныя (ж. р. и ср. р.)	 
 	различный		разли'чный, разли'чнаго, разли'чно	 
 	разложение		разложе'ніе	 
 	разлука		разлу'ка, въ разлу'кѣ	 
 	разлучённый		разлучённый	 
 	размазнёй		размазнёй	 
 	размалёванный		размалёванный	 
 	размахнёшься		размахнёшься	 
 	размежёванный		размежёванный	 
 	размёл		размёлъ	 
 	размело		размело'	 
 	размельчённый		размельчённый	 
 	размен		размѣ'нъ	 
 	размер		размѣ'ръ, въ размѣ'рѣ	 
 	размеренно		размѣ'ренно	 
 	размерить		размѣ'рить	 
 	размерность		размѣ'рность	 
 	размерный		размѣ'рный	 
 	размесить		размѣси'ть	 
 	размести		размести' (отъ мести' — онъ приду'малъ размести' му'соръ по угла'мъ)	 
 	размести		размѣсти' (пов. отъ размѣсти'ть — размѣсти' ихъ по ко'мнатамъ неме'дленно!)	 
 	разместил		размѣсти'лъ	 
 	разместить		размѣсти'ть	 
 	размётанный		размётанный	 
 	разметать		размета'ть	 
 	разметённый		разметённый	 
 	разметёт		разметётъ	 
 	разметка		размѣ'тка	 
 	размешать		размѣша'ть	 
 	размещать		размѣща'ть	 
 	размещённый		размѣщённый	 
 	разминёшься		разминёшься	 
 	размножение		размноже'ніе	 
 	размозжённый		размозжённый	 
 	разморённый		разморённый	 
 	размыв		размы'въ, въ размы'вѣ, размыва'етъ	 
 	размышление		размышле'ніе, размышле'нія, въ размышле'ніи, размышле'ній	 
 	размышляет		размышля'етъ	 
 	размягчённый		размягчённый	 
 	разнёс		разнёсъ	 
 	разнесённый		разнесённый	 
 	разнесло		разнесло'	 
 	разнести		разнести'	 
 	разница		ра'зница, ра'зницей	 
 	разное		ра'зное	 
 	разновес		разновѣ'съ, разновѣ'ски (ме'лкія ги'ри, слу'жащія для взвѣ'шиванія)	 
 	разноимённый		разноимённый	 
 	разнообразие		разнообра'зіе	 
 	разнообразнее		разнообра'знѣе	 
 	разнообразные		разнообра'зные (м. р.), разнообра'зныя (ж. р. и ср. р.)	 
 	разноплемённый		разноплемённый	 
 	разносторонность		разносторо'нность	 
 	разносчик		разно'счикъ	 
 	разноцветный		разноцвѣ'тный	 
 	разночинец		разночи'нецъ	 
 	разношенный		разно'шенный	 
 	разношёрстный		разношёрстный и разношёрстый	 
 	разношёрстый		разношёрстый и разношёрстный	 
 	разнузданность		разну'зданность	 
 	разные		ра'зные (м. р.), ра'зныя (ж. р. и ср. р.)	 
 	разнять		разня'ть, ро'знялъ	 
 	разоблачённый		разоблачённый	 
 	разобрать		разобра'ть	 
 	разобщённый		разобщённый	 
 	разобществлённый		разобществлённый	 
 	разобьёшься		разобьёшься	 
 	разовьёшься		разовьёшься	 
 	разогнёшься		разогнёшься	 
 	разогорчённый		разогорчённый	 
 	разогретый		разогрѣ'тый	 
 	разодолжённый		разодолжённый	 
 	разодеться		разодѣ'ться	 
 	разодетые		разодѣ'тые (м. р.), разодѣ'тыя (ж. р. и ср. р.)	 
 	разодетый		разодѣ'тый	 
 	разожжём		разожжёмъ	 
 	разожжённый		разожжённый	 
 	разожжёт		разожжётъ	 
 	разожмёт		разожмётъ	 
 	разозлённый		разозлённый	 
 	разойдёшься		разойдёшься	 
 	разоймётся		разоймётся	 
 	разойтись		разойти'сь	 
 	разолжётся		разолжётся	 
 	разольём		разольёмъ	 
 	разом		ра'зомъ	 
 	разомкнём		разомкнёмъ	 
 	разомлевать		разомлѣва'ть, разомлѣва'ешь	 
 	разомлеешь		разомлѣ'ешь	 
 	разомлел		разомлѣ'лъ, разомлѣ'ла, разомлѣ'ли	 
 	разомлеть		разомлѣ'ть	 
 	разомнём		разомнёмъ	 
 	разопрём		разопрёмъ	 
 	разопьём		разопьёмъ	 
 	разорвём		разорвёмъ	 
 	разорение		разоре'ніе	 
 	разорённый		разорённый	 
 	разорётесь		разорётесь	 
 	разоружённый		разоружённый	 
 	разорять		разоря'ть и раззоря'ть	 
 	разослать		разосла'ть (отъ разо'сланный)	 
 	разостлать		разостла'ть (отъ разо'стланный), разсте'лютъ	 
 	разоткёт		разоткётъ	 
 	разотрёт		разотрётъ	 
 	разочтёмся		разочтёмся	 
 	разочтённый		разочтённый	 
 	разошёлся		разошёлся	 
 	разошлёт		разошлётъ	 
 	разошьёт		разошьётъ	 
 	разрабатывать		разраба'тывать и разрабо'тывать	 
 	разрастаться		разраста'ться	 
 	разрастётся		разрастётся	 
 	разращённый		разращённый	 
 	разревётся		разревётся, разревѣ'ться	 
 	разреветься		разревѣ'ться, разревётся	 
 	разревёшься		разревёшься	 
 	разредить		разрѣди'ть (сдѣ'лать рѣ'дкимъ)	 
 	разреженный		разре'женный (во'здухъ)	 
 	разрежённый		разрѣжённый (напр. лукъ, отъ разрѣди'ть, сдѣ'лать рѣ'дкимъ)	 
 	разрезать		разрѣ'зать	 
 	разрешать		разрѣша'ть	 
 	разрешение		разрѣше'ніе	 
 	разрешённый		разрѣшённый	 
 	разрешите		разрѣши'те	 
 	разрешить		разрѣши'ть	 
 	разрисовать		разрисова'ть	 
 	разровнять		разровня'ть	 
 	разрозненный		разро'зненный, разро'зненнаго	 
 	разрушение		разруше'ніе	 
 	разрушитель		разруши'тель	 
 	разрыхлённый		разрыхлённый, разрыхлённаго	 
 	разряженный		разря'женный (наря'дный), разря'женнаго	 
 	разряжённый		разряжённый (напр. пистоле'тъ), разряжённаго	 
 	разубедить		разубѣди'ть	 
 	разубеждённый		разубѣждённый, разубѣждённаго	 
 	разувать		раззува'ть	 
 	разуверить		разувѣ'рить	 
 	разуверять		разувѣря'ть	 
 	разузнаешь		разузна'ешь	 
 	разукрупнённый		разукрупнённый, разукрупнённаго	 
 	разуме		въ своёмъ умѣ'-ра'зумѣ	 
 	разумеет		разумѣ'етъ	 
 	разумеете		разумѣ'ете	 
 	разумеется		разумѣ'ется	 
 	разумеешь		разумѣ'ешь	 
 	разумен		разу'менъ, но разумѣ'ніе	 
 	разумение		разумѣ'ніе, но разу'менъ	 
 	разуметь		разумѣ'ть, разумѣ'ется	 
 	разуметься		разумѣ'ться	 
 	разумею		разумѣ'ю, но разу'менъ	 
 	разумеющегося		разумѣ'ющагося	 
 	разумеющейся		разумѣ'ющейся	 
 	разумеющееся		разумѣ'ющееся	 
 	разумеющиеся		разумѣ'ющіеся (м. р.), разумѣ'ющіяся (ж. р. и ср. р.)	 
 	разумнее		разу'мнѣе, разу'менъ	 
 	разумное		разу'мное, разу'менъ	 
 	разумные		разу'мные (м. р.), разу'мныя (ж. р. и ср. р.)	 
 	разуплотнённый		разуплотнённый, разуплотнённаго	 
 	разъедать		разъѣда'ть	 
 	разъединение		разъедине'ніе	 
 	разъединённый		разъединённый	 
 	разъезд		разъѣ'здъ, въ разъѣ'здѣ	 
 	разъездной		разъѣздно'й, разъѣздно'го	 
 	разъезжает		разъѣзжа'етъ	 
 	разъезжать		разъѣзжа'ть	 
 	разъезжающий		разъѣзжа'ющій	 
 	разъёмистый		разъёмистый	 
 	разъёмный		разъёмный	 
 	разъёмщик		разъёмщикъ	 
 	разъярённый		разъярённый	 
 	разъяриться		разъяри'ться	 
 	разъяснённый		разъяснённый	 
 	разыграть		разыгра'ть (ра'нѣе — разъигра'ть), но ро'зыгрышъ	 
 	разыскание		разыска'ніе (ра'нѣе — разъиска'ніе), но ро'зыскъ	 
 	разыскать		разыска'ть (ра'нѣе — разъиска'ть), но ро'зыскъ	 
 	разыскивает		разы'скиваетъ (ра'нѣе — разъи'скиваетъ), но ро'зыскъ	 
 	рай		рай, ра'емъ, о ра'ѣ, въ раю'	 
 	райские		ра'йскіе (м. р.), ра'йскія (ж. р. и ср. р.)	 
 	райский		ра'йскій, ра'йскаго	 
 	райское		ра'йское	 
 	район		райо'нъ и раіо'нъ, въ райо'нѣ (не раёнъ :)	 
 	ракета		раке'та	 
 	ракетка		раке'тка	 
 	ракита		раки'та	 
 	рамена		рамена' (пле'чи) — уcтap.	 
 	Рамзес		Рамзе'съ	 
 	Раммельсберг		Раммельсбе'ргъ	 
 	Рангабе		Ранга'бе	 
 	рандеву		рандеву' (зара'нѣе усло'вленная встрѣ'ча, свида'ніе)	 
 	ранее		ра'нѣе (ра'ньше), но ра'ннее (у'тро)	 
 	Раненбург		Раненбу'ргъ	 
 	раненый		ра'неный (солда'тъ — пpил.), но ра'ненный (въ но'гу — пpич.)	 
 	ранет		ране'тъ и рене'тъ (сортъ я'блокъ съ сѣрова'тыми и'ли краснова'тыми пя'тнышками, о'чень со'чныхъ и сла'дкихъ)	 
 	ранетки		ране'тки (я'блоки со'рта ране'тъ)	 
 	ранёхонько		ранёхонько	 
 	ранец		ра'нецъ (ко'жаная су'мка, похо'жая на небольшо'й чемода'нъ, привѣ'шивается за плеча'ми)	 
 	ранёшенько		ранёшенько	 
 	Ранке		Ра'нке	 
 	раннего		ра'нняго	 
 	раннее		ра'ннее (у'тро), но ра'нѣе (ра'ньше)	 
 	ранней		ра'нней	 
 	ранние		ра'нніе (м. р.), ра'ннія (ж. р. и ср. р.)	 
 	ранний		ра'нній, ра'нняго	 
 	рантье		рантье' (капитали'стъ, человѣ'къ, живу'щій ре'нтой)	 
 	раньше		ра'ньше	 
 	рапе		рапе' (тёртый ню'хательный таба'къ)	 
 	рапорт		ра'портъ, въ ра'портѣ (пи'сьменное донесе'ніе подчинённаго лица' нача'льствующему)	 
 	рапсодия		рапсо'дія (музыка'льное произведе'ніе, имѣ'ющее въ основа'ніи наро'дные моти'вы и сюже'ты, воскреша'ющіе старину')	 
 	рапунцель		рапу'нцель (расте'ніе, приго'дное для сала'товъ)	 
 	раритет		рарите'тъ (рѣ'дкость)	 
 	раскабалённый		раскабалённый	 
 	расказнённый		расказнённый	 
 	раскалённый		раскалённый	 
 	раскаиваться		раска'иваться, раска'яться	 
 	раскаяние		раска'яніе, съ раска'яніемъ	 
 	раскидывать		раски'дывать	 
 	раскисление		раскисле'ніе	 
 	расклёванный		расклёванный	 
 	расклевать		расклева'ть	 
 	расклеенный		раскле'енный	 
 	расклеить		раскле'ить	 
 	расклеиться		раскле'иться	 
 	расклёпанный		расклёпанный	 
 	расклепать		расклепа'ть	 
 	расклёшенный		расклёшенный	 
 	расклинённый		расклинённый	 
 	расклюёшь		расклюёшь	 
 	раскол		раско'лъ, въ раско'лѣ	 
 	раскольник		раско'льникъ, о раско'льникѣ	 
 	раскольничье		раско'льничье	 
 	раскорчёванный		раскорчёванный	 
 	раскошелиться		раскоше'литься	 
 	раскошённый		раскошённый	 
 	раскраснеться		раскраснѣ'ться	 
 	раскрашенный		раскра'шенный	 
 	раскреплённый		раскрѣплённый	 
 	раскрепощённый		раскрѣпощённый	 
 	раскровенённый		раскровенённый	 
 	раскроенный		раскро'енный	 
 	раскрошенный		раскро'шенный	 
 	раскрываемость		раскрыва'емость	 
 	раскрывание		раскрыва'ніе, раскрыва'ніемъ	 
 	раскрывать		раскрыва'ть, раскрыва'етъ, раскрыва'йте	 
 	раскрываться		раскрыва'ться, раскрыва'ется, раскрыва'йтесь	 
 	раскрытие		раскры'тіе, раскры'тіемъ, при раскры'тіи	 
 	раскрыть		раскры'ть, раскро'етъ, раскро'йте	 
 	раскрыться		раскры'ться, раскро'ется, раскро'йтесь	 
 	раскряжёванный		раскряжёванный	 
 	раскуёт		раскуётъ	 
 	раскусить		раскуси'ть	 
 	расового		ра'соваго	 
 	расовое		ра'совое, ра'соваго, ра'совый	 
 	расовые		ра'совые (м. р.), ра'совыя (ж. р. и ср. р.)	 
 	распадётся		распадётся	 
 	распалённый		распалённый	 
 	распаренный		распа'ренный	 
 	распахнётесь		распахнётесь	 
 	распашонка		распашёнка	 
 	распевать		распѣва'ть	 
 	распекать		распека'ть	 
 	распёкший		распёкшій	 
 	распеленать		распелена'ть	 
 	распелёнатый		распелёнатый	 
 	распелёнутый		распелёнутый	 
 	распереть		распере'ть	 
 	распёртый		распёртый	 
 	распестрённый		распестрённый	 
 	распечатать		распеча'тать	 
 	распечённый		распечённый	 
 	распещрять		распещря'ть	 
 	распиленный		распи'ленный	 
 	расписание		расписа'ніе, росписа'ніе	 
 	расписка		распи'ска и роспи'ска, ро'спись	 
 	распитие		распи'тіе	 
 	распихнёт		распихнётъ	 
 	расплата		распла'та, къ распла'тѣ	 
 	расплеваться		расплева'ться	 
 	расплёвываться		расплёвываться	 
 	расплёлся		расплёлся	 
 	расплёсканный		расплёсканный	 
 	расплескать		расплеска'ть	 
 	расплёскивать		расплёскивать	 
 	расплёснутый		расплёснутый	 
 	расплести		расплести'	 
 	расплетать		расплета'ть	 
 	расплетённый		расплетённый	 
 	расплётшийся		расплётшійся	 
 	распложённый		распложённый	 
 	расплывёшься		расплывёшься	 
 	расплюёшься		расплюёшься	 
 	расплющенный		расплю'щенный	 
 	распнём		распнёмъ	 
 	распоётся		распоётся	 
 	распознаешь		распозна'ешь	 
 	распознаёшь		распознаёшь	 
 	располагается		располага'ется	 
 	расползается		располза'ется	 
 	расползёшься		расползёшься	 
 	расположение		расположе'ніе, въ расположе'ніи	 
 	распорошённый		распорошённый	 
 	распорядитель		распоряди'тель	 
 	распоряжение		распоряже'ніе	 
 	распотешить		распотѣ'шить	 
 	распотрошённый		распотрошённый	 
 	расправленный		распра'вленный	 
 	распределение		распредѣле'ніе	 
 	распределённый		распредѣлённый	 
 	распрекрасный		распрекра'сный	 
 	распри		ра'спри, ра'спрями, въ ра'спряхъ; ед. ра'спря, ра'спрей, о ра'спрѣ	 
 	распродаёт		распродаётъ	 
 	распростёртый		распростёртый	 
 	распространён		распространёнъ, распространённый	 
 	распространённый		распространённый	 
 	распространять		распространя'ть, распростране'ніе	 
 	распряжённый		распряжённый	 
 	распрямлённый		распрямлённый	 
 	распугнёт		распугнётъ	 
 	распуклый		распу'клый (ло'пнувшій, распуска'ющійся — о буто'нѣ цвѣтка', по'чкѣ)	 
 	распуколка		распу'колка (распуска'ющаяся по'чка и'ли буто'нъ цвѣтка')	 
 	распустёха		распустёха (небре'жно одѣ'тая, неопря'тная же'нщина)	 
 	распустится		распу'стится	 
 	распуститься		распусти'ться	 
 	Распутин		Распу'тинъ Григо'рій (не Распути'нъ! :)	 
 	распутье		распу'тье (перекрёстокъ дву'хъ и'ли нѣ'сколькихъ доро'гъ)	 
 	распушённый		распушённый	 
 	распылённый		распылённый	 
 	распятие		распя'тіе, распя'ть	 
 	рассада		разса'да	 
 	рассверлённый		разсверлённый	 
 	рассверлить		разсверли'ть	 
 	рассвет		разсвѣ'тъ (восхо'дъ со'лнца), на разсвѣ'тѣ; но расцвѣ'тъ (пора' наивы'сшаго подъёма)	 
 	рассветать		разсвѣта'ть	 
 	рассветёт		разсвѣтётъ	 
 	рассвирепеть		разсвирѣпѣ'ть	 
 	рассевать		разсѣва'ть (отъ сѣ'ять), разсѣ'въ	 
 	рассевшийся		разсѣ'вшійся	 
 	расседаться		разсѣда'ться	 
 	рассёдланный		разсѣдланный	 
 	расседлать		разсѣдла'ть	 
 	рассеивать		разсѣ'ивать	 
 	рассёк		разсѣкъ	 
 	рассекать		разсѣка'ть	 
 	расселение		разселе'ніе	 
 	расселённый		разселённый	 
 	расселина		разсѣ'лина	 
 	расселся		разсѣ'лся, разсѣ'лись	 
 	рассердиться		разсерди'ться	 
 	рассесться		разсѣ'сться	 
 	рассечённый		разсѣчённый	 
 	рассечь		разсѣ'чь	 
 	рассеялось		разсѣ'ялось, разсѣ'ялись	 
 	рассеяние		разсѣ'яніе	 
 	рассеянно		разсѣ'янно	 
 	рассеянное		разсѣ'янное	 
 	рассеянные		разсѣ'янные (м. р.), разсѣ'янныя (ж. р. и ср. р.)	 
 	рассеянный		разсѣ'янный, разсѣ'яннаго (не разсѣ'яный!)	 
 	рассеять		разсѣ'ять, разсѣ'ялъ, разсѣ'яла, разсѣ'яли	 
 	рассидеться		разсидѣ'ться	 
 	расскажет		разска'жетъ	 
 	расскажете		разска'жете, но разскажи'те	 
 	расскажешь		разска'жешь	 
 	расскажите		разскажи'те, но разска'жете	 
 	рассказ		разска'зъ, ро'зсказни, въ разска'зѣ	 
 	рассказчик		разска'зчикъ	 
 	рассказывает		разска'зываетъ	 
 	расслабиться		разсла'биться	 
 	расслабление		разслабле'ніе	 
 	расследование		разслѣ'дованіе	 
 	расслоение		разслое'ніе	 
 	расслоённый		разслоённый	 
 	рассматривать		разсма'тривать	 
 	рассмеётесь		разсмѣётесь	 
 	рассмешённый		разсмѣшённый	 
 	рассмешить		разсмѣши'ть	 
 	рассмеяться		разсмѣя'ться	 
 	рассмотрение		разсмотрѣ'ніе	 
 	рассмотреть		разсмотрѣ'ть, разсмо'трѣнъ	 
 	рассмотрим		разсмо'тримъ	 
 	расснащённый		разснащённый	 
 	рассол		разсо'лъ	 
 	рассолённый		разсолённый	 
 	рассольник		разсо'льникъ	 
 	рассоренный		разсcо'ренный (отъ ссо'ра)	 
 	рассорённый		разсорённый (отъ разсори'ть)	 
 	рассорить		разсори'ть (отъ соръ), но разссо'рить (отъ ссо'ра)	 
 	рассорить		разссо'рить (отъ ссо'ра), разсори'ть (отъ соръ)	 
 	рассосётся		разсосётся	 
 	рассохнуться		разсо'хнуться	 
 	расспрашивать		разспра'шивать	 
 	расставание		разстава'ніе, разста'ніе	 
 	расставлять		разставля'ть	 
 	расстаёшься		разстаёшься, разстаёмся, разстаётся, разстаётесь, разстаю'тся	 
 	расстание		разста'ніе, разстава'ніе, неразста'нный (не нераста'нный!)	 
 	Расстанная		Разста'нная (у'лица), не Раста'нная!	 
 	расстанный		разста'нный (гдѣ разстаю'тся)	 
 	расстановка		разстано'вка	 
 	расстаться		разста'ться	 
 	расстегай		разстега'й	 
 	расстёгивает		разстёгиваетъ	 
 	расстёгнутый		разстёгнутый	 
 	расстежной		разстежно'й	 
 	расстеленный		разсте'ленный, разсте'леннаго	 
 	расстояние		разстоя'ніе, на разстоя'ніи, разстоя'ніемъ, разстоя'нія	 
 	расстрел		разстрѣ'лъ, при разстрѣ'лѣ	 
 	расстрельный		разстрѣ'льный, разстрѣ'льнаго	 
 	расстрельщик		разстрѣ'льщикъ	 
 	расстреляние		разстрѣля'ніе	 
 	расстрелянные		разстрѣ'лянные (м. р.), разстрѣ'лянныя (ж. р. и ср. р.)	 
 	расстрелянный		разстрѣ'лянный, разстрѣ'ляннаго	 
 	расстрелять		разстрѣля'ть	 
 	расстреляться		разстрѣля'ться	 
 	расстрига		разстри'га (лишённый духо'внаго са'на, доброво'льно и'ли по суду')	 
 	расстрижёт		разстрижётъ	 
 	расстроен		разстро'енъ	 
 	расстроеные		разстро'енные (м. р.), разстро'енныя (ж. р. и ср. р.)	 
 	расстроеный		разстро'енный, разстро'еннаго	 
 	расстроить		разстро'ить	 
 	расстройство		разстро'йство, въ разстро'йствѣ	 
 	расступиться		разступи'ться	 
 	рассуёшь		разсуёшь	 
 	рассуждать		разсужда'ть	 
 	рассуждение		разсужде'ніе	 
 	рассчитаешь		разсчита'ешь, но расчётъ	 
 	рассчитать		разсчита'ть, но расчётъ	 
 	рассчитаться		разсчита'ться, но расчётъ	 
 	рассчитывать		разсчи'тывать, но расчётъ	 
 	рассылать		разсыла'ть, разосла'ть, разошлю'	 
 	рассылка		разсы'лка, въ разсы'лкѣ	 
 	рассыпать		разсы'пать	 
 	растащенный		раста'щенный	 
 	растащить		растащи'ть	 
 	растворение		растворе'ніе	 
 	растворённый		растворённый	 
 	растекаться		растека'ться, растека'ется	 
 	растёкшийся		растёкшійся	 
 	растём		растёмъ	 
 	растение		расте'ніе (расте'нье)	 
 	растёр		растёръ	 
 	растереблённый		растереблённый	 
 	растереть		растере'ть	 
 	растерзать		растерза'ть	 
 	растерёха		растерёха, растеря'ха, растеря'ша (разсѣ'янный человѣ'къ, постоя'нно теря'ющій что'-либо)	 
 	растёртый		растёртый	 
 	растеря		расте'ря, расте'рямъ	 
 	растеряевщина		растеря'евщина	 
 	растеряемся		растеря'емся	 
 	растеряет		растеря'етъ	 
 	растеряется		растеря'ется	 
 	растеряетесь		растеря'етесь	 
 	растеряешься		растеря'ешься	 
 	растеряннее		расте'ряннѣе	 
 	растерянно		расте'рянно	 
 	растерянность		расте'рянность	 
 	растерянные		расте'рянные (м. р.), расте'рянныя (ж. р. и ср. р.)	 
 	растерянный		расте'рянный, расте'ряннаго	 
 	растерять		растеря'ть	 
 	растеряться		растеря'ться	 
 	растеряха		растеря'ха, о растеря'хѣ	 
 	растеряша		растеря'ша, о растеря'шѣ	 
 	растеряшка		растеря'шка, о растеря'шкѣ	 
 	растёсанный		растёсанный	 
 	растёт		растётъ	 
 	растетёха		растетёха, тетёха (пло'тная, жи'рная дѣ'вка, ба'ба)	 
 	растечься		расте'чься, растечётся	 
 	расти		расти', ро'сшій, рости', росъ, росла'	 
 	растите		расти'те	 
 	растительность		расти'тельность	 
 	растительный		расти'тельный	 
 	растлевать		растлѣва'ть (растлѣ'ніе отъ растлѣ'ть), растлева'ть (растле'ніе отъ растли'ть)	 
 	растление		растлѣ'ніе (отъ растлѣ'ть — состоя'ніе), растле'ніе (отъ растли'ть — дѣ'йствіе)	 
 	растленный		растлѣ'нный (мора'льно разложи'вшійся), онъ растлѣ'лъ вконе'цъ	 
 	растлённый		растлённый (подве'ргшійся растле'нію), онъ растли'лъ кого'-ли'бо	 
 	растлеть		растлѣ'ть, онъ растлѣ'лъ вконе'цъ	 
 	растлить		растли'ть, онъ растли'лъ кого'-ли'бо	 
 	растолстеть		растолстѣ'ть	 
 	растолчём		растолчёмъ	 
 	растолчённый		растолчённый	 
 	растолчёшь		растолчёшь	 
 	растомлённый		растомлённый	 
 	расторжение		расторже'ніе	 
 	расторможенный		растормо'женный (состоя'ніе ду'ха)	 
 	расторможённый		расторможённый (при выключе'ніи тормозо'въ)	 
 	растормошённый		растормошённый	 
 	расторопный		расторо'пный (бы'стрый и ло'вкій въ любо'мъ дѣ'лѣ)	 
 	расточитель		расточи'тель (лицо', безцѣ'льно растра'чивающее своё иму'щество и потому' ограни'чиваемое въ распоряже'ніи имъ)	 
 	расточительность		расточи'тельность	 
 	расточительство		расточи'тельство	 
 	растревоженный		растрево'женный	 
 	Растрелли		Растре'лли (не Разстре'лли и не Расстре'лли)	 
 	растрёпа		растрёпа (неря'шливо одѣ'тый и'ли непричёсанный, лохма'тый человѣ'къ; неря'ха; рази'ня)	 
 	растрёпанные		растрёпанные (м. р.), растрёпанныя (ж. р. и ср. р.)	 
 	растрёпанный		растрёпанный	 
 	растрепаться		растрепа'ться	 
 	растрескаться		растре'скаться	 
 	растрясётся		растрясётся	 
 	растушёванный		растушёванный	 
 	растущего		расту'щаго	 
 	растущее		расту'щее	 
 	растущие		расту'щіе (м. р.), расту'щія (ж. р. и ср. р.)	 
 	растущий		расту'щій, расту'щаго	 
 	растяжение		растяже'ніе	 
 	расфранчённый		расфранчённый (одѣ'тый наря'дно, мо'дно, франтовски')	 
 	расхлёбанный		расхлёбанный	 
 	расхлёстанный		расхлёстанный	 
 	расхлёстнутый		расхлёстнутый	 
 	расхождение		расхожде'ніе	 
 	расхоложённый		расхоложённый	 
 	расхорохориться		расхорохо'риться	 
 	расхотелось		расхотѣ'лось	 
 	расхотеться		расхотѣ'ться	 
 	расхулённый		расхулённый	 
 	расцвёл		расцвѣ'лъ (подъ ударе'ніемъ произно'сится ё), расцвѣла'	 
 	расцвести		расцвѣсти', расцвѣ'сть	 
 	расцвет		расцвѣ'тъ (пора' наивы'сшаго подъёма); но разсвѣ'тъ (восхо'дъ со'лнца)	 
 	расцветёт		расцвѣтётъ	 
 	расцветка		расцвѣ'тка	 
 	расцветший		расцвѣ'тшій	 
 	расцеловать		расцѣлова'ть	 
 	расценённый		расцѣнённый	 
 	расценить		расцѣни'ть	 
 	расценка		расцѣ'нка	 
 	расценки		расцѣ'нки	 
 	расцеплять		расцѣпля'ть	 
 	расчёлся		расчёлся	 
 	расчерченный		расче'рченный	 
 	расчёркивать		расчёркивать	 
 	расчёсанный		расчёсанный	 
 	расчёска		расчёска	 
 	расчесть		расче'сть, разочту'тъ, разочтёшь, расчёлъ, разочтённый, расчётъ	 
 	расчёт		расчётъ, но разсчита'ть, въ расчётѣ	 
 	расчётистый		расчётистый, но разсчита'ть	 
 	расчётливый		расчётливый, но разсчита'ть	 
 	расчётный		расчётный, но разсчита'ть	 
 	расчётчик		расчётчикъ, но разсчита'ть	 
 	расчехлённый		расчехлённый	 
 	расчистить		расчи'стить	 
 	расчленение		расчлене'ніе	 
 	расчленённый		расчленённый	 
 	расчленять		расчленя'ть, расчлени'ть	 
 	расчудесный		расчуде'сный	 
 	расшевелённый		расшевелённый	 
 	расшевелить		расшевели'ть	 
 	расшибёшься		расшибёшься	 
 	расширение		расшире'ніе, въ расшире'ніи	 
 	расширенный		расши'ренный, расши'реннаго	 
 	расширяет		расширя'етъ, расширя'ется	 
 	расшифровка		расшифро'вка	 
 	расшлёпанный		расшлёпанный	 
 	расшуметься		расшумѣ'ться	 
 	расщебенённый		расщебенённый	 
 	расщедриться		расще'дриться	 
 	расщелина		расще'лина	 
 	расщёлканный		расщёлканный	 
 	расщёлкать		расщелка'ть (орѣ'хи)	 
 	расщемлённый		расщемлённый	 
 	расщеплённый		расщеплённый	 
 	расщеплять		расщепля'ть	 
 	ратания		рата'нія	 
 	ратафия		рата'фія (ни'зшій со'ртъ привозно'го настоя'щаго ро'ма)	 
 	ратификация		ратифика'ція (скрѣпле'ніе верхо'вной вла'стью междунаро'дныхъ догово'ровъ, заключённыхъ ея' представи'телями)	 
 	раут		ра'утъ, на ра'утѣ (собра'ніе въ вы'сшемъ кругу', днёмъ или ве'черомъ, безъ пля'сокъ)	 
 	рафинад		рафина'дъ (сортъ чи'стаго бѣ'лаго кристалли'ческаго са'хара)	 
 	рафинёрный		рафинёрный	 
 	рафинирование		рафини'рованіе	 
 	рацион		раціо'нъ	 
 	рационализм		раціонали'змъ	 
 	рационалист		раціонали'стъ	 
 	рациональнее		раціона'льнѣе	 
 	рациональное		раціона'льное	 
 	рачение		раче'ніе (стара'ніе, усе'рдіе)	 
 	рачитель		рачи'тель	 
 	рачительнее		рачи'тельнѣе	 
 	рачительно		рачи'тельно	 
 	рачительные		рачи'тельные (м. р.), рачи'тельныя (ж. р. и ср. р.)	 
 	рачительный		рачи'тельный, рачи'тельнаго	 
 	Рашель		Раше'ль	 
 	рашпер		ра'шперъ (рѣшётка для жа'ренія на у'гольяхъ), на ра'шперѣ	 
 	ращённый		ращённый	 
рв 	рванёшься		рванёшься	^
 	рваньё		рваньё (рвань), въ рваньѣ'	 
 	рваные		рва'ные (м. р.), рва'ныя (ж. р. и ср. р.)	 
 	рвение		рве'ніе, рве'нье	 
 	рвёт		рвётъ и ме'четъ	 
 	рвётесь		рвётесь	 
 	рвотное		рво'тное	 
 	рвущего		рву'щаго	 
 	рвущее		рву'щее	 
 	рвущие		рву'щіе (м. р.), рву'щія (ж. р. и ср. р.)	 
 	рвущий		рву'щій, рву'щаго	 
рд 	рдевший		рдѣ'вшій	^
 	рделый		рдѣ'лый	 
 	рдест		рде'стъ (во'дное травяни'стое расте'ніе)	 
 	рдеть		рдѣ'ть, рдѣ'етъ, рдѣ'ніе	 
ре 	реабилитация		реабилита'ція (утвержде'ніе въ пре'жнихъ права'хъ, возвраще'ніе въ пре'жнее положе'ніе, возстановле'ніе)	^
 	реагент		реаге'нтъ (вещество', слу'жащее для обнаруже'нія прису'тствія друго'го вещества')	 
 	реагировать		реаги'ровать	 
 	реагирует		реаги'руетъ	 
 	реактив		реакти'въ	 
 	реактивный		реакти'вный	 
 	реакционер		реакціоне'ръ	 
 	реакция		реа'кція	 
 	реал		реа'лъ (стари'нная сере'бряная моне'та въ Испаніи)	 
 	реализация		реализа'ція	 
 	реализм		реали'змъ, въ реали'змѣ	 
 	реалист		реали'стъ	 
 	реалистический		реалисти'ческій, реалисти'ческаго	 
 	реалистичнее		реалисти'чнѣе	 
 	реалистичные		реалисти'чные (м. р.), реалисти'чныя (ж. р. и ср. р.)	 
 	реалистичный		реалисти'чный, реалисти'чнаго, реалисти'ченъ	 
 	реалия		реа'лія, реа'ліи, реа'лій, къ реа'ліямъ, въ реа'ліяхъ	 
 	реальгар		реальга'ръ (сѣ'рнистый мышья'къ)	 
 	реальнее		реа'льнѣе	 
 	реально		реа'льно, (не ріа'льна, ткж. см. канкре'тна :)	 
 	реального		реа'льнаго	 
 	реальное		реа'льное	 
 	реальность		реа'льность	 
 	реальные		реа'льные (м. р.), реа'льныя (ж. р. и ср. р.)	 
 	реальный		реа'льный, реа'льнаго	 
 	ребе		ре'бе	 
 	ребёнок		ребёнокъ и робёнокъ	 
 	ребёночек		ребёночекъ	 
 	рёберный		рёберный	 
 	реборда		ребо'рда (закра'ина на конца'хъ чугу'нныхъ вало'въ въ маши'нахъ и у ваго'нныхъ и парово'зныхъ колёсъ)	 
 	ребро		ребро', мн. ч. рёбра, рёберъ, на ребрѣ'	 
 	рёбрышко		рёбрышко, на рёбрышкѣ	 
 	ребус		ре'бусъ, въ ре'бусѣ	 
 	ребята		ребя'та	 
 	ребятёнок		ребятёнокъ	 
 	ребятишки		ребяти'шки, ребяти'шекъ	 
 	ребятнёй		ребятнёй	 
 	ребячество		ребя'чество, въ ребя'чествѣ	 
 	рёв		рёвъ, въ рёвѣ	 
 	реванш		рева'ншъ (возме'здіе, отпла'та; въ игрѣ' возмо'жность отыгра'ться)	 
 	Ревекка		Реве'кка	 
 	ревел		ревѣ'лъ, ревѣ'ла, ревѣ'ли, ревѣ'ло, но ревётъ	 
 	Ревель		Ре'вель, Колыва'нь (сoвр. Та'ллинъ)	 
 	ревенёк		ревенёкъ	 
 	ревень		реве'нь	 
 	реверанс		ревера'нсъ (да'мскій покло'нъ съ присѣда'ніемъ)	 
 	ревербер		реве'рберъ (фона'рь, снабжённый во'гнутымъ зе'ркаломъ, въ фо'кусѣ кото'раго помѣщена' ла'мпа)	 
 	реверс		ре'версъ (оборо'тная сторона' моне'ты съ номина'ломъ), на ре'версѣ	 
 	реверси		реверси' (стари'нная ка'рточная игра')	 
 	ревёт		ревётъ, ревёшь, ревёмъ, но ревѣ'ть	 
 	реветь		ревѣ'ть, но ревётъ	 
 	ревивали		реви'вали (вспы'шки религіо'знаго чу'вства, проявля'ющіяся отъ вре'мени до вре'мени у люде'й, погружённыхъ въ мірску'ю суету')	 
 	ревизия		реви'зія (повѣ'рка де'нежной и матеріа'льной отчётности и вообще' пра'вильности дѣ'йствія како'го-либо учрежде'нія)	 
 	ревизовать		ревизова'ть	 
 	ревизор		ревизо'ръ, о ревизо'рѣ	 
 	ревизский		реви'зскій, реви'зская ска'зка, реви'зскія ска'зки	 
 	ревматизм		ревмати'змъ	 
 	ревмя ревёт		ревмя'-ревётъ, но ревмя'-ревѣ'ть	 
 	ревмя реветь		ревмя'-ревѣ'ть, но ревмя'-ревётъ	 
 	ревнивец		ревни'вецъ, о ревни'вцѣ	 
 	ревнитель		ревни'тель	 
 	ревновать		ревнова'ть	 
 	ревностный		ре'вностный, ре'вностнаго	 
 	ревность		ре'вность	 
 	ревнует		ревну'етъ	 
 	Ревокат		Ревока'тъ	 
 	револьвер		револьве'ръ, въ револьве'рѣ	 
 	революционер		революціоне'ръ, о революціоне'рѣ	 
 	революционного		революціо'ннаго	 
 	революционные		революціо'нные (м. р.), революціо'нныя (ж. р. и ср. р.)	 
 	революционный		революціо'нный, революціо'ннаго	 
 	революция		револю'ція, револю'ціей, революціо'нный	 
 	ревун		реву'нъ	 
 	ревуха		реву'ха (ви'дъ гага'ры)	 
 	рёвушка		рёвушка	 
 	регалия		рега'лія, рега'ліи (зна'ки вла'сти)	 
 	регата		рега'та (назва'ніе го'нки судо'въ)	 
 	регель		ре'гель	 
 	регенерация		регенерація (возрожде'ніе, воспроизведе'ніе, возстановле'ніе)	 
 	Регенсбург		Регенсбу'ргъ	 
 	регент		реге'нтъ (правитель), ре'гентъ (управл. хора)	 
 	регион		регіо'нъ	 
 	регистр		реги'стръ (на ни'жнемъ реги'стрѣ)	 
 	регистратор		регистра'торъ	 
 	регистратура		регистрату'ра	 
 	регистрация		регистра'ція	 
 	регистрировать		регистри'ровать	 
 	регламент		регла'ментъ	 
 	регресс		регре'ссъ (въ противополо'жность прогре'ссу — упа'докъ, возвраще'ніе наза'дъ, отста'лость)	 
 	Регул		Ре'гулъ	 
 	регулировать		регули'ровать	 
 	регулировка		регулиро'вка	 
 	регулируем		регули'руемъ	 
 	регулируемый		регули'руемый	 
 	регулы		ре'гулы (менструа'ція)	 
 	регулярнее		регуля'рнѣе	 
 	регулярного		регуля'рнаго	 
 	регулярное		регуля'рное	 
 	регулярные		регуля'рные (м. р.), регуля'рныя (ж. р. и ср. р.)	 
 	регулярный		регуля'рный	 
 	регулятор		регуля'торъ	 
 	редактировать		редакти'ровать (редижи'ровать)	 
 	редактор		реда'кторъ, о реда'кторѣ	 
 	редакционное		редакціо'нное	 
 	редакционные		редакціо'нные (м. р.), редакціо'нныя (ж. р. и ср. р.)	 
 	редакционный		редакціо'нный, редакціо'ннаго	 
 	редакция		реда'кція, реда'кціей, въ реда'кціи	 
 	редан		реда'нъ (ступе'нька на дни'щѣ глисси'рующихъ катеро'въ)	 
 	редант		реда'нтъ (откры'тое укрѣпле'ніе изъ дву'хъ фа'совъ, образу'ющихъ исходя'щій у'голъ)	 
 	Редедя		Реде'дя	 
 	редеет		рѣдѣ'етъ	 
 	реденький		рѣ'денькій	 
 	редерер		редере'ръ (одна' изъ лу'чшихъ нѣме'цкихъ ма'рокъ шампа'нскаго)	 
 	редеть		рѣдѣ'ть, рѣдѣ'лъ, рѣдѣ'ла	 
 	редечка		рѣ'дечка и ре'дечка	 
 	Реджио		Ре'джіо	 
 	редина		рѣди'на (рѣ'денькая тка'нь, серпя'нка)	 
 	редингот		рединго'тъ (дли'нный сюрту'къ)	 
 	редиска		реди'ска и рѣди'ска	 
 	редкие		рѣ'дкіе (м. р.), рѣ'дкія (ж. р. и ср. р.)	 
 	редкий		рѣ'дкій, рѣ'дкаго	 
 	Редклиф		Редкли'фъ	 
 	редко		рѣ'дко	 
 	редкое		рѣ'дкое	 
 	редкостный		рѣ'дкостный	 
 	редкость		рѣ'дкость	 
 	редова		редова' (че'шскій та'нецъ)	 
 	редок		рѣ'докъ	 
 	редуктор		реду'кторъ	 
 	редут		реду'тъ (небольшо'е отдѣ'льно устро'енное укрѣпле'ніе, со'мкнутое въ ви'дѣ многоуго'льника)	 
 	Редут-Кале		Реду'тъ-Кале'	 
 	редька		рѣ'дька и ре'дька	 
 	реель		ре'ель	 
 	реестр		рее'стръ (пе'речень предме'товъ; кни'га для за'писи дѣлъ и вообще' бума'гъ въ канцеля'ріи)	 
 	реет		рѣ'етъ и ре'етъ, рѣ'ете и ре'ете, рѣ'емъ и ре'емъ, рѣ'ешь и ре'ешь, рѣ'ютъ и ре'ютъ	 
 	реже		рѣ'же	 
 	режим		режи'мъ	 
 	режиссёр		режиссёръ	 
 	режиссура		режиссу'ра	 
 	Режица		Рѣ'жица	 
 	рез		рѣ'зъ	 
 	резак		рѣза'къ	 
 	резанёт		рѣзанётъ	 
 	резанёшь		рѣзанёшь	 
 	резань		рѣ'зань (стари'нная ру'сская ме'лкая моне'та)	 
 	резать		рѣ'зать	 
 	резвее		рѣ'звѣе	 
 	резвится		рѣзви'тся	 
 	резвиться		рѣзви'ться	 
 	резвого		рѣ'зваго	 
 	резвое		рѣ'звое	 
 	резвость		рѣ'звость	 
 	резвун		рѣзву'нъ, рѣзву'шка, рѣзву'нья, рѣзву'нчикъ	 
 	резвые		рѣ'звые (м. р.), рѣ'звыя (ж. р. и ср. р.)	 
 	резвый		рѣ'звый, рѣ'зваго	 
 	резеда		резеда'	 
 	резекция		резе'кція (хирурги'ческая опера'ція, состоя'щая въ удале'ніи ча'сти о'ргана, преиму'щественно ко'сти)	 
 	Резенер		Ре'зенеръ	 
 	резерв		резе'рвъ, въ резе'рвѣ	 
 	резервуар		резервуа'ръ	 
 	резец		рѣзе'цъ	 
 	резидент		резиде'нтъ	 
 	резиденция		резиде'нція	 
 	резина		рези'на, рези'нка, рези'ночка, на рези'нѣ, на рези'нкѣ	 
 	резинового		рези'новаго, рези'ннаго	 
 	резиновое		рези'новое, рези'нное	 
 	резиновые		рези'новые, рези'нные (м. р.), рези'новыя, рези'нныя (ж. р. и ср. р.)	 
 	резиновый		рези'новый, рези'нный	 
 	резкие		рѣ'зкіе (м. р.), рѣ'зкія (ж. р. и ср. р.)	 
 	резкий		рѣ'зкій, рѣ'зкаго, рѣ'зкихъ, рѣ'зче	 
 	резкое		рѣ'зкое	 
 	резкопересечённый		рѣзкопересѣчённый	 
 	резкость		рѣ'зкость	 
 	резнёй		резнёй	 
 	резной		рѣзно'й	 
 	резолюция		резолю'ція	 
 	резон		резо'нъ	 
 	резонанс		резона'нсъ	 
 	резонатор		резона'торъ	 
 	резонёр		резонёръ (лю'бящій вести' разсужде'нія нравоучи'тельнаго хара'ктера)	 
 	результат		результа'тъ, въ результа'тѣ	 
 	резцы		рѣзцы' (пере'дніе зу'бы)	 
 	резче		рѣ'зче	 
 	резчик		рѣ'зчикъ	 
 	резь		рѣ'зь	 
 	резьба		рѣзьба', на рѣзьбѣ'	 
 	резюме		резюме' (сжа'тое повторе'ніе главнѣ'йшихъ вы'водовъ рѣ'чи, статьи', докла'да)	 
 	резюмировать		резюми'ровать	 
 	рей		рей (м. р. то же, что ре'я), ре'и, ре'емъ, на ре'ѣ	 
 	Рей		Ре'й	 
 	Рейбо		Рейбо'	 
 	рейд		ре'йдъ, на ре'йдѣ	 
 	рейка		ре'йка	 
 	Рейкьявик		Рейкіа'викъ	 
 	Реймерс		Ре'ймерсъ	 
 	Реймс		Ре'ймсъ	 
 	Рейн		Ре'йнъ	 
 	рейнвейн		рейнве'йнъ (ви'на, получа'емыя съ Ре'йна)	 
 	Рейнфельден		Рейнфе'льденъ	 
 	рейс		ре'йсъ	 
 	рейсфедер		рейсфе'деръ	 
 	рейтар		ре'йтаръ, ре'йтары и ре'йтеры (ко'нное во'йско, состоя'вшее преиму'щественно изъ иностра'нцевъ)	 
 	рейтинг		ре'йтингъ, въ ре'йтингѣ	 
 	рейтузы		рейту'зы (подши'тые ко'жей брю'ки для верхово'й ѣзды')	 
 	Рейф		Ре'йфъ	 
 	Рейхенбах		Рейхенба'хъ	 
 	Рейхлин		Ре'йхлинъ	 
 	рейхстаг		рейхста'гъ	 
 	Рейхштадт		Рейхшта'дтъ	 
 	рёк		рёкъ	 
 	река		рѣка', по рѣкѣ'	 
 	реквием		ре'квіемъ (въ ри'мско-католи'ческой це'ркви заупоко'йная обѣ'дня по уме'ршемъ)	 
 	реквизит		реквизи'тъ	 
 	реквизиция		реквизи'ція	 
 	реклама		рекла'ма, о рекла'мѣ, въ рекла'мѣ	 
 	рекламация		реклама'ція	 
 	Реклю		Реклю'	 
 	рекогносцировка		рекогносциро'вка	 
 	рекомендация		рекоменда'ція	 
 	рекомендовать		рекомендова'ть	 
 	рекомендуемый		рекоменду'емый	 
 	рекомендует		рекоменду'етъ	 
 	рекомый		реко'мый (прозыва'емый)	 
 	реконструируем		реконструи'руемъ	 
 	реконструируемые		реконструи'руемые (м. р.), реконструи'руемыя (ж. р. и ср. р.)	 
 	реконструируемый		реконструи'руемый	 
 	реконструируется		реконструи'руется, реконструи'руетъ, реконструи'руемъ	 
 	реконструктивный		реконструкти'вный, реконструкти'внаго	 
 	реконструкция		реконстру'кція	 
 	рекорд		реко'рдъ	 
 	рекордер		реко'рдеръ	 
 	рекордсмен		рекордсма'нъ	 
 	рекреационный		рекреаціо'нный	 
 	рекреация		рекреа'ція	 
 	рекрут		ре'крутъ (новобра'нецъ, солда'тъ, то'лько-что поступи'вшій на слу'жбу), рекру'тскій	 
 	рекрутировать		рекрути'ровать	 
 	ректальный		ректа'льный (относя'щійся къ прямо'й кишкѣ')	 
 	ректификат		ректифика'тъ	 
 	ректификация		ректифика'цяі (втори'чное очище'ніе уже разъ пе'регнанной жи'дкости, преиму'щественно спи'рта)	 
 	ректор		ре'кторъ	 
 	реку		реку' (называ'ю), рёкъ, рекла'	 
 	реле		реле'	 
 	религиозен		религіо'зенъ	 
 	религиозные		религіо'зные (м. р.), религіо'зныя (ж. р. и ср. р.)	 
 	религиозный		религіо'зный, религіо'знаго	 
 	религия		рели'гія (вѣ'ра въ божество' и са'мая фо'рма, въ кото'рую она' облека'ется у разли'чныхъ наро'довъ), рели'гіей, въ рели'гіи	 
 	реликвия		рели'квія	 
 	реликт		рели'ктъ	 
 	реликтовый		рели'ктовый	 
 	рель		ре'ль	 
 	рельеф		релье'фъ	 
 	рельсы		ре'льсы, ре'льсъ, ре'льса, ре'льсовъ	 
 	реляция		реля'ція (стари'нное въ на'шихъ прису'тственныхъ мѣста'хъ обозначе'ніе докла'да, докладно'й запи'ски; донесе'ніе о вое'нныхъ происше'ствіяхъ)	 
 	ремарка		рема'рка	 
 	Рембрандт		Ре'мбрандтъ	 
 	ремедиум		реме'діумъ (допуска'емое зако'номъ уклоне'ніе отъ номина'льной про'бы и вѣ'са металли'ческихъ де'негъ, мо'гущее произойти' при ихъ чека'нкѣ)	 
 	ременный		реме'нный	 
 	ремённый		ремённый	 
 	ремень		реме'нь, на ремнѣ', ремнёмъ, ремня', на ремня'хъ; мн. ремни', ремне'й	 
 	Рёмер		Рёмеръ	 
 	ремёсел		ремёселъ	 
 	ремесленник		реме'сленникъ	 
 	ремесло		ремесло', ремёсла	 
 	ремешок		ремешо'къ	 
 	ремиз		реми'зъ (штра'фъ въ ка'рточной игрѣ')	 
 	Ремингтон		Ремингто'нъ	 
 	ремиссия		реми'ссія	 
 	ремнём		ремнёмъ	 
 	ремонт		ремо'нтъ, въ ремо'нтѣ	 
 	ремонтёр		ремонтёръ (офице'ръ, уполномо'ченный на поку'пку лошаде'й для кавалері'йскихъ полко'въ)	 
 	ремонтировать		ремонти'ровать	 
 	ремонтуар		ремонтуа'ръ (приспособле'ніе въ карма'нныхъ часа'хъ, при по'мощи кото'раго они заво'дятся безъ ключа')	 
 	Ремюза		Ремю'за	 
 	Ренан		Рена'нъ	 
 	ренегат		ренега'тъ (отсту'пникъ, человѣ'къ, измѣни'вшій рели'гіи и'ли убѣжде'ніямъ, кото'рыхъ приде'рживался)	 
 	ренессанс		ренесса'нсъ (пері'одъ возрожде'нія анти'чнаго иску'сства)	 
 	Рени		Рени'	 
 	ренклод		ренкло'дъ (сортъ сла'дкихъ со'чныхъ сли'въ зелёнаго цвѣ'та)	 
 	Ренн		Ре'ннъ	 
 	Ренненкампф		Ренненка'мпфъ	 
 	реноме		реноме' (ходя'чее мнѣ'ніе о комъ и'ли чёмъ-либо)	 
 	ренонс		рено'нсъ (въ ка'рточной игрѣ' недоста'токъ извѣ'стной ма'сти)	 
 	рента		ре'нта (опредѣлённый дохо'дъ съ капита'ла; проце'нты и'ли проце'нты и погаше'ніе на за'нятый капита'лъ, выпла'чиваемые періоди'чески)	 
 	Рентген		Рентге'нъ (не Рёнтгенъ!)	 
 	рентгеноскопия		рентгеноскопі'я	 
 	Ренье		Ренье'	 
 	Реньо		Реньо'	 
 	Реньяр		Ренья'ръ	 
 	Реомюр		Реомю'ръ	 
 	реорганизация		реорганиза'ція	 
 	реостат		реоста'тъ	 
 	репа		рѣ'па	 
 	репеёк		репеёкъ, репеёчекъ	 
 	репей		репе'й	 
 	репейник		репе'йникъ, репе'йничекъ	 
 	репертуар		репертуа'ръ	 
 	репетир		репети'ръ (приспособле'ніе въ карма'нныхъ часа'хъ, посре'дствомъ кото'раго отбива'ется пока'зываемое и'ми вре'мя)	 
 	репетитор		репети'торъ	 
 	репетиция		репети'ція	 
 	Репин		Рѣ'пинъ	 
 	репища		рѣ'пища (больша'я рѣ'па), но рѣ'пище (по'ле, засѣ'янное рѣ'пою)	 
 	репище		рѣ'пище (по'ле, засѣ'янное рѣ'пою)	 
 	репка		рѣ'пка	 
 	реплика		ре'плика	 
 	Репнин		Репни'нъ	 
 	реполов		реполо'въ (мали'новка)	 
 	репортаж		репорта'жъ, въ репорта'жѣ	 
 	репортёр		репортёръ	 
 	репрезентабельный		репрезента'бельный (представи'тельный)	 
 	репрессалии		репресса'ліи	 
 	репрессивного		репресси'внаго	 
 	репрессивное		репресси'вное	 
 	репрессивные		репресси'вные (м. р.), репресси'вныя (ж. р. и ср. р.)	 
 	репрессивный		репресси'вный, репресси'внаго	 
 	репрессия		репре'ссія, репре'ссіи	 
 	репрессор		репре'ссоръ	 
 	реприманд		реприма'ндъ (упрёкъ, вы'говоръ)	 
 	репродукция		репроду'кція	 
 	репс		ре'псъ (ру'бчатая про'чная, то'лстая мате'рія)	 
 	рептилия		репти'лія (пресмыка'ющіяся)	 
 	репутация		репута'ція	 
 	Рерих		Ре'рихъ (не Рёрихъ!)	 
 	Рёскин		Рёскинъ	 
 	рескрипт		рескри'птъ (письмо' госуда'ря къ по'дданному, обыкнове'нно сопровожда'ющее но'вое назначе'ніе, награ'ду)	 
 	ресницы		рѣсни'цы, рѣсни'ца, рѣсни'цей, на рѣсни'цахъ	 
 	ресничка		рѣсни'чка	 
 	респектабельный		респекта'бельный	 
 	респиратор		респира'торъ	 
 	республика		респу'блика, въ респу'бликѣ	 
 	рессора		рессо'ра	 
 	реставратор		реставра'торъ	 
 	реставрация		реставра'ція	 
 	реставрировать		реставри'ровать, реставри'руешь	 
 	реституция		реститу'ція (возстановле'ніе, возобновле'ніе утра'ченныхъ си'лъ, здоро'вья)	 
 	ресторан		рестора'нъ, въ рестора'нѣ	 
 	ресторатор		рестора'торъ	 
 	ресторация		рестора'ція (малоупотреби'тельное обозначе'ніе рестора'на ни'зшаго разря'да)	 
 	ресурс		ресу'рсъ	 
 	ресурсоёмкий		ресурсоёмкій	 
 	ретивый		рети'вый	 
 	Ретийские Альпы		Реті'йскія А'льпы	 
 	ретикулёз		ретикулёзъ	 
 	ретирада		ретира'да (отступле'ніе)	 
 	ретироваться		ретирова'ться (отступи'ть)	 
 	реторта		рето'рта	 
 	ретракция		ретра'кція	 
 	ретраншемент		ретраншеме'нтъ (втори'чныя прегра'ды внутри' укрѣпле'ній)	 
 	ретратта		ретра'тта	 
 	ретроград		ретрогра'дъ (то же, что реакціоне'ръ)	 
 	ретроспектива		ретроспекти'ва (взгля'дъ въ про'шлое, обозрѣ'ніе того', что бы'ло въ про'шломъ)	 
 	ретушёванный		ретушёванный	 
 	ретушёр		ретушёръ	 
 	ретушировать		ретуши'ровать	 
 	ретушируем		ретуши'руемъ	 
 	ретушь		ре'тушь	 
 	реферат		рефера'тъ, въ рефера'тѣ (изложе'ніе су'щности но'ваго откры'тія въ о'бласти нау'ки и'ли иску'сства; отчётъ о но'вой кни'гѣ и'ли но'вомъ тече'ніи въ литерату'рѣ, обще'ственной жи'зни)	 
 	референдум		рефере'ндумъ, на рефере'ндумѣ (рѣше'ніе всео'бщимъ наро'днымъ голосова'ніемъ извѣ'стныхъ законода'тельныхъ вопро'совъ)	 
 	референт		рефере'нтъ	 
 	рефлекс		рефле'ксъ	 
 	рефлексия		рефле'ксія (мышле'ніе, имѣ'ющее свои'мъ предме'томъ само' себя')	 
 	рефлектёр		рефлектёръ	 
 	рефлектор		рефле'кторъ	 
 	реформа		рефо'рма, о рефо'рмѣ	 
 	реформатор		реформа'торъ	 
 	реформация		реформа'ція (измѣне'ніе чего'-либо; религіо'зныя преобразова'нія въ ду'хѣ протестанти'зма)	 
 	рефрактор		рефра'кторъ	 
 	рефракция		рефра'кція (преломле'ніе луче'й свѣ'та)	 
 	рефрен		рефре'нъ (припѣ'въ)	 
 	рехнёшься		рехнёшься	 
 	рехнуться		рехну'ться и ряхну'ться	 
 	рецензент		рецензе'нтъ	 
 	рецензия		реце'нзія (разбо'ръ и'ли оцѣ'нка теку'щихъ литерату'рныхъ и'ли театра'льныхъ нови'нокъ)	 
 	рецепт		реце'птъ	 
 	рецептор		реце'пторъ	 
 	рецептура		реце'птура	 
 	рецидив		рециди'въ (повторе'ніе)	 
 	реципиент		реципіе'нтъ	 
 	речёвка		рѣ'чёвка	 
 	речевой		рѣчево'й	 
 	речей		рѣче'й	 
 	речение		рече'ніе (типово'е выраже'ніе), не рѣче'ніе!	 
 	речённый		речённый, рече'нный (на'званный, э'тотъ са'мый), не рѣчённый!	 
 	речено		речено' (на'звано), не рѣчено'	 
 	реченька		рѣ'ченька, рѣчо'нка	 
 	речётся		речётся (называ'ется), не рѣчётся!	 
 	речистый		рѣчи'стый	 
 	речитатив		речитати'въ (деклама'ція въ пѣ'ніи), не речетати'въ!	 
 	Речица		Рѣ'чица	 
 	речка		рѣ'чка, въ рѣ'чкѣ	 
 	речушка		рѣчу'шка	 
 	речь		рѣчь (но отре'чься, изре'чь!), рѣче'й, рѣ'чью	 
 	Речь Посполитая		Рѣчь Посполи'тая (назва'ніе стари'нной По'льши, буква'льно зна'читъ — респу'блика)	 
 	решаем		рѣша'емъ, рѣша'емся	 
 	решаемо		рѣша'емо	 
 	решаемые		рѣша'емые (м. р.), рѣша'емыя (ж. р. и ср. р.)	 
 	решаемый		рѣша'емый, рѣша'емымъ	 
 	решает		рѣша'етъ, рѣша'ется	 
 	решается		рѣша'ется, рѣша'ются	 
 	решаешь		рѣша'ешь, рѣша'ютъ, рѣша'емъ, рѣша'етъ, рѣша'ешься	 
 	решай		рѣша'й, рѣша'йся	 
 	решал		рѣша'лъ, рѣша'лся	 
 	решала		рѣша'ла, рѣша'лась	 
 	решали		рѣша'ли, рѣша'лись	 
 	решать		рѣша'ть, рѣша'ться	 
 	решаться		рѣша'ться	 
 	решаю		рѣша'ю, рѣша'юсь	 
 	решают		рѣша'ютъ, рѣша'ются	 
 	решён		рѣшёнъ	 
 	решение		рѣше'ніе, о рѣше'ніи	 
 	решённые		рѣшённые (м. р.), рѣшённыя (ж. р. и ср. р.)	 
 	решённый		рѣшённый, рѣшёнными, рѣшённыхъ	 
 	решено		рѣшено', рѣшена', рѣшены'	 
 	решётка		рѣшётка, на рѣшёткѣ	 
 	решетник		рѣше'тникъ (сортъ лѣ'са, иду'щій на обрѣшётку стропи'лъ подъ кры'шу)	 
 	Решетников		Рѣше'тниковъ	 
 	решето		рѣшето' и решето', рѣшёта, въ рѣшетѣ'	 
 	решёточка		рѣшёточка	 
 	решётчатый		рѣшётчатый	 
 	решечённый		рѣшечённый	 
 	решил		рѣши'лъ, рѣши'ла, рѣши'ли, рѣши'ло	 
 	решимость		рѣши'мость, съ рѣши'мостью	 
 	решит		рѣши'тъ, рѣши'те, рѣши'мъ, рѣши'шь, рѣша'тъ	 
 	решительнее		рѣши'тельнѣе (бо'лѣе рѣши'тельно)	 
 	решительно		рѣши'тельно	 
 	решительного		рѣши'тельнаго	 
 	решительное		рѣши'тельное	 
 	решительность		рѣши'тельность	 
 	решительный		рѣши'тельный, рѣши'тельнаго	 
 	решительные		рѣши'тельные (м. р.), рѣши'тельныя (ж. р. и ср. р.)	 
 	решить		рѣши'ть	 
 	решиться		рѣши'ться	 
 	решка		ре'шка (сторона' моне'ты, орёлъ и'ли ре'шка)	 
 	Решт		Ре'штъ	 
 	рещи		рещи' (говори'ть) — уcтap., реку', речёшь, реку'тъ, рекъ и рёкъ, рекла'; рече'ніе, речённый	 
 	рея		ре'я (ж. р. то же, что ре'й), ре'и, на ре'яхъ, ре'ямъ, на ре'ѣ	 
 	Рея		Ре'я	 
 	реять		рѣ'ять и ре'ять (пари'ть, ри'нуться), рѣ'етъ и ре'етъ	 
рж 	ржаветь		ржавѣ'ть, ржавле'ніе, ржавѣ'етъ	^
 	ржавое		ржа'вое	 
 	ржанец		ржане'цъ (наро'дное назва'ніе нѣ'сколькихъ расте'ній изъ семе'йства зла'ковъ: ежи', пыре'я, тимоЏе'евки и др.)	 
 	ржание		ржа'ніе, ржа'ніемъ	 
 	ржаной		ржано'й, ржано'го	 
 	ржаные		ржаны'е (м. р.), ржаны'я (ж. р. и ср. р.)	 
 	Ржев		Рже'въ, въ Рже'вѣ	 
 	Ржевский		Рже'вскій (пору'чикъ :), Рже'вскаго	 
 	Ржевуский		Ржеву'скій	 
 	ржёте		ржёте	 
 	Ржищев		Ржи'щевъ	 
ри 	Ривьера		Ривье'ра	^
 	Ригель		Ри'гель	 
 	рикошет		рикоше'тъ, при рикоше'тѣ	 
 	римесса		риме'сса (упла'та за полу'ченный това'ръ, въ осо'бенности векселя'ми и други'ми бума'жными цѣ'нностями)	 
 	римляне		ри'мляне	 
 	римские		ри'мскіе (м. р.), ри'мскія (ж. р. и ср. р.)	 
 	Римский-Корсаков		Ри'мскій-Ко'рсаковъ	 
 	римского		ри'мскаго	 
 	римское		ри'мское	 
 	Рио-Гранде		Рі'о-Гра'нде	 
 	Рио-де-Жанейро		Рі'о-де-Жане'йро	 
 	Рион		Ріо'нъ	 
 	Рио-Негро		Рі'о-Не'гро	 
 	риск		рискъ (предпрія'тіе), рыскъ (ско'рый бѣгъ)	 
 	рискнёте		рискнёте	 
 	рисование		рисова'ніе	 
 	рисованное		рисо'ванное	 
 	рисованные		рисо'ванные (м. р.), рисо'ванныя (ж. р. и ср. р.)	 
 	рисовое		ри'совое	 
 	рисовые		ри'совые (м. р.), ри'совыя (ж. р. и ср. р.)	 
 	ристалище		риста'лище (аре'на для бѣ'га лошаде'й и колесни'цъ)	 
 	рисунок		рису'нокъ, на рису'нкѣ	 
 	ритм		ритмъ, въ ри'тмѣ	 
 	ритмический		ритми'ческій, ритми'чный	 
 	ритор		ри'торъ и ре'торъ	 
 	риторика		рито'рика и рето'рика (тео'рія краснорѣ'чія; нау'ка объ основа'ніяхъ и пра'вилахъ иску'снаго ора'торскаго изложе'нія)	 
 	риторический		ритори'ческій и ретори'ческій	 
 	Риттер		Ри'ттеръ	 
 	ритуальные		ритуа'льные (м. р.), ритуа'льныя (ж. р. и ср. р.)	 
 	ритурнель		ритурне'ль (небольшо'й инструмента'льный отры'вокъ, предше'ствующій, заключа'ющій и'ли выполня'ющій па'узу вока'льнаго произведе'нія)	 
 	риф		рифъ, ри'фы (подво'дныя ска'лы; завя'зки на паруса'хъ — бра'ть ри'фы), ри'фить (паруса')	 
 	рифление		рифле'ниіе	 
 	рифлёный		рифлёный	 
 	рифли		ри'фли, ри'флей, ри'флями (боро'здки рифле'нія)	 
 	рифма		ри'ѳма	 
 	рифмоплёт		риѳмоплётъ	 
 	Рицимер		Рициме'ръ	 
 	Ришелье		Ришелье'	 
ро 	Роберваль		Роберва'ль	^
 	Роберт		Ро'бертъ	 
 	Робертсон		Робертсо'нъ	 
 	Робеспьер		Робеспье'ръ	 
 	робеет		робѣ'етъ, робѣ'ете, робѣ'емъ, робѣ'ешь, робѣ'ютъ	 
 	робейте		робѣ'йте, не робѣ'йте	 
 	робеть		робѣ'ть	 
 	робею		робѣ'ю, не робѣ'й	 
 	робея		робѣ'я	 
 	робкие		ро'бкіе (м. р.), ро'бкія (ж. р. и ср. р.)	 
 	робкий		ро'бкій, ро'бкаго	 
 	робкое		ро'бкое	 
 	робче		ро'бче (стыдли'вѣе, бо'лѣе ро'бко)	 
 	ровесник		рове'сникъ (не рове'стникъ!)	 
 	ровесница		рове'сница	 
 	ровнёхонек		ровнёхонекъ	 
 	ровнёшенек		ровнёшенекъ	 
 	ровнять		ровня'ть (дѣ'лать ро'внымъ), ровня'етъ	 
 	Рогачёв		Рогачо'въ	 
 	Рогнеда		Рогнѣ'да	 
 	рогожа		рого'жа (гру'бая плетёная ткань изъ моча'льныхъ ле'нтъ)	 
 	рогожка		рого'жка (хлопча'то-бума'жная ткань, имѣ'ющая видъ ме'лко-плетёной рого'жи)	 
 	рогоносец		рогоно'сецъ (мужъ, кото'рому измѣня'етъ жена')	 
 	Роджерс		Родже'рсъ	 
 	родина		ро'дина, на ро'динѣ, измѣ'на ро'динѣ	 
 	Родион		Родіо'нъ (не Радіо'нъ!), Иродіо'нъ	 
 	родит		роди'тъ	 
 	родите		роди'те	 
 	родителей		роди'телей	 
 	родители		роди'тели	 
 	родитель		роди'тель	 
 	родительница		роди'тельница	 
 	родителям		роди'телямъ, роди'телями, о роди'теляхъ	 
 	родич		ро'дичъ, ро'дичи, ро'дичей, ро'дичемъ	 
 	роднее		роднѣ'е	 
 	роднёй		роднёй	 
 	роднейший		роднѣ'йшій	 
 	родненький		ро'дненькій	 
 	родное		родно'е, роднѣ'е	 
 	родной		родно'й, родно'го, родно'е, роднѣ'е	 
 	родные		родны'е (м. р.), родны'я (ж. р. и ср. р.)	 
 	родня		родня', о роднѣ'	 
 	родовспоможение		родовспоможе'ніе	 
 	рододендрон		рододе'ндронъ	 
 	родственник		ро'дственникъ	 
 	родственного		ро'дственнаго	 
 	родственное		ро'дственное	 
 	родственные		ро'дственные (м. р.), ро'дственныя (ж. р. и ср. р.)	 
 	родственный		ро'дственный, ро'дственнаго, ро'дствененъ	 
 	родство		родство', въ родствѣ'; Ива'нь, не по'мнящій родства'	 
 	роение		рое'ніе (вы'летъ изъ у'лья ча'сти пчёлъ съ молодо'ю ма'ткою)	 
 	роет		ро'етъ (рыть)	 
 	рождаем		рожда'емъ и ражда'емъ	 
 	рождаемое		рожда'емое и ражда'емое	 
 	рождаемом		рожда'емомъ и ражда'емомъ	 
 	рождаемость		рожда'емость и ражда'емость	 
 	рождаемые		рожда'емые и ражда'емые (м. р.), рожда'емыя и ражда'емыя (ж. р. и ср. р.)	 
 	рождаемый		рожда'емый и ражда'емый	 
 	рождает		рожда'етъ и ражда'етъ	 
 	рождается		рожда'ется и ражда'ется	 
 	рождал		рожда'лъ и ражда'лъ	 
 	рождала		рожда'ла и ражда'ла	 
 	рождали		рожда'ли и ражда'ли	 
 	рождало		рожда'ло и ражда'ло	 
 	рождать		рожда'ть и ражда'ть, роди'ть, рожде'ніе	 
 	рождение		рожде'ніе, съ днёмъ рожде'нія	 
 	рождённого		рождённаго	 
 	рождённое		рождённое	 
 	рождённые		рождённые (м. р.), рождённыя (ж. р. и ср. р.)	 
 	рождённый		рождённый, рождённаго	 
 	рождественский		рожде'ственскій	 
 	Рождество		Рождество' (пра'здникъ), съ Рождество'мъ Христо'вымъ	 
 	рожечник		роже'чникъ (музыка'нтъ, уча'ствующій въ хо'рѣ рогово'й му'зыки)	 
 	рожок		рожо'къ, рожёкъ, роже'чникъ	 
 	рожь		ро'жь	 
 	розанель		розане'ль (то же, что гера'ніевое ма'сло)	 
 	розвалень		ро'звалень (у'валень, человѣ'къ съ неуклю'жей, мѣшкова'той похо'дкой)	 
 	розвальни		ро'звальни (родъ сане'й съ расши'ренною сза'ди ве'рхнею ча'стью)	 
 	розговенье		ро'зговѣнье и разговѣ'ніе (пе'рвый де'нь по'слѣ поста', въ кото'рый разрѣша'ется ѣ'сть скоро'мное, та'кже са'мая тра'пеза въ э'тотъ де'нь)	 
 	роздал		ро'здалъ, ро'зданный (отъ разда'ть)	 
 	Розенгейм		Розенге'ймъ	 
 	розет		розетъ (алма'зъ, пло'скій сни'зу и огранённый то'лько све'рху)	 
 	розетка		розе'тка	 
 	розлил		ро'злилъ	 
 	рознь		ро'знь	 
 	розовое		ро'зовое	 
 	розовощёкий		розовощёкій	 
 	розыгрыш		ро'зыгрышъ (ра'нѣе — ро'зъигрышъ)	 
 	розыск		ро'зыскъ, ра'нѣе — ро'зъискъ (дре'вне-ру'сскій юриди'ческій те'рминъ, то же, что дозна'ніе, сы'скъ)	 
 	ролевая		ролева'я	 
 	ролевой		ролево'й	 
 	ролевые		ролевы'е (м. р.), ролевы'я (ж. р. и ср. р.)	 
 	Роллен		Ролле'нъ	 
 	роль		роль, роле'й	 
 	роман		рома'нъ, въ рома'нѣ	 
 	романеска		романе'ска (назва'ніе италья'нскаго наро'днаго та'нца, бы'вшаго въ большо'мъ употребле'ніи въ XVI вѣ'кѣ)	 
 	романея		романея (стари'нное назва'ніе сла'дкой насто'йки на заграни'чномъ винѣ')	 
 	романсеро		романсе'ро (кни'га рома'нсовъ; преиму'щественно сбо'рникъ стари'нныхъ испа'нскихъ наро'дныхъ пѣ'сенъ)	 
 	романтические		романти'ческіе (м. р.), романти'ческія (ж. р. и ср. р.)	 
 	романтический		романти'ческій, романти'ческаго	 
 	романтического		романти'ческаго	 
 	романтическое		романти'ческое	 
 	Ромео и Джульетта		Роме'о и Джулье'тта	 
 	роняет		роня'етъ, роня'емъ, роня'ешь	 
 	рослый		ро'слый, ро'слаго	 
 	росомаха		росома'ха и россома'ха (хи'щное живо'тное изъ семе'йства куни'цъ)	 
 	роспись		ро'спись	 
 	Россетти		Россе'тти	 
 	Россиены		Россіе'ны	 
 	Российская Империя		Россі'йская Импе'рія	 
 	российского		россі'йскаго	 
 	российской		россі'йской	 
 	российские		россі'йскіе (м. р.), россі'йскія (ж. р. и ср. р.)	 
 	российский		россі'йскій, россі'йскаго	 
 	Россия		Россі'я, въ Россі'и, Россі'ей, Россі'ю	 
 	россияне		россія'не	 
 	россиянин		россія'нинъ	 
 	россказни		ро'зсказни (разска'зъ, не внуша'ющій довѣ'рія, вы'думка)	 
 	Россмеслер		Россме'слеръ	 
 	россыпь		ро'зсыпь	 
 	ростбиф		ро'стбифъ (пригото'вленный по англі'йски — жа'реный на ве'ртелѣ быча'чій филе'й)	 
 	Ростислав		Ростисла'въ	 
 	Росцеллин		Росцелли'нъ	 
 	ротация		рота'ція (кругообра'зное движе'ніе)	 
 	ротище		роти'ще (большо'й ротъ)	 
 	ротмистр		ро'тмистръ (о'беръ-офице'рскій чинъ въ кавале'ріи; команди'ръ эскадро'на)	 
 	ротозей		ротозѣ'й	 
 	Роттенбург		Роттенбу'ргъ	 
 	Роттердам		Роттерда'мъ	 
 	Роузбери		Ро'зберри	 
 	Рочестер		Роче'стеръ	 
 	Рочдейл		Ро'чдель	 
 	рою		ро'ю, ро'ешь	 
рт 	Ртищевы		Рти'щевы	^
ру 	рубанёт		рубанётъ	^
 	рубаха		руба'ха, въ руба'хѣ, руба'ха-па'рень	 
 	рубашечка		руба'шечка, въ руба'шечкѣ	 
 	рубашка		руба'шка, въ руба'шкѣ	 
 	рубеж		рубе'жъ, на рубежѣ'	 
 	рубель		рубе'ль (валёкъ для бѣлья'), рубеля', рубеле'й	 
 	Рубенс		Ру'бенсъ	 
 	рубероид		руберо'йдъ (й!)	 
 	рубец		рубе'цъ	 
 	Рубинштейн		Рубинште'йнъ	 
 	рубище		ру'бище, въ ру'бищѣ (ве'тхая, рва'ная оде'жда у ни'щихъ, блаже'нныхъ, юро'дивыхъ и'ли раска'явшихся, отказа'вшихся отъ жи'зненныхъ бла'гъ, удово'льствій)	 
 	Рублёв		Рублёвъ	 
 	рублёвик		рублёвикъ	 
 	рублёвка		рублёвка	 
 	рублёвый		рублёвый	 
 	рублей		рубле'й	 
 	рублём		рублёмъ	 
 	рубленный		ру'бленный	 
 	рубленый		ру'бленый	 
 	рубль		рубль, рубле'й	 
 	рубцевание		рубцева'ніе	 
 	ругаем		руга'емъ	 
 	ругаемся		руга'емся	 
 	ругает		руга'етъ	 
 	ругается		руга'ется	 
 	ругаешь		руга'ешь	 
 	ругаешься		руга'ешься	 
 	ругательство		руга'тельство	 
 	ругнётся		ругнётся	 
 	руготнёй		руготнёй	 
 	рудоподъёмный		рудоподъёмный	 
 	Руже-де-Лиль		Руже'-де-Лиль	 
 	ружейный		руже'йный	 
 	ружьё		ружьё, на ружьѣ', о ружьѣ', въ ружьё	 
 	ружьецо		ружьецо'	 
 	рука		рука', въ рукѣ'	 
 	рукавец		рука'вецъ	 
 	рукавица		рукави'ца	 
 	рукоблудие		рукоблудіе (то же, что онани'змъ)	 
 	руководитель		руководи'тель	 
 	руководить		руководи'ть	 
 	руководство		руково'дство	 
 	рукоделие		рукодѣ'ліе	 
 	рукодельница		рукодѣ'льница	 
 	рукодельничать		рукодѣ'льничать	 
 	рукодельного		рукодѣ'льнаго	 
 	рукодельное		рукодѣ'льное	 
 	рукодельные		рукодѣ'льные (м. р.), рукодѣ'льныя (ж. р. и ср. р.)	 
 	рукодельный		рукодѣ'льный, рукодѣ'льнаго	 
 	рукомойник		рукомо'йникъ	 
 	рукопись		ру'копись	 
 	рукоплескать		рукоплеска'ть	 
 	рукополагать		рукополага'ть	 
 	рукоположение		рукоположе'ніе (посвяще'ніе въ духо'вный са'нъ діа'кона, свяще'нника и епи'скопа)	 
 	рукоположённый		рукоположённый	 
 	рукоприкладство		рукоприкла'дство (собственнору'чная по'дпись и'ли приложе'ніе именно'й печа'ти подъ докуме'нтомъ)	 
 	рулевой		рулево'й	 
 	рулёжка		рулёжка	 
 	рулёк		рулёкъ	 
 	рулём		рулёмъ	 
 	рулет		руле'тъ (мя'со, свёрнутое на подо'біе колбасы'; больша'я котле'та съ фа'ршемъ)	 
 	рулетка		руле'тка (аза'ртная игра'; мѣ'рная ле'нта въ футля'рѣ)	 
 	руль		руль, на рулѣ'	 
 	Румелия		Руме'лія	 
 	румпель		ру'мпель (осо'бый рыча'гъ, слу'жащій для повора'чиванія руля')	 
 	Румыния		Румы'нія	 
 	румяна		румя'на (кра'сныя вещества' для подкра'шиванія ко'жи)	 
 	румянец		румя'нецъ	 
 	румянощёкий		румянощёкій	 
 	Румянцев		Румя'нцевъ	 
 	рупия		ру'пія (остъ-и'ндская сере'бряная и золота'я моне'та), ру'піи, ру'пій	 
 	русификация		руссифика'ція	 
 	русофобия		русофо'бія (непрія'знь къ ру'сскому наро'ду, Россі'и)	 
 	русские		ру'сскіе (наро'дъ)	 
 	русские		ру'сскіе (м. р.), ру'сскія (ж. р. и ср. р.)	 
 	русский		ру'сскій, ру'сскаго, по-ру'сски	 
 	русского		ру'сскаго	 
 	русско-японская		ру'сско-япо'нская война'	 
 	русское		ру'сское	 
 	Руставели		Руставе'ли (не Руставе'лли!)	 
 	Рустем		Русте'мъ	 
 	Русь		Русь	 
 	рутинёр		рутинёръ (человѣ'къ, во всёмъ приде'рживающійся разъ усво'енныхъ на'выковъ, пріобрѣтённыхъ путёмъ ча'стаго упражне'нія)	 
 	Руф		Руфъ	 
 	Руфин		Руфи'нъ	 
 	Руфь		Руѳь	 
 	рухлядь		ру'хлядь	 
 	ручаемся		руча'емся	 
 	ручаетесь		руча'етесь	 
 	ручается		руча'ется, руча'ться	 
 	ручаешься		руча'ешься	 
 	ручательство		руча'тельство	 
 	ручеёк		ручеёкъ, въ ручейкѣ'	 
 	ручеёчек		ручеёчекъ, въ ручеёчкѣ	 
 	ручей		руче'й, въ ручьѣ', ручьёмъ, ручьёвъ	 
 	ручейка		ручейка'	 
 	ручейник		руче'йникъ	 
 	ручейный		руче'йный	 
 	рученька		ру'ченька	 
 	ручечка		ру'чечка	 
 	ручища		ручи'ща, въ ручи'щѣ, ручи'щей	 
 	ручное		ручно'е	 
 	ручные		ручны'е (м. р.), ручны'я (ж. р. и ср. р.)	 
 	ручонка		ручо'нка	 
 	ручьём		ручьёмъ	 
рц 	рцы		Р — рцы' — семна'дцатая бу'ква ру'сской а'збуки	^
ры 	рыба		ры'ба, о ры'бѣ	^
 	рыбак		рыба'къ, о рыбакѣ'	 
 	рыбалка		рыба'лка, на рыба'лкѣ	 
 	рыбацкий		рыба'цкій, рыба'цкаго, рыба'цкое	 
 	рыбец		рыбе'цъ (то же, что сы'рть — ры'ба изъ семе'йства ка'рповыхъ)	 
 	рыбёшка		рыбёшка	 
 	рыбий		ры'бій (жи'ръ, кле'й и т. п.), ры'бьяго	 
 	рыбка		ры'бка, о ры'бкѣ	 
 	рыбление		рыбле'ніе льна (отдѣле'ніе голо'вокъ льна отъ стебле'й осо'бымъ гре'бнемъ)	 
 	рыбного		ры'бнаго	 
 	рыбное		ры'бное, ры'бнаго	 
 	рыбные		ры'бные (м. р.), ры'бныя (ж. р. и ср. р.)	 
 	рыбный		ры'бный, ры'бнаго	 
 	рыбоподъёмный		рыбоподъёмный	 
 	рыбоприёмный		рыбопріёмный	 
 	рыбьего		ры'бьяго	 
 	рыгнёшь		рыгнёшь	 
 	рыдает		рыда'етъ, рыда'ете, рыда'емъ, рыда'ешь	 
 	рыжеволосый		рыжеволо'сый	 
 	рыжего		ры'жаго	 
 	рыжее		ры'жее, но рыжѣ'е (бо'лѣе ры'жее)	 
 	рыженький		ры'женькій, рыжѣ'ть	 
 	рыжеть		рыжѣ'ть, ры'женькій	 
 	рыжешёрстый		рыжешёрстый	 
 	рыжие		ры'жіе (м. р.), ры'жія (ж. р. и ср. р.)	 
 	рыжий		ры'жій, на ры'жемъ (не ры'жый!)	 
 	рыкнёшь		рыкнёшь	 
 	Рылеев		Рылѣ'евъ	 
 	рыльце		ры'льце	 
 	рынок		ры'нокъ, на ры'нкѣ	 
 	рыночное		ры'ночное, ры'ночнаго	 
 	рыночные		ры'ночные (м. р.), ры'ночныя (ж. р. и ср. р.)	 
 	рысёнок		рысёнокъ	 
 	рытьё		рытьё, рытьёмъ	 
 	рыхлённый		рыхлённый	 
 	рыцарем		ры'царемъ	 
 	рыцарское		ры'царское	 
 	рыцарские		ры'царскіе (м. р.), ры'царскія (ж. р. и ср. р.)	 
 	рыцарский		ры'царскій, ры'царскаго	 
 	рыщет		ры'щетъ	 
рь 	рьяный		рья'ный, рья'наго	^
рю 	Рюккерт		Рю'ккертъ	^
 	Рюмелин		Рюмели'нъ	 
 	рюшевый		рю'шевый	 
ря 	рябенький		ря'бенькій	^
 	рябец		рябе'цъ (лунь)	 
 	рябина		ряби'на	 
 	рябчик		ря'бчикъ (видъ те'терева)	 
 	ряд		рядъ — подъ рядъ, на ряду'...	 
 	рядно		рядно', вере'тье	 
 	ряженье		ря'женье (переодѣва'нье, маскирова'ніе во вре'мя свя'токъ)	 
 	ряженый		ря'женый	 
 	рясофор		рясофо'ръ (мона'хъ пе'рвой сте'пени постриже'нія, получи'вшій пра'во носи'ть ря'су и камила'вку)