та 	Таафе		Таа'фе	^
 	табак		таба'къ, въ табакѣ'	 
 	табакерка		табаке'рка (я'щичекъ изъ черепа'хи, ко'сти, мета'лла и др. для хране'нія ню'хательнаго табаку')	 
 	табачный		таба'чный, таба'чнаго	 
 	табачок		табачо'къ	 
 	табель		та'бель (ж. р.), та'бель о ра'нгахъ, въ та'бели о ра'нгахъ	 
 	табельный		та'бельный (табли'чный)	 
 	табернакль		таберна'кль	 
 	табес		та'бесъ	 
 	табетик		табе'тикъ	 
 	таблет		табле'тъ	 
 	таблетка		табле'тка	 
 	таблица		табли'ца, въ табли'цѣ; табли'чка, въ табли'чкѣ	 
 	табор		та'боръ, въ та'борѣ	 
 	табун		табу'нъ, въ табунѣ'	 
 	табурет		табуре'тъ, табуре'тецъ, табуре'тикъ	 
 	табуретка		табуре'тка	 
 	таверна		таве'рна (въ дре'внемъ Ри'мѣ ла'вка на фо'румѣ и'ли мастерска'я; ста'нція на вое'нныхъ ри'мскихъ доро'гахъ; харче'вня, кабачёкъ)	 
 	Тавифа		Тави'ѳа	 
 	таврённый		таврённый	 
 	Таврический		Таври'ческій	 
 	Таврия		Та'врія	 
 	тавтология		тавтоло'гія	 
 	таган		тага'нъ	 
 	Таганцев		Тага'нцевъ	 
 	Тадема		Таде'ма	 
 	таёжный		таёжный	 
 	тает		та'етъ, та'ете, та'емъ, та'ешь	 
 	та же		та же	 
 	таинственность		таи'нственность	 
 	Таисия		Таи'сія	 
 	тайга		тайга', въ тайгѣ', таёжный	 
 	таймень		тайме'нь	 
 	тайна		та'йна, въ та'йнѣ	 
 	тайное		та'йное, та'йнаго	 
 	тайные		та'йные (м. р.), та'йныя (ж. р. и ср. р.)	 
 	так		такъ, такъ-та'къ, такъ-и-та'къ, такъ-и-ся'къ, такъ-таки', такъ-называ'емый, такъ-сказа'ть, такъ себѣ'	 
 	такелаж		такела'жъ	 
 	такель		та'кель	 
 	также		та'кже (сoю'зъ) — онъ та'кже пригото'вилъ уро'къ; почти'-та'кже	 
 	так же		та'къ-же и та'къ же (наpѣч.) — онъ та'къ же пригото'вилъ уро'къ, какъ и ты	 
 	таки		таки' (тѣмъ не ме'нѣе, всё же, одна'ко), опя'ть-таки', всё-таки', такъ-таки', онъ таки' пріѣ'детъ	 
 	такие		такі'е (м. р.), такі'я (ж. р. и ср. р.), тако'й, тако'го, таки'хъ, таку'ю	 
 	таким образом		таки'мъ-о'бразомъ	 
 	так называемый		такъ-называ'емый	 
 	тако		та'ко (цepк. такъ), та'ко-же и та'ко же	 
 	таковое		таково'е, таково'й, таково'го	 
 	таковые		таковы'е (м. р.), таковы'я (ж. р. и ср. р.)	 
 	такого		тако'го	 
 	такое		тако'е, тако'е-же, тако'го	 
 	такой же		тако'й-же	 
 	такой-сякой		тако'й-сяко'й, тако'го-сяко'го	 
 	такой-то		тако'й-то	 
 	таксатер		такса'теръ (оцѣ'нщикъ; лѣсно'й такса'теръ — те'хникъ, занима'ющійся устро'йствомъ и оцѣ'нкою лѣсо'въ)	 
 	таксация		такса'ція (оцѣ'нка земе'ль и лѣсо'въ; лѣсна'я такса'ція — уче'ніе объ опредѣле'ніи объёма дере'вьевъ, запа'са и приро'ста насажде'ній)	 
 	так себе		такъ себѣ'	 
 	так сказать		такъ-сказа'ть	 
 	так-то		та'къ-то	 
 	тактомер		тактомѣ'ръ (метроно'мъ)	 
 	талан		тала'нъ (сча'стіе), тала'нъ-судьба'	 
 	Таландье		Таландье'	 
 	талант		тала'нтъ (мѣ'ра вѣ'са; дарова'ніе)	 
 	Таласий		Тала'сій	 
 	Талейран		Талейра'нъ	 
 	талер		та'леръ (сере'бряная моне'та въ Пру'ссіи и Герма'ніи)	 
 	талес		та'лесъ	 
 	Талиенван		Таліенва'нъ	 
 	талия		та'лія и та'лья	 
 	Талия		Та'лія	 
 	таллий		та'ллій	 
 	талмуд		талму'дъ	 
 	таломёрзлый		таломёрзлый	 
 	тальвег		та'львегъ	 
 	Тальен		Талье'нъ	 
 	Тальсен		Та'льсенъ	 
 	Тамерлан		Тамерла'нъ	 
 	Таммерфорс		Таммерфо'рсъ	 
 	таможенный		тамо'женный	 
 	тамошней		та'мошней	 
 	тамплиеры		тампліе'ры (духо'вный ры'царскій о'рденъ), тампліе'ръ	 
 	Тангейзер		Танге'йзеръ	 
 	тангенс		та'нгенсъ	 
 	тандем		танде'мъ (двухъ- и многомѣ'стный велосипе'дъ)	 
 	танец		та'нецъ, въ та'нцѣ, танцова'ть, та'нцевъ	 
 	Танжер		Танже'ръ	 
 	Танкред		Танкре'дъ	 
 	Таннер		Та'ннеръ	 
 	танце		въ та'нцѣ	 
 	танцев		та'нцевъ (учи'тель та'нцевъ), но танцова'ть	 
 	танцевальный		танцова'льный	 
 	танцевать		танцова'ть, въ та'нцѣ, та'нцевъ	 
 	танцкласс		танцклассъ (учрежде'ніе, обуча'ющее та'нцамъ, а та'кже увесели'тельное заведе'ніе съ публи'чными та'нцами)	 
 	танцмейстер		танцме'йстеръ (учи'тель та'нцевъ)	 
 	танцор		танцо'ръ	 
 	танцуете		танцу'ете, танцу'емъ, танцу'ешь, танцу'етъ	 
 	тапёр		тапёръ (піани'стъ, нанима'ющійся на вечера' игра'ть ба'льные та'нцы), тапёрша	 
 	тапиока		тапіо'ка (крахма'листое вещество', извлека'емое изъ корневы'хъ клу'бней расте'нія маніо'къ)	 
 	тапсия		та'псія	 
 	тара		та'ра, въ та'рѣ	 
 	таракан		тарака'нъ	 
 	тарантас		таранта'съ (про'чный доро'жный экипа'жъ, представля'ющій улу'чшенную телѣ'гу на дли'нныхъ дро'гахъ), въ таранта'сѣ	 
 	тарантелла		таранте'лла (неаполита'нскій та'нецъ чрезвыча'йно бы'страго те'мпа)	 
 	Тарасий		Тара'сій, Тара'съ	 
 	таратайка		тарата'йка (родъ дереве'нскаго двухколёснаго экипа'жа)	 
 	тараторить		тарато'рить (болта'ть безъ у'молку)	 
 	Тардье		Тардье'	 
 	тарелка		таре'лка, въ таре'лкѣ	 
 	тарель		таре'ль (за'дняя пове'рхность заряжа'вшихся съ ду'ла артиллері'йскихъ ору'дій)	 
 	Тарент		Таре'нтъ	 
 	тариф		тарифъ (обнаро'дованная ро'спись цѣ'намъ и'ли пла'ты за прово'зъ пассажи'ровъ и това'ра)	 
 	татарин		тата'ринъ, им. п. мн. ч. тата'ры	 
 	татарские		тата'рскіе (м. р.), тата'рскія (ж. р. и ср. р.)	 
 	татарское		тата'рское	 
 	татерсаль		татерса'ль (мѣ'сто собра'нія люби'телей верхово'й ѣзды')	 
 	Татищев		Тати'щевъ	 
 	тать		тать (во'ръ) — уcтap., та'темъ, та'тей, о та'тѣ	 
 	татьба		татьба' (воровство') — уcтap.	 
 	Татьяна		Татья'на и Татіа'на	 
 	татьянка		татья'нка (пла'тье)	 
 	тафельдекер		тафельде'керъ (придво'рный служи'тель, накрыва'ющій на сто'лъ и убира'ющій со стола' и'ли наблюда'ющій за э'той процеду'рой)	 
 	тафта		тафта', тафтя'ный	 
 	тафья		тафья' (небольша'я ша'пка въ ро'дѣ скуфьи', вы'шитая зо'лотомъ и же'мчугомъ), мн. тафе'й	 
 	тахеометр		тахео'метръ (теодоли'тъ, слу'жащій для бы'стрыхъ землемѣ'рныхъ съёмокъ; опти'ческій измѣри'тель разстоя'ній)	 
 	тахиграфия		тахигра'фія (то же, что стеногра'фія)	 
 	тахиметрия		тахиме'трія (измѣре'ніе ско'рости ра'знаго ро'да движе'ній)	 
 	тахометр		тахометръ (аппара'тъ, слу'жащій для измѣре'нія ско'рости движе'нія отдѣ'льныхъ часте'й маши'ны и'ли ско'рости тече'нія воды')	 
 	Ташкент		Ташке'нтъ	 
 	тащу		тащу', та'щишь	 
 	таю		та'ю, та'ешь (отъ та'ять, раста'ять)	 
 	таю		таю', таи'шь (отъ таи'ть, ута'ивать)	 
тб 	Тбилиси		Тифли'съ, въ Тифли'сѣ	^
тв 	тварь		тварь, тва'рей, тва'ри	^
 	твердеет		твердѣ'етъ	 
 	твердел		твердѣ'лъ	 
 	твёрденький		твёрденькій	 
 	твердеть		твердѣ'ть	 
 	твердил		тверди'лъ, тверди'ла, тверди'ли	 
 	твердит		тверди'тъ, тверди'те	 
 	твердить		тверди'ть	 
 	Твердислав		Твердисла'въ	 
 	твердо		Т — тве'рдо — девятна'дцатая бу'ква ру'сской а'збуки	 
 	твёрдо		твёрдо	 
 	твёрдое		твёрдое	 
 	твердокопчёный		твердокопчёный (не твёрдокопчёный!)	 
 	твёрдому		твёрдому	 
 	твёрдость		твёрдость	 
 	Твердохлебов		Твердохлѣ'бовъ	 
 	твердь		тве'рдь	 
 	твёрдый		твёрдый, твёрдаго, твердѣ'ть	 
 	твердыня		тверды'ня	 
 	твердят		твердя'тъ	 
 	тверёзый		тверёзый (тре'звый) — уcтap.	 
 	твержённый		твержённый	 
 	Тверитинов		Тверити'новъ	 
 	Тверская		Тверска'я	 
 	Тверь		Тве'рь	 
 	твоё		твоё, твоего', твое'й, твоему', твоёмъ	 
 	твоего		твоего'	 
 	твоей		твое'й, твое'ю	 
 	твоём		твоёмъ	 
 	твоему		твоему' (по твоему' мнѣ'нію), но сдѣ'лать по-тво'ему	 
 	творение		творе'ніе	 
 	творённый		творённый	 
 	творец		творе'цъ	 
 	творог		творо'гъ	 
 	творческие		тво'рческіе (м. р.), тво'рческія (ж. р. и ср. р.)	 
 	творческий		тво'рческій, тво'рческаго	 
 	творческого		тво'рческаго	 
 	творческое		тво'рческое	 
 	творчество		тво'рчество, въ тво'рчествѣ	 
те 	те		те (сокр. тебѣ' — вотъ те разъ!)	^
 	те		тѣ, тѣ'ми, тѣмъ, тѣхъ	 
 	театр		теа'тръ, въ теа'трѣ	 
 	театрал		театра'лъ	 
 	театральные		театра'льные (м. р.), театра'льныя (ж. р. и ср. р.)	 
 	театральный		театра'льный, театра'льнаго	 
 	тебе		тебѣ'	 
 	Тебе		Тебе' (церк.-сл. Тебя' — «Тебе' Бо'га хва'лимъ...»)	 
 	тебя		тебя', къ тебѣ', тобо'й	 
 	Тевкр		Те'вкръ	 
 	тевтоны		тевто'ны (герма'нское пле'мя)	 
 	Тегеран		Тегера'нъ	 
 	Тегеттгоф		Тегеттго'фъ	 
 	Тегнер		Те'гнеръ	 
 	Тедеско		Теде'ско	 
 	Теджен		Тедже'нъ	 
 	те же		тѣ же	 
 	теза		те'за (те'зисъ)	 
 	Тезей		Тезе'й	 
 	тезис		те'зисъ, те'за (положе'ніе, кото'рое тре'буется подкрѣпи'ть доказа'тельствами)	 
 	тёзка		тёзка (имѣ'ющій одина'ковое съ други'мъ лицо'мъ и'мя), своему' тёзкѣ	 
 	тезоименитство		тезоимени'тство (офиціа'льное назва'ніе имени'нъ, употребля'ется лишь по отноше'нію къ ли'цамъ ца'рской фами'ліи)	 
 	теизм		теи'змъ	 
 	теин		теи'нъ	 
 	теист		теи'стъ	 
 	Тейхмюллер		Тейхмю'ллеръ	 
 	тёк		тёкъ, текла', текло', текли'	 
 	текила		теки'ла (мексика'нская во'дка изъ ка'ктусовъ)	 
 	текинцы		теки'нцы (кочево'е туркме'нское пле'мя)	 
 	Теккерей		Теккере'й	 
 	текст		те'кстъ, въ те'кстѣ	 
 	текстиль		тексти'ль	 
 	тектоника		текто'ника	 
 	Текуса		Теку'са и Ѳеку'са	 
 	текучего		теку'чаго	 
 	текучее		теку'чее	 
 	текучесть		теку'честь	 
 	текучие		теку'чіе (м. р.), теку'чія (ж. р. и ср. р.)	 
 	текучий		теку'чій	 
 	текучка		теку'чка	 
 	текущего		теку'щаго	 
 	текущее		теку'щее	 
 	текущие		теку'щіе (м. р.), теку'щія (ж. р. и ср. р.)	 
 	текущий		теку'щій, теку'щаго	 
 	тёкшего		тёкшаго	 
 	тёкшее		тёкшее	 
 	тёкшие		тёкшіе (м. р.), тёкшія (ж. р. и ср. р.)	 
 	тёкший		тёкшій	 
 	Телав		Тела'въ	 
 	телевидение		телеви'дѣніе (разумѣ'ется, въ 1914 году' о'наго не' было, ана'логъ — яснови'дѣніе... :)	 
 	телега		телѣ'га, въ телѣ'гѣ	 
 	телеграмма		телегра'мма (извѣ'стіе, пе'ресланное по телегра'фу)	 
 	телеграф		телегра'фъ	 
 	тележка		телѣ'жка, въ телѣ'жкѣ	 
 	Телеки		Теле'ки	 
 	Телемах		Телема'хъ	 
 	Телемахида		Телемахи'да	 
 	телеметр		телеме'тръ (дальномѣ'ръ)	 
 	телёнок		телёнокъ, им. п. мн. ч. теля'та	 
 	телёночек		телёночекъ	 
 	телеология		телеоло'гія (уче'ніе о цѣ'ли существова'нія мі'ра)	 
 	телепат		телепа'тъ	 
 	телепатия		телепа'тія	 
 	телепаться		телепа'ться (идти' ме'дленно, съ трудо'мъ; ме'дленно, неумѣ'ло дѣ'лать что'-либо)	 
 	телепень		те'лепень (у'валень)	 
 	Телепнев		Те'лепневъ	 
 	телеса		тѣлеса'	 
 	телескоп		телеско'пъ	 
 	телескопический		телескопи'ческій	 
 	телесный		тѣле'сный, тѣле'снаго	 
 	телефон		телефо'нъ	 
 	телефонное		телефо'нное	 
 	телефонные		телефо'нные (м. р.), телефо'нныя (ж. р. и ср. р.)	 
 	телефонный		телефо'нный, телефо'ннаго	 
 	телец		теле'цъ	 
 	телиться		тели'ться	 
 	тёлка		тёлка	 
 	теллур		теллу'ръ	 
 	Телль		Те'лль	 
 	тело		тѣ'ло, на тѣ'лѣ	 
 	телогреечка		тѣлогрѣ'ечка	 
 	телогрейка		тѣлогрѣ'йка (же'нская ве'рхняя оде'жда, родъ дли'нной ко'фты на мѣху')	 
 	телодвижение		тѣлодвиже'ніе	 
 	телосложение		тѣлосложе'ніе	 
 	телохранитель		тѣлохрани'тель	 
 	тёлочка		тёлочка	 
 	телушка		телу'шка	 
 	Тельес		Телье'съ	 
 	тельник		тѣ'льникъ (стари'нное назва'ніе креста', дава'емого при креще'ніи и постоя'нно носи'маго на ше'ѣ)	 
 	тельное		тѣ'льное, тѣ'льнаго	 
 	тельце		тѣ'льце	 
 	Тельши		Те'льши	 
 	теля		теля' (телёнокъ)	 
 	теляти		теля'ти (телёнку)	 
 	телятина		теля'тина	 
 	телячий		теля'чій (восто'ргъ)	 
 	телячьи		теля'чьи (нѣ'жности)	 
 	тем		тѣмъ (тѣмъ са'мымъ), но темъ (мно'го ра'зныхъ темъ)	 
 	тема		те'ма, въ те'мѣ	 
 	Тёма		Тёма, о Тёмѣ	 
 	тематика		тема'тика, по тема'тикѣ	 
 	тем более		тѣмъ бо'лѣе	 
 	тембр		те'мбръ (оттѣ'нокъ зву'ка одного' и того'-же то'на на разли'чныхъ голоса'хъ и'ли инструме'нтахъ)	 
 	тёмен		тёменъ (тёмный)	 
 	теменной		теменно'й	 
 	темень		те'мень, те'мь	 
 	темечко		те'мечко	 
 	тем же		тѣмъ же	 
 	Темза		Те'мза	 
 	теми		тѣ'ми	 
 	теми же		тѣ'ми же	 
 	темляк		темля'къ (принадле'жность костю'ма и'ли фо'рмы офице'рскаго зва'нія, сере'бряная тесьма' съ ки'стью, навя'зываемая на рукоя'тку шпа'ги и'ли са'бли)	 
 	темна		темна' (тёмная) и отъ темна' до темна'	 
 	темневшего		темнѣ'вшаго	 
 	темневшее		темнѣ'вшее	 
 	темневшие		темнѣ'вшіе (м. р.), темнѣ'вшія (ж. р. и ср. р.)	 
 	темневший		темнѣ'вшій, темнѣ'вшаго	 
 	темнее		темнѣ'е, темнѣ'й	 
 	темнеет		темнѣ'етъ	 
 	тем не менее		тѣмъ не ме'нѣе	 
 	тёмненький		тёмненькій	 
 	тёмненько		тёмненько	 
 	темнеть		темнѣ'ть (дѣ'латься тёмнымъ)	 
 	темнёхонек		темнёхонекъ	 
 	темнёшенький		темнёшенькій	 
 	темник		темни'къ (тата'рскій нача'льникъ десятиты'сячнаго во'йска)	 
 	Темников		Те'мниковъ	 
 	темнить		темни'ть (дѣ'лать тёмнымъ), темни'тъ, темни'те, темня'тъ	 
 	темница		темни'ца, въ темни'цѣ	 
 	темно		темно' (не тёмно!), но тёмно-сѣ'рый	 
 	тёмного		тёмнаго	 
 	тёмное		тёмное	 
 	тёмно-серый		тёмно-сѣ'рый	 
 	темнота		темнота', въ темнотѣ'	 
 	темны		темны'	 
 	тёмные		тёмные (м. р.), тёмныя (ж. р. и ср. р.)	 
 	тёмный		тёмный, тёмнаго, тёмнымъ	 
 	темп		те'мпъ	 
 	тем паче		тѣмъ па'че (тѣмъ бо'лѣе)	 
 	Темпейская		Темпе'йская (доли'на)	 
 	темпера		темпе'ра	 
 	темперамент		темпера'ментъ	 
 	температура		температу'ра, при температу'рѣ	 
 	темперирование		темпери'рованіе (ура'вниваніе зву'ковъ на инструме'нтѣ при перехо'дѣ отъ одно'й га'ммы въ другу'ю)	 
 	темпирование		темпи'рованіе	 
 	Темпль		Те'мпль	 
 	Темрюк		Темрю'къ	 
 	Темучин		Темучи'нъ	 
 	темь		те'мь, те'мень	 
 	темя		те'мя, р. п. те'мени	 
 	Тенар		Тена'ръ	 
 	Тенгоборгский		Тенгобо'ргскій	 
 	тенденциозный		тенденціо'зный (слу'жащій для достиже'нія намѣ'ченной цѣ'ли, ча'сто въ уще'рбъ и'стинѣ)	 
 	тенденция		тенде'нція (стремле'ніе къ опредѣлённой цѣ'ли)	 
 	тендер		те'ндеръ (осо'баго устро'йства ваго'нъ съ запа'сомъ то'плива и воды', прицѣпля'емый къ парово'зу; су'дно, провожа'ющее лине'йный кора'бль и слу'жащее для переда'чи приказа'ній)	 
 	теневой		тѣнево'й	 
 	Тенедос		Те'недосъ	 
 	тенёк		тѣнёкъ	 
 	Тенерифе		Тенери'фе	 
 	тенёта		тенёта (сѣть для ло'вли пти'цъ)	 
 	тенёчек		тѣнёчекъ, въ тѣнёчкѣ	 
 	тенистее		тѣни'стѣе	 
 	тенистого		тѣни'стаго	 
 	тенистый		тѣни'стый, тѣни'стаго	 
 	Теннесси		Теннесси'	 
 	теннис		те'ннисъ	 
 	Теннисон		Те'ннисонъ	 
 	Тено		Тено'	 
 	тенор		те'норъ (высо'кій мужско'й го'лосъ)	 
 	тент		те'нтъ	 
 	тень		тѣ'нь	 
 	тенью		тѣ'нью	 
 	тенями		тѣня'ми	 
 	Теньер		Тенье'ръ	 
 	теогония		теого'нія	 
 	теодицея		теодице'я	 
 	теодолит		теодоли'тъ	 
 	Теодорих		Теодори'хъ	 
 	теократия		теокра'тія и ѳеокра'тія (о'бразъ правле'нія, гдѣ Богъ счита'ется прави'телемъ, а духо'вныя ли'ца — его' намѣ'стниками)	 
 	теология		теоло'гія и ѳеоло'гія (богосло'віе)	 
 	теорема		теоре'ма	 
 	теоретик		теоре'тикъ, о теоре'тикѣ	 
 	теоретические		теорети'ческіе (м. р.), теорети'ческія (ж. р. и ср. р.)	 
 	теоретический		теорети'ческій, теорети'ческаго	 
 	теоретического		теорети'ческаго	 
 	теорией		тео'ріей	 
 	теория		тео'рія, тео'ріей	 
 	теософия		теосо'фія	 
 	Теофраст		Теофра'стъ	 
 	теперешний		тепе'решній, тепе'решняго, тепе'решнее, по-тепе'решнему и по-тепе'решному	 
 	теперь		тепе'рь	 
 	теплее		теплѣ'е	 
 	теплеет		теплѣ'етъ	 
 	тёпленький		тёпленькій	 
 	теплеть		теплѣ'ть	 
 	теплёхонек		теплёхонекъ	 
 	теплёшенький		теплёшенькій	 
 	Теплице		Те'плицъ	 
 	теплица		тепли'ца, въ тепли'цѣ	 
 	тепличка		тепли'чка, въ тепли'чкѣ	 
 	тепло		тепло', въ теплѣ'	 
 	тепловатый		теплова'тый	 
 	тёплого		тёплаго	 
 	тёплое		тёплое	 
 	теплоёмкость		теплоёмкость	 
 	теплонапряжённый		теплонапряжённый	 
 	теплоприёмник		теплопріёмникъ	 
 	теплопроводность		теплопрово'дность	 
 	теплота		теплота'	 
 	теплотой		теплото'й	 
 	теплотою		теплото'ю	 
 	тёплые		тёплые (м. р.), тёплыя (ж. р. и ср. р.)	 
 	тёплый		тёплый, тёплаго	 
 	тептяри		те'птяри (тата'рское пле'мя, происше'дшее отъ череми'съ, фи'нновъ и чува'шей)	 
 	Тёпфер		Тёпферъ	 
 	тёр		тёръ	 
 	Терамен		Тераме'нъ	 
 	терапевт		терапе'втъ	 
 	терапия		терапі'я	 
 	тератология		тератоло'гія (уче'ніе объ уро'дствахъ)	 
 	тератома		терато'ма	 
 	тербий		те'рбій	 
 	Теребенёв		Теребенёвъ	 
 	теребить		тереби'ть	 
 	тереблённый		тереблённый	 
 	теревинф		тереви'нѳъ (терпенти'нное де'рево ро'да фиста'шекъ)	 
 	Тереза		Тере'за, Тере'зія	 
 	Терезия		Тере'зія	 
 	Терек		Те'рекъ	 
 	терем		те'ремъ	 
 	теремок		теремо'къ	 
 	Терентий		Тере'нтій	 
 	Терентьев		Тере'нтьевъ	 
 	Теренций		Тере'нцій	 
 	Тересполь		Тереспо'ль	 
 	тереть		тере'ть, тру, тре'ніе, тёрка	 
 	терзание		терза'ніе, терза'ніемъ, терза'нія	 
 	терзать		терза'ть	 
 	терзаться		терза'ться	 
 	тёрка		тёрка, на тёркѣ	 
 	тёрлась		тёрлась	 
 	термин		те'рминъ	 
 	терминал		термина'лъ	 
 	терминатор		термина'торъ (грани'ца свѣ'та и тѣ'ни на пове'рхности плане'ты)	 
 	терминизм		термини'змъ	 
 	терминировать		термини'ровать	 
 	терминология		терминоло'гія	 
 	терминологический		терминологи'ческій	 
 	Терминус		Те'рминусъ	 
 	термит		терми'тъ	 
 	термический		терми'ческій	 
 	термобарометр		термобаро'метръ	 
 	термограф		термо'графъ (самопи'шущій термо'метръ)	 
 	термодинамика		термодина'мика	 
 	термометр		термо'метръ (прибо'ръ для измере'нія температу'ры)	 
 	термоскоп		термоско'пъ (прибо'ръ для опредѣле'нія ра'зности температу'рь двухъ сосѣ'днихъ и недалеко' отстоя'щихъ другъ отъ дру'га то'чекъ)	 
 	термостат		термоста'тъ (прибо'ръ для поддержа'нія стро'го опредѣлённой температу'ры)	 
 	термоупрочнённый		термоупрочнённый	 
 	термы		те'рмы (дре'вне-ри'мскія обще'ственныя ба'ни)	 
 	тёрн		тёрнъ	 
 	терние		те'рніе, мн. ч. — те'рнія, те'рніевъ, те'рній, че'резъ те'рнія къ звѣ'здамъ (не те'рніи!)	 
 	тернистый		терни'стый	 
 	терния		те'рнія, че'резъ те'рнія къ звѣ'здамъ (не те'рніи!)	 
 	Терно		Терно'	 
 	терновник		терно'вникъ, те'ренъ, те'рнъ	 
 	терновый		терно'вый (вѣне'цъ)	 
 	тёрочный		тёрочный	 
 	Терпандр		Терпа'ндръ	 
 	терпёж		терпёжъ, но терпѣ'ть	 
 	терпел		терпѣ'лъ, терпѣ'ла, терпѣ'ли	 
 	терпение		терпѣ'ніе	 
 	терпением		терпѣ'ніемъ	 
 	терпентин		терпенти'нъ (смоли'стый сокъ, вытека'ющій изъ надрѣ'зовъ хво'йныхъ дере'вьевъ)	 
 	терпены		терпе'ны (эѳи'рныя масла')	 
 	терпеть		терпѣ'ть, но терпёжъ	 
 	терпеливо		терпѣли'во	 
 	терпеливого		терпѣли'ваго	 
 	терпеливую		терпѣли'вую	 
 	терпеливые		терпѣли'вые (м. р.), терпѣли'выя (ж. р. и ср. р.)	 
 	терпеливый		терпѣли'вый, терпѣли'ваго	 
 	терпелось		терпѣ'лось	 
 	терпи		терпи'	 
 	Терпигорев		Терпиго'ревъ	 
 	терпимее		терпи'мѣе	 
 	терпимо		терпи'мо	 
 	терпимого		терпи'маго	 
 	терпимое		терпи'мое	 
 	терпимость		терпи'мость (дома' терпи'мости — публи'чные дома', разрѣша'емые офиціа'льной вла'стью заведе'нія, въ кото'рыхъ публи'чныя же'нщины торгу'ютъ свои'мъ тѣ'ломъ)	 
 	терпит		те'рпитъ, те'рпимъ, те'рпишь, те'рпятъ	 
 	терпкий		те'рпкій	 
 	терпкость		те'рпкость (осо'бый ки'слый и вя'жущій вку'съ, сво'йственный недозрѣ'лымъ плода'мъ, тани'ну и пр.)	 
 	терплю		терплю'	 
 	Терпсихора		Терпсихо'ра	 
 	терпуг		те'рпугъ (желѣ'зный брусо'къ съ кру'пными насѣ'чками для соска'бливанія неро'вностей на деревя'нныхъ издѣ'ліяхъ)	 
 	терпя		терпя'	 
 	терпят		те'рпятъ	 
 	терракота		террако'та (худо'жественныя ва'зы, статуэ'тки, фри'зы, орна'менты изъ обожжённой гли'ны)	 
 	террариум		терра'рій (помѣще'нія для содержа'нія земново'дныхъ)	 
 	терраса		терра'са (горизонта'льно срѣ'занная возвы'шенность и'ли усту'пъ)	 
 	Террачина		Террачи'на	 
 	террикон		террико'нъ	 
 	территория		террито'рія	 
 	террор		терро'ръ, о терро'рѣ	 
 	террорист		террори'стъ	 
 	Терсит		Терси'тъ	 
 	Терская		Те'рская (о'бласть)	 
 	Терский		Те'рскій (бе'регъ)	 
 	Тертий		Те'ртій	 
 	Тертуллиан		Тертулліа'нъ	 
 	тёртый		тёртый	 
 	терц		те'рцъ	 
 	терцерон		терцеро'нъ (по'мѣсь европе'йца и мула'тки)	 
 	терцет		терце'тъ (музыка'льная пье'са для пѣ'нія на три го'лоса)	 
 	терция		те'рція	 
 	Терье		Терье'	 
 	терьер		террье'ръ	 
 	теряем		теря'емъ, теря'етъ, теря'ешь, теря'ютъ	 
 	терять		теря'ть	 
 	тёс		тёсъ (вы'пиленныя и вы'строганныя до'ски, толщино'ю въ дю'ймъ)	 
 	тесак		теса'къ	 
 	тёсанный		тёсанный	 
 	тесать		теса'ть (тёсъ)	 
 	тесёмка		тесёмка	 
 	тесен		тѣ'сенъ, какъ тѣ'сенъ міръ; тѣсна', тѣсны' и тѣ'сны	 
 	тёска		тёска	 
 	Тесла		Те'сла Ни'кола	 
 	тесление		тесле'ніе	 
 	теслённый		теслённый	 
 	теслить		тесли'ть	 
 	тесло		тесло' (пло'тничье ору'діе съ лёзомъ, поста'вленнымъ не вдо'ль топори'ща, какъ у топора', а поперёкъ), мн. тёсла, тёселъ, тёсламъ	 
 	теснее		тѣснѣ'е	 
 	теснейший		тѣснѣ'йшій	 
 	теснённый		тѣснённый	 
 	теснина		тѣсни'на	 
 	теснить		тѣсни'ть, тѣсни'ться	 
 	тесно		тѣ'сно	 
 	тесного		тѣ'снаго	 
 	тесное		тѣ'сное	 
 	теснота		тѣснота', въ тѣснотѣ да не въ оби'дѣ	 
 	тесные		тѣ'сные (м. р.), тѣ'сныя (ж. р. и ср. р.), тѣ'сными, въ тѣ'сныхъ	 
 	тесный		тѣ'сный, тѣ'снаго, тѣснѣ'йшій	 
 	тесовый		тесо'вый, тесо'ваго	 
 	тёсом		тёсомъ	 
 	Тессин		Тесси'нъ	 
 	тест		те'стъ, въ те'стѣ	 
 	тестимоний		тестимо'ній (удостовѣри'тельное свидѣ'тельство)	 
 	тестирование		тести'рованіе	 
 	тесто		тѣ'сто, въ тѣ'стѣ	 
 	тесть		те'сть, о те'стѣ	 
 	тесьма		тесьма'	 
 	тёсывал		тёсывалъ	 
 	тётей		тётей	 
 	тётенька		тётенька, къ тётенькѣ, тётенекъ	 
 	тетерев		те'теревъ, род. п. мн. ч. тетерево'въ и тетереве'й	 
 	тетеревёнок		тетеревёнокъ	 
 	тетериться		тете'риться (ду'ться, пы'житься, серди'ться, дичи'ться)	 
 	тетёрка		тетёрка	 
 	Тетеря		Тете'ря	 
 	тетёха		тетёха (доро'дная ба'бища)	 
 	тётечка		тётечка, къ тётечкѣ, тётечекъ	 
 	тетёшкать		тетёшкать	 
 	тётею		тётею	 
 	тетива		тетива' и тятива'	 
 	тётина		тётина	 
 	тётка		тётка, къ тёткѣ, тётокъ	 
 	тетрагон		тетраго'нъ (четырёхуго'льникъ)	 
 	тетрадь		тетра'дь	 
 	тетралогия		тетрало'гія	 
 	тетраметр		тетра'метръ (стихъ изъ 4 двойны'хъ или изъ 8 просты'хъ стопъ)	 
 	тетрарх		тетра'рхъ	 
 	тетрахорд		тетрахо'рдъ (дре'вне-гре'ческій музыка'льный инструме'нтъ)	 
 	тетраэдр		тетраэ'дръ (тѣ'ло, ограни'ченное 4 равносторо'нними треуго'льниками)	 
 	Тетуан		Тетуа'нъ	 
 	тётушка		тётушка	 
 	тётю		тётю	 
 	Тетюши		Тетю'ши	 
 	тётя		тётя, къ тётѣ, тётею, съ тётей, мн. тёть и тётей	 
 	теургия		теургі'я (иску'сство входи'ть въ сноше'нія съ ду'хами и заруча'ться ихъ услу'гами)	 
 	Тефия		Те'ѳія	 
 	тех		тѣхъ, съ тѣхъ по'ръ	 
 	Техас		Теха'съ	 
 	тех же		тѣ'хъ же	 
 	техник		те'хникъ	 
 	техника		те'хника	 
 	технически		техни'чески	 
 	технические		техни'ческіе (м. р.), техни'ческія (ж. р. и ср. р.)	 
 	технический		техни'ческій, техни'ческаго	 
 	технического		техни'ческаго	 
 	техническое		техни'ческое	 
 	техничка		техни'чка	 
 	техничность		техни'чность	 
 	техничный		техни'чный	 
 	технолог		техно'логъ	 
 	технология		техноло'гія, техноло'гіи, техноло'гіей	 
 	техучёба		техучёба	 
 	Тецель		Те'цель	 
 	течение		тече'ніе (рѣки'), въ тече'ніе (дня), но въ ни'жнемъ тече'ніи (рѣки')	 
 	течением		тече'ніемъ	 
 	течёт		течётъ, течёмъ, течёшь	 
 	течка		те'чка (періоди'ческое напряже'ніе половы'хъ потре'бностей у са'мокъ живо'тныхъ, зака'нчивающееся обыкнове'нно плодотво'рнымъ совокупле'ніемъ)	 
 	течь		те'чь, течётъ, теку'тъ, тёкъ, текла', текло', текли'	 
 	тёша		тёша, тёшка	 
 	тешить		тѣ'шить, тѣ'шу, тѣ'шеніе	 
 	тёшка		тёшка, тёша (балы'къ, вы'рѣзанный у кра'сной ры'бы изъ ча'сти, покрыва'ющей брю'хо отъ рёберъ до прохо'да)	 
 	тёща		тёща (мать жены')	 
 	тёщенька		тёщенька	 
 	Теэр		Те'эръ	 
ти 	тиара		тіа'ра (высо'кая пряма'я ша'пка, укра'шенная драгоцѣ'нными камня'ми)	^
 	Тиберий		Тибе'рій	 
 	Тибет		Тибе'тъ	 
 	тиверец		ти'верецъ, ти'верцевъ, ти'верцемъ	 
 	Тиверск		Ти'верскъ	 
 	тигель		ти'гель	 
 	тигрёнок		тигрёнокъ	 
 	Тигрий		Ти'грій	 
 	Тидеман		Тидема'нъ	 
 	тимберс		ти'мберсъ	 
 	Тимирязев		Тимиря'зевъ	 
 	Тимолеон		Тимолео'нъ	 
 	Тимофеев		Тимоѳе'евъ Тимоѳе'й Тимоѳе'евичъ, о Тимоѳе'евѣ Тимоѳе'ѣ Тимоѳе'евичѣ	 
 	тимофеевка		тимоѳе'евка (аржа'нецъ, одна' изъ лу'чшихъ кормовы'хъ травъ; сѣ'ется ча'сто вмѣ'стѣ съ кле'веромъ), тимоѳе'ева трава'	 
 	Тимофей		Тимоѳе'й, Тимоѳе'евъ	 
 	тимьян		тимья'нъ и тиміа'нъ	 
 	Тинторетто		Тинторе'тто	 
 	Тионвиль		Тіонви'ль	 
 	типичен		типи'ченъ	 
 	типический		типи'ческій	 
 	типичнейший		типи'чнѣйшій	 
 	типичное		типи'чное	 
 	типичные		типи'чные (м. р.), типи'чныя (ж. р. и ср. р.)	 
 	типичный		типи'чный, типи'чнаго	 
 	типография		типогра'фія, типогра'фскій	 
 	типометр		типо'метръ (прибо'ръ, употребля'емый въ словоли'тняхъ для измѣре'нія высоты' типогра'фскихъ ли'теръ)	 
 	тираж		тира'жъ, въ тиражѣ', тира'жное	 
 	тиранический		тирани'ческій	 
 	тирания		тирані'я	 
 	тире		тире'	 
 	Тирренское		Тирре'нское (мо'ре)	 
 	Тиртей		Тирте'й	 
 	тиснение		тисне'ніе	 
 	тиснённый		тиснённый	 
 	Тиссандье		Тиссандье'	 
 	Тиссаферн		Тиссафе'рнъ	 
 	титанический		титани'ческій	 
 	титулярного		титуля'рнаго	 
 	титулярный		титуля'рный (совѣ'тникъ), титуля'рнаго	 
 	тиун		тіу'нъ (назва'ніе дре'вне-ру'сскихъ должностны'хъ лицъ ра'зныхъ разря'довъ)	 
 	тиф		ти'фъ	 
 	тихий		ти'хій, ти'хонькій	 
 	Тихий		Ти'хій (океа'нъ)	 
 	тихо-мирно		ти'хо-ми'рно и тихоми'рно	 
 	тихонечко		тихо'нечко	 
 	Тихорецк		Тихорѣ'цкъ	 
 	Тициан		Тиціа'нъ	 
 	тише		ти'ше	 
 	Тишендорф		Тишендо'рфъ	 
 	тишина		тишина', въ тишинѣ'	 
тк 	тканьё		тканьё	^
 	тканый		тка'ный	 
 	ткацкий		тка'цкій	 
 	Ткачёв		Ткачёвъ	 
 	ткачество		тка'чество	 
 	ткёшь		ткёшь и тчёшь (отъ тка'ть)	 
 	ткнёшь		ткнёшь	 
тл 	тлевшего		тлѣ'вшаго	^
 	тлевшее		тлѣ'вшее	 
 	тлевшие		тлѣ'вшіе (м. р.), тлѣ'вшія (ж. р. и ср. р.)	 
 	тлевший		тлѣ'вшій, тлѣ'вшаго	 
 	тлеет		тлѣ'етъ, тлѣ'ете, тлѣ'емъ, тлѣ'ешь, тлѣ'ютъ	 
 	тлёй		тлёй	 
 	тлен		тлѣ'нъ	 
 	тление		тлѣ'ніе, тлѣ'нъ, тлѣ'нный, тлѣ'ннаго	 
 	тленно		тлѣ'нно	 
 	тленный		тлѣ'нный, но тлетво'рный	 
 	тлетворный		тлетво'рный, но тлѣ'нный	 
 	тлеть		тлѣ'ть	 
тм 	Тмутаракань		Тмутарака'нь и Тмуторака'нь	^
то 	то бишь		то' бишь	^
 	товар		това'ръ	 
 	товарищ		това'рищъ, о това'рищѣ, това'рищемъ	 
 	Товарищ		Това'рищъ Мини'стра Госуда'рственныхъ Иму'ществъ (замѣсти'тель, помо'щникъ)	 
 	товарищей		това'рищевъ	 
 	товарищеский		това'рищескій	 
 	Товарищества		Това'рищества (острова')	 
 	товарищество		това'рищество (съ ограни'ченной отвѣ'тственностью)	 
 	товаровед		товаровѣ'дъ	 
 	товароведение		товаровѣ'дѣніе	 
 	Товия		То'вія	 
 	Тоггенбург		Тоггенбу'ргъ	 
 	тогда		тогда'	 
 	тогдашний		тогда'шній, тогда'шняго, тогда'шнее, по-тогда'шнему	 
 	того же		того'-же	 
 	то есть		то'-есть	 
 	тождественный		тожде'ственный и тоже'ственный	 
 	тождество		то'ждество и то'жество (ра'венство)	 
 	тоже		то'же (та'кже сoю'зъ — онъ то'же бу'детъ), но то же, что и ра'ньше	 
 	то же		то же и то'-же (то же, что и ра'ньше)	 
 	то и дело		то-и-дѣ'ло	 
 	той же		то'й-же, то'ю-же	 
 	токарное		тока'рное (дѣ'ло)	 
 	токарь		то'карь	 
 	Токио		То'кіо (пре'жде Іе'ддо)	 
 	токовище		токови'ще, токъ (мѣ'сто, гдѣ на разсвѣ'тѣ те'теревъ-саме'цъ току'етъ, издава'я своеобра'зные зву'ки, распуска'етъ кры'лья и хво'стъ, дѣ'лаетъ прыжки' и т. п. для привлече'нія са'мки)	 
 	токоприёмник		токопріёмникъ	 
 	токосъёмник		токосъёмникъ	 
 	Толедо		Толе'до	 
 	толерантность		толера'нтность (терпи'мость вообще' и осо'бенно относи'тельно религіо'зныхъ мнѣ'ній, коро'че — вѣротерпи'мость)	 
 	толкаете		толка'ете	 
 	толканёт		толканётъ	 
 	толкнёт		толкнётъ	 
 	толкование		толкова'ніе	 
 	толковать		толкова'ть	 
 	толковое		толко'вое	 
 	толкотнёй		толкотнёй	 
 	толкотня		толкотня'	 
 	толкует		толку'етъ, толку'емъ, толку'ешь	 
 	толмач		толма'чъ (перево'дчикъ разгово'ра, происходя'щаго ме'жду ли'цами, говоря'щими на разли'чныхъ языка'хъ)	 
 	толокно		толокно'	 
 	толочь		толо'чь	 
 	толпа		толпа', въ толпѣ'	 
 	толстеешь		толстѣ'ешь, толстѣ'емъ, толстѣ'ютъ	 
 	толстенный		толсте'нный (о'чень то'лстый), но толстостѣ'нный	 
 	толстенький		то'лстенькій, то'лстенькаго	 
 	толстенько		толсте'нько, толсте'некъ, толсте'нька, толсте'ньки	 
 	толстеть		толстѣ'ть, толстѣ'лъ, толстѣ'ла, толстѣ'ли	 
 	толстёхонек		толстёхонекъ, толстёхонько, толстёхонькій	 
 	толстёшенек		толстёшенекъ	 
 	толстить		толсти'ть, толсти'тъ	 
 	Толстой		Толсто'й, Толсто'го (въ XIX вѣ'кѣ — Толста'го)	 
 	толстого		то'лстаго (но Толсто'го — писа'теля, хотя въ XIX вѣ'кѣ — Толста'го)	 
 	толстое		то'лстое	 
 	толстостенный		толстостѣ'нный, но толсте'нный	 
 	толстота		толстота'	 
 	толстощёкий		толстощёкій	 
 	толстые		то'лстые (м. р.), то'лстыя (ж. р. и ср. р.)	 
 	толстый		то'лстый, то'лстаго, толстъ	 
 	толчеёй		толчеёй	 
 	толчёный		толчёный	 
 	толчея		толчея'	 
 	толчок		толчо'къ и толчёкъ, на толчкѣ'	 
 	толща		то'лща, въ то'лщѣ, то'лщей	 
 	толще		то'лще и толстѣ'е	 
 	только		то'лько, то'кмо, то'лько-то'лько, то'лько-то, едва' то'лько	 
 	только что		то'лько-что	 
 	Толычёва		Толычёва	 
 	том		то'мъ, во второ'мъ то'мѣ	 
 	томительно		томи'тельно	 
 	томительный		томи'тельный	 
 	томительные		томи'тельные (м. р.), томи'тельныя (ж. р. и ср. р.)	 
 	томление		томле'ніе	 
 	томлённый		томлённый	 
 	томное		то'мное	 
 	томные		то'мные (м. р.), то'мныя (ж. р. и ср. р.)	 
 	тоненький		то'ненькій	 
 	тонёхонький		тонёхонькій	 
 	тонёшенький		тонёшенькій	 
 	тонкие		то'нкіе (м. р.), то'нкія (ж. р. и ср. р.)	 
 	тонкий		то'нкій, то'нкаго	 
 	тонкое		то'нкое	 
 	тонкостенный		тонкостѣ'нный	 
 	тонкошёрстный		тонкошёрстный	 
 	тонкошёрстый		тонкошёрстый	 
 	тоннель		тонне'ль, въ тонне'лѣ	 
 	тонуть		тону'ть	 
 	тончайший		тонча'йшій	 
 	тоньше		то'ньше (не то'ньче!)	 
 	Топелиус		Топе'ліусъ	 
 	топкий		то'пкій	 
 	топление		топле'ніе	 
 	топлёный		топлёный	 
 	топливо		то'пливо	 
 	топография		топогра'фія	 
 	тополёк		тополёкъ	 
 	топор		топо'ръ, на топорѣ'	 
 	топорище		топори'ще	 
 	топорные		топо'рные (м. р.), топо'рныя (ж. р. и ср. р.)	 
 	топорный		топо'рный, топо'рнаго, топо'ренъ, топо'рное	 
 	топотнёй		топотнёй	 
 	топсель		то'псель	 
 	топчешь		то'пчешь, то'пчетъ, то'пчемъ	 
 	топчу		то'пчу, то'пчешь	 
 	Торвальдсен		То'рвальдсенъ	 
 	торгашеский		торга'шескій	 
 	торговец		торго'вецъ	 
 	торгового		торго'ваго	 
 	торговое		торго'вое	 
 	торговые		торго'вые (м. р. — ряды'), торго'выя (ж. р. и ср. р. — помѣще'нія)	 
 	тореадор		тореадо'ръ	 
 	торённый		торённый, торёнъ, торена'	 
 	торёный		торёный	 
 	тореро		торе'ро	 
 	торец		то'рецъ (пло'скость попере'чнаго разрѣ'за древе'снаго ствола'), торцо'въ	 
 	торжественный		торже'ственный, на торжествѣ'	 
 	торжество		торжество', на торжествѣ', торже'ственный	 
 	торжествующе		торжеству'юще	 
 	торжествующее		торжеству'ющее	 
 	торжествующие		торжеству'ющіе (м. р.), торжеству'ющія (ж. р. и ср. р.)	 
 	торжествующий		торжеству'ющій, торжеству'ющаго	 
 	торжище		то'ржище	 
 	торий		то'рій	 
 	Торквемада		Торквема'да	 
 	торможение		торможе'ніе	 
 	торможённый		торможённый, торможёнъ, торможена'	 
 	тормошить		тормоши'ть	 
 	торопёжка		торопёжка	 
 	Торопец		Торопе'цъ	 
 	торопить		торопи'ть	 
 	торпеда		торпе'да	 
 	Торре-дель-Греко		То'рре-дель-Гре'ко	 
 	Торресов		Торре'совъ (проли'въ)	 
 	Торричелли		Ториче'лли	 
 	торф		то'рфъ	 
 	торцевой		торцево'й	 
 	торчать		торча'ть	 
 	тоска		тоска'	 
 	тотем		тоте'мъ (тоте'момъ у индѣ'йцевъ называ'ется знакъ, гербъ, а та'кже изображе'ніе живо'тнаго, кото'рому воздаётся поклоне'ніе)	 
 	тот же		тотъ же	 
 	Тотлебен		Тотле'бенъ	 
 	то-то		то'-то	 
 	тотчас		то'тчасъ (наpѣч.), но въ тотъ ча'съ	 
 	точен		то'ченъ	 
 	точение		точе'ніе	 
 	точёный		точёный	 
 	точечка		то'чечка	 
 	точка		то'чка, въ то'чкѣ	 
 	точнее		точнѣ'е	 
 	точнёхонько		точнёхонько	 
 	точнёшенько		точнёшенько	 
 	точное		то'чное	 
 	точь-в-точь		точь-въ-то'чь	 
 	тошнёхонько		тошнёхонько	 
 	тошнёшенько		тошнёшенько	 
 	тощий		то'щій	 
тр 	трава		трава', по травѣ', въ травѣ'	^
 	Травемюнде		Травемю'нде	 
 	траверс		тра'версъ	 
 	травести		травести' (роль ма'льчика и'ли ю'ноши, исполня'емая актри'сой, переодѣ'той въ мужско'й костю'мъ; амплуа' тако'й актри'сы)	 
 	Травиата		Травіа'та	 
 	травка		тра'вка, по тра'вкѣ	 
 	травление		травле'ніе	 
 	травленный		тра'вленный, тра'вленъ, тра'влена, тра'влено, тра'влены	 
 	травленый		тра'вленый	 
 	травлёный		травлёный	 
 	трагедия		траге'дія	 
 	трагикомедия		трагикоме'дія	 
 	трагически		траги'чески	 
 	трагические		траги'ческіе (м. р.), траги'ческія (ж. р. и ср. р.)	 
 	трагический		траги'ческій, траги'ческое	 
 	традиционное		традиціо'нное	 
 	традиционные		традиціо'нные (м. р.), традиціо'нныя (ж. р. и ср. р.)	 
 	традиционный		традиціо'нный, традиціо'ннаго	 
 	традиция		тради'ція, тради'ціи, тради'цій	 
 	траектория		траекто'рія, по траекто'ріи	 
 	Тразея		Тразе'я	 
 	тракт		тра'ктъ, на тра'ктѣ	 
 	трактат		тракта'тъ, въ тракта'тѣ	 
 	трактир		тракти'ръ, въ тракти'рѣ	 
 	Траллес		Тра'ллесъ	 
 	трамблёр		трамблёръ	 
 	трамбовать		трамбова'ть	 
 	транец		тра'нецъ	 
 	трансвестит		трансвести'тъ	 
 	транскрипция		транскри'пція	 
 	транслитерация		транслитера'ція	 
 	трансмиссия		трансми'ссія	 
 	транспарант		транспара'нтъ	 
 	транспорт		тра'нспортъ, на тра'нспортѣ	 
 	транспортёр		транспортёръ	 
 	трансфер		трансфе'ръ (перехо'дъ, перево'дъ, переѣ'здъ, перево'зъ)	 
 	трансферт		трансфе'ртъ (перево'дъ де'негъ изъ одного' мѣ'ста въ друго'е че'резъ ба'нкъ)	 
 	трансцендентальный		трансцендента'льный (въ филосо'фіи те'рминъ, кото'рымъ обознача'ютъ всё, что недосту'пно опы'ту и не вмѣща'ется въ разсу'дочныя катего'ріи)	 
 	трансцендентный		трансценде'нтный (превыша'ющій си'лы человѣ'ческаго ума', недосту'пный для обыкнове'ннаго понима'нія)	 
 	трансъевропейский		трансъевропе'йскій	 
 	траншея		транше'я	 
 	трапеза		тра'пеза, къ тра'пезѣ	 
 	трапезная		тра'пезная	 
 	трапезник		трапе'зникъ	 
 	трапезничаешь		трапе'зничаешь	 
 	трапезничать		трапе'зничать	 
 	трапезный		трапе'зный	 
 	трапезовать		трапе'зовать, трапе'зую, трапе'зуешь	 
 	Трапезунд		Трапезу'ндъ	 
 	трапецеидальный		трапецоида'льный	 
 	трапеция		трапе'ція	 
 	траппер		тра'пперъ	 
 	Траубе		Тра'убе	 
 	трафарет		трафаре'тъ	 
 	трахея		трахе'я, въ трахе'ѣ	 
 	Трачевский		Траче'вскій	 
 	траченый		тра'ченый (пpил.), тра'ченный (пpич.)	 
 	треба		тре'ба (богослуже'бный обря'дъ, соверша'емый священнослужи'телями по про'сьбѣ вѣ'рующихъ)	 
 	Требия		Тре'бія	 
 	требник		тре'бникъ (церко'вная кни'га, содержа'щая молитвосло'вія и пѣснопѣ'нія, употребля'емыя при соверше'ніи тре'бъ)	 
 	требование		тре'бованіе	 
 	требовать		тре'бовать, тре'боваться	 
 	требуемое		тре'буемое	 
 	требуемый		тре'буемый	 
 	требует		тре'буетъ, тре'буемъ, тре'буешь, тре'буютъ	 
 	требуется		тре'буется, тре'буются, тре'буемся, тре'буешься	 
 	требуйте		тре'буйте	 
 	требуха		требуха' (пе'рвый и са'мый большо'й по вмѣсти'мости желу'докъ двухкопы'тныхъ)	 
 	Тревизо		Треви'зо	 
 	тревога		трево'га	 
 	тревожить		трево'жить	 
 	треволнение		треволне'ніе	 
 	треглавый		трегла'вый и трёхгла'вый	 
 	Тредьяковский		Тредьяко'вскій	 
 	трезв		тре'звъ	 
 	трезвее		трезвѣ'е	 
 	трезвеет		трезвѣ'етъ	 
 	трезвеешь		трезвѣ'ешь	 
 	трезвенник		тре'звенникъ	 
 	трезветь		трезвѣ'ть	 
 	трезвёхонький		трезвёхонькій	 
 	трезвёшенький		трезвёшенькій	 
 	трезвого		тре'зваго	 
 	трезвон		трезво'нъ	 
 	трезвость		тре'звость	 
 	трезвые		тре'звые (м. р.), тре'звыя (ж. р. и ср. р.)	 
 	трезвый		тре'звый, тре'зваго	 
 	трезубец		трезу'бецъ, трезу'бцемъ, на трезу'бцѣ	 
 	Трейчке		Тре'йтчке	 
 	треклятого		трекля'таго	 
 	треклятое		трекля'тое	 
 	треклятые		трекля'тые (м. р.), трекля'тыя (ж. р. и ср. р.)	 
 	треклятый		трекля'тый, трекля'таго	 
 	трелёванный		трелёванный	 
 	трелёвочный		трелёвочный	 
 	трель		тре'ль	 
 	трельяж		трелья'жъ (рѣшётка для вью'щихся расте'ній)	 
 	трём		трёмъ	 
 	трема		тре'ма (двѣ то'чки надъ гла'сной бу'квой, означа'ющія, что она' должна' произноси'ться отдѣ'льно)	 
 	трематоды		тремато'ды	 
 	тремоло		тре'моло (въ му'зыкѣ дрожа'ніе зву'ковъ и слива'ніе ихъ въ оди'нъ протя'жный)	 
 	трёмстам		трёмстамъ	 
 	трёмся		трёмся	 
 	тремя		тремя'	 
 	трен		тре'нъ (тя'нущійся въ фо'рмѣ широ'каго хвоста' за'дній коне'цъ же'нскаго пла'тья)	 
 	тренажёрный		тренажёрный	 
 	Тренделенбург		Тренделенбу'ргъ	 
 	тренер		тре'неръ, трениро'вка	 
 	трензель		тре'нзель (металли'ческая цѣпо'чка, слу'жащая для удержа'нія мундштука' во рту' ло'шади)	 
 	трение		тре'ніе, тре'нія	 
 	тренировать		тренирова'ть, тренирова'ться	 
 	тренировка		трениро'вка, на трениро'вкѣ (не тренеро'вка!)	 
 	тренирует		трениру'етъ, трениру'ете, трениру'емъ, трениру'ешь, трениру'ютъ	 
 	трения		тре'нія	 
 	тренога		трено'га, на трено'гѣ	 
 	треножник		трено'жникъ, на трено'жникѣ	 
 	Трент		Тре'нтъ, Триде'нтъ, Тріе'нтъ	 
 	Трентон		Тренто'нъ	 
 	трёп		трёпъ	 
 	трепак		трепа'къ (пляса'ть трепака')	 
 	трепанация		трепана'ція	 
 	трепанг		трепа'нгъ	 
 	трепание		трепа'ніе	 
 	трёпанный		трёпанный	 
 	трепать		трепа'ть	 
 	трепаться		трепа'ться	 
 	трепел		тре'пелъ (полиро'ванный сла'нецъ, кро'кусъ, мука' го'рная, инфузо'рная земля', кизельгу'ръ — тонкослои'стая го'рная поро'да)	 
 	трепет		тре'петъ	 
 	трепетать		трепета'ть	 
 	трепетное		тре'петное	 
 	трепещет		трепе'щетъ	 
 	трепещу		трепещу'	 
 	трёпка		трёпка	 
 	треплет		тре'плетъ, тре'плешь, тре'племъ, тре'плютъ	 
 	трепло		трепло'	 
 	треплю		треплю'	 
 	трепотнёй		трепотнёй	 
 	трепыхнётся		трепыхнётся	 
 	треск		тре'скъ	 
 	треска		треска'	 
 	трескаться		тре'скаться	 
 	трескотнёй		трескотнёй	 
 	трескучий		треску'чій	 
 	треснуть		тре'снуть	 
 	трест		тре'стъ	 
 	треста		треста' (льняна'я соло'ма, сте'бли льна, лишённые голо'вокъ)	 
 	трётесь		трётесь	 
 	третейский		трете'йскій (судъ посре'дниковъ, и'збранныхъ сами'ми тя'жущимися)	 
 	третий		тре'тій, тре'тьимъ, въ тре'тьемъ, тре'тьи, тре'тье, тре'тья, тре'тьихъ, тре'тьяго, тре'тьей	 
 	третировать		трети'ровать (относи'ться съ пренебреже'ніемъ, унижа'ть)	 
 	третичный		трети'чный	 
 	треть		тре'ть, трете'й, тре'ти	 
 	третье		тре'тье, тре'тьи, тре'тья, тре'тьей	 
 	третьего		тре'тьяго	 
 	третьегодняшний		третьяго'дняшній (произв. третёва, тре'тій)	 
 	третьёгодняшний		третьёво'днишній	 
 	Третьяков		Третьяко'въ	 
 	треугольник		треуго'льникъ	 
 	треугольный		треуго'льный	 
 	треух		треу'хъ (тёплая ша'пка, уша'нка), въ треу'хѣ	 
 	треф		тре'фъ	 
 	трефной		трефно'й (трефна'я пи'ща — некоше'рная)	 
 	Трефолев		Тре'фолевъ	 
 	трёх		трёхъ	 
 	трёхаршинный		трёхарши'нный	 
 	трёхбалльный		трёхба'лльный	 
 	трёхбашенный		трёхба'шенный	 
 	трёхвалентный		трёхвале'нтный	 
 	трёхвалковый		трёхвалко'вый	 
 	трёхведёрный		трёхведёрный	 
 	трёхвековой		трёхвѣково'й	 
 	трёхвёрстка		трёхвёрстка	 
 	трёхвершинный		трёхверши'нный	 
 	трёхвершковый		трёхвершко'вый	 
 	трёхвинтовой		трёхвинтово'й	 
 	трёхглавый		трёхгла'вый и трегла'вый	 
 	трёхгодичный		трёхгоди'чный	 
 	трёхгодовалый		трёхгодова'лый	 
 	трёхголовый		трёхголо'вый	 
 	трёхголосый		трёхголо'сый	 
 	трёхгорный		трёхго'рный	 
 	трёхгранник		трёхгра'нникъ	 
 	трёхгривенный		трёхгри'венный	 
 	трёхгрошовый		трёхгрошо'вый	 
 	трёхдневный		трёхдне'вный	 
 	трёхдольный		трёхдо'льный	 
 	трёхдюймовый		трёхдюймо'вый	 
 	трёхжильный		трёхжи'льный	 
 	трёхзальный		трёхза'льный	 
 	трёхзвёздный		трёхзвѣ'здный	 
 	трёхзвёздочный		трёхзвѣ'здочный	 
 	трёхзвенный		трёхзве'нный	 
 	трёхзначный		трёхзна'чный	 
 	трёхзубчатый		трёхзу'бчатый	 
 	трёхзубый		трёхзу'бый	 
 	трёхимённый		трёхимённый	 
 	трёхкамерный		трёхка'мерный	 
 	трёхканальный		трёхкана'льный	 
 	трёхкилограммовый		трёхкилограммо'вый	 
 	трёхкилометровый		трёхкилометро'вый	 
 	трёхклассный		трёхкла'ссный	 
 	трёхколенный		трёхколѣ'нный, трёхколѣ'ннаго	 
 	трёхколёсный		трёхколёсный	 
 	трёхколонный		трёхколо'нный	 
 	трёхколоночный		трёхколо'ночный	 
 	трёхкомнатный		трёхко'мнатный	 
 	трёхкомпонентный		трёхкомпоне'нтный	 
 	трёхконтурный		трёхко'нтурный	 
 	трёхкопеечный		трёхкопе'ечный (но копе'йка и копѣ'йка)	 
 	трёхкорпусной		трёхкорпусно'й	 
 	трёхкорпусный		трёхко'рпусный	 
 	трёхкрасочный		трёхкра'сочный	 
 	трёхкратный		трёхкра'тный	 
 	трёхкубовый		трёхкубо'вый	 
 	трёхкулачковый		трёхкулачко'вый	 
 	трёхламповый		трёхла'мповый	 
 	трёхлепестковый		трёхлепестко'вый	 
 	трёхлетний		трёхлѣ'тній	 
 	трёхлеток		трёхлѣ'токъ	 
 	трёхлинейка		трёхлине'йка	 
 	трёхлистный		трёхли'стный	 
 	трёхлитровый		трёхлитро'вый	 
 	трёхлопастный		трёхло'пастный	 
 	трёхмачтовый		трёхма'чтовый	 
 	трёхмерный		трёхмѣ'рный	 
 	трёхместный		трёхмѣ'стный	 
 	трёхмесячный		трёхмѣ'сячный	 
 	трёхметровый		трёхметро'вый	 
 	трёхмиллиардный		трёхмилліа'рдный	 
 	трёхмиллионный		трёхмилліо'нный	 
 	трёхминутный		трёхмину'тный	 
 	трёхмоторный		трёхмото'рный	 
 	трёхнедельный		трёхнедѣ'льный	 
 	трёхнефный		трёхне'фный	 
 	трёхногий		трёхно'гій	 
 	трёхобхватный		трёхобхва'тный	 
 	трёхокись		трёхо'кись	 
 	трёхоконный		трёхоко'нный	 
 	трёхопорный		трёхопо'рный	 
 	трёхосный		трёхо'сный	 
 	трёхпалубный		трёхпа'лубный	 
 	трёхпалый		трёхпа'лый	 
 	трёхпарный		трёхпа'рный	 
 	трёхперстный		трёхпе'рстный	 
 	трёхполозный		трёхполо'зный	 
 	трёхполосный		трёхполо'сный	 
 	трёхпольный		трёхпо'льный	 
 	трёхпролётный		трёхпролётный	 
 	трёхпроцентный		трёхпроце'нтный	 
 	трёхпудовый		трёхпудо'вый	 
 	трёхраздельный		трёхраздѣ'льный	 
 	трёхразовый		трёхра'зовый	 
 	трёхрёберник		трёхрёберникъ	 
 	трёхрожковый		трёхрожко'вый	 
 	трёхрублёвка		трёхрублёвка	 
 	трёхрублёвый		трёхрублёвый	 
 	трёхрядный		трёхря'дный	 
 	трёхсаженный		трёхсаже'нный	 
 	трёхсветный		трёхсвѣ'тный	 
 	трёхсвятительский		трёхсвяти'тельскій	 
 	трёхсекундный		трёхсеку'ндный	 
 	трёхсекционный		трёхсекціо'нный	 
 	трёхсерийный		трёхсері'йный	 
 	трёхскатный		трёхска'тный	 
 	трёхскоростной		трёхскоростно'й	 
 	трёхсложный		трёхсло'жный	 
 	трёхслойный		трёхсло'йный	 
 	трёхсменный		трёхсмѣ'нный	 
 	трёхсотенный		трёхсо'тенный	 
 	трёхсоткратный		трёхсоткра'тный	 
 	трёхсотлетний		трёхсотлѣ'тній	 
 	трёхсотпятидесятитысячный		трёхсо'тпяти'десятиты'сячный	 
 	трёхсотрублёвый		трёхсотрублёвый	 
 	трёхсотсильный		трёхсотси'льный	 
 	трёхсотстраничный		трёхсотстрани'чный	 
 	трёхсоттысячный		трёхсотты'сячный	 
 	трёхсотый		трёхсо'тый	 
 	трёхсполовинный		трёхсполови'нный	 
 	трёхстами		трёхста'ми	 
 	трёхстволка		трёхство'лка	 
 	трёхствольный		трёхство'льный	 
 	трёхстворчатый		трёхство'рчатый	 
 	трёхстенный		трёхстѣ'нный	 
 	трёхстепенной		трёхстепенно'й	 
 	трёхстепенный		трёхстепе'нный	 
 	трёхстишие		трёхсти'шіе	 
 	трёхстопный		трёхсто'пный	 
 	трёхсторонний		трёхсторо'нній	 
 	трёхструнный		трёхстру'нный	 
 	трёхступенчатый		трёхступе'ньчатый	 
 	трёхсуточный		трёхсу'точный	 
 	трёхтактный		трёхта'ктный	 
 	трёхтомный		трёхто'мный	 
 	трёхтонный		трёхто'нный	 
 	трёхтрубный		трёхтру'бный	 
 	трёхтысячелетний		трёхты'сячелѣ'тній	 
 	трёхтысячный		трёхты'сячный	 
 	трёхударный		трёхуда'рный	 
 	трёхуровневый		трёху'ровневый	 
 	трёхуступчатый		трёхусту'пчатый	 
 	трёхфазный		трёхфа'зный	 
 	трёхфунтовый		трёхфунто'вый	 
 	трёххвостый		трёххво'стый	 
 	трёхходовый		трёхходо'вый	 
 	трёхцветный		трёхцвѣ'тный	 
 	трёхцилиндровый		трёхцилиндро'вый	 
 	трёхчасовой		трёхчасово'й	 
 	трёхчастный		трёхча'стный	 
 	трёхчервонный		трёхчерво'нный	 
 	трёхчлен		трёхчле'нъ	 
 	трёхчлениковый		трёхчле'никовый	 
 	трёхчленный		трёхчле'нный	 
 	трёхъядерный		трёхъя'дерный	 
 	трёхъязычный		трёхъязы'чный	 
 	трёхъярусный		трёхъя'русный	 
 	трёхэлектродный		трёхэлектро'дный	 
 	трёхэлементный		трёхэлеме'нтный	 
 	трёхэтажный		трёхъэта'жный	 
 	трёшка		трёшка	 
 	трёшник		трёшникъ	 
 	трёшница		трёшница	 
 	трёшь		трёшь	 
 	трещать		треща'ть	 
 	трещит		трещи'тъ	 
 	трещина		тре'щина	 
 	трещотка		трещо'тка и трещётка	 
 	триада		тріа'да (тро'йка, тро'ица)	 
 	триангль		тріа'нгль	 
 	триангуляция		тріангуля'ція (топографи'ческая съёмка мѣ'стности, состоя'щая въ разби'вкѣ земно'й пове'рхности на треуго'льники)	 
 	трианон		тріано'нъ (дворе'цъ)	 
 	триарии		тріа'ріи (во'ины)	 
 	триас		тріа'съ	 
 	тривиально		тривіа'льно (по'шло)	 
 	тригонометрия		тригономе'трія	 
 	тридевять		три'девять	 
 	тридцать		три'дцать	 
 	тридцатирублёвый		тридцатирублёвый	 
 	триединый		триеди'ный (составно'е сло'во, но встрѣча'ется и тріеди'ный, и да'же трѵеди'ный!)	 
 	Триент		Тріе'нтъ	 
 	триёр		тріёръ (аппара'тъ для очи'стки сѣмя'нъ культу'рныхъ расте'ній отъ тру'дно отдѣли'мыхъ сѣмя'нъ со'рныхъ тра'въ)	 
 	триерарх		тріера'рхъ (команди'ръ трире'мы)	 
 	Триест		Тріе'стъ	 
 	трижды		три'жды	 
 	трилемма		триле'мма (предложе'ніе, въ соста'въ кото'раго вхо'дятъ 3 мнѣ'нія, изъ нихъ на'до приня'ть одно')	 
 	триллион		трилліо'нъ	 
 	трилогия		трило'гія (соедине'ніе трёхъ пье'съ въ одно' цѣ'лое)	 
 	триместр		триме'стръ (тре'тья ча'сть го'да)	 
 	тринадцатого		трина'дцатаго	 
 	тринадцатое		трина'дцатое	 
 	тринадцать		трина'дцать	 
 	трио		трі'о	 
 	триод		тріо'дъ (церко'вная кни'га)	 
 	триолет		тріоле'тъ (стихотворе'ніе)	 
 	триоль		тріо'ль (но'ты)	 
 	трионикс		тріо'никсъ (черепа'ха)	 
 	трип		три'пъ	 
 	триплет		трипле'тъ	 
 	триппер		три'пперъ	 
 	триптих		три'птихъ	 
 	трирема		трире'ма (дре'вняя гале'ра съ тремя' ряда'ми вёселъ на ка'ждой сторонѣ')	 
 	Трисвятое		Трисвято'е (церко'вная моли'тва, въ кото'рой три ра'за повторя'ется сло'во "святы'й")	 
 	трисель		три'сель	 
 	триумвират		тріумвира'тъ (сою'зъ и управле'ніе трёхъ лицъ)	 
 	триумф		тріу'мфъ (у дре'внихъ ри'млянъ побѣ'дный пра'здникъ)	 
 	триумфальная		тріумфа'льная	 
 	триумфального		тріумфа'льнаго	 
 	триумфальное		тріумфа'льное	 
 	триумфальные		тріумфа'льные (м. р.), тріумфа'льныя (ж. р. и ср. р.)	 
 	триумфальный		тріумфа'льный, тріумфа'льнаго	 
 	триумфатор		тріумфа'торъ	 
 	Трифиллий		Трифи'ллій	 
 	Трифон		Три'фонъ	 
 	трихинеллёз		трихинеллёзъ	 
 	трогательно		тро'гательно	 
 	троглодит		троглоди'тъ	 
 	троежёнство		троежёнство	 
 	троекратный		троекра'тный	 
 	троение		трое'ніе па'ра (тре'тья распа'шка парово'го по'ля)	 
 	троеперстие		троепе'рстіе (троепе'рстное сложе'ніе — троепе'рстное кре'стное зна'меніе)	 
 	Троеручица		Троеру'чица (ико'на)	 
 	троечный		тро'ечный	 
 	троица		тро'ица, о тро'ицѣ, Тро'ице-Се'ргіева Ла'вра	 
 	Троице-Сергиева Лавра		Тро'ице-Се'ргіева Ла'вра, тро'ица, о тро'ицѣ	 
 	троицкий		тро'ицкій	 
 	тромбон		тромбо'нъ	 
 	тромпет		тромпе'тъ (орга'нная труба')	 
 	тронешь		тро'нешь	 
 	тропа		тропа', на тропѣ'	 
 	тропарём		тропарёмъ	 
 	тропинка		тропи'нка, на тропи'нкѣ	 
 	тропические		тропи'ческіе (м. р.), тропи'ческія (ж. р. и ср. р.)	 
 	тропический		тропи'ческій, тропи'ческаго	 
 	тропического		тропи'ческаго	 
 	тропическое		тропи'ческое	 
 	тростник		тростни'къ, въ тростникѣ'	 
 	тротуар		тротуа'ръ, на тротуа'рѣ	 
 	трофей		трофе'й (знакъ побѣ'ды: о'тнятое у непрія'теля зна'мя, ору'жіе), о трофе'ѣ, трофе'евъ	 
 	трофейного		трофе'йнаго	 
 	трофейное		трофе'йное	 
 	трофейные		трофе'йные (м. р.), трофе'йныя (ж. р. и ср. р.)	 
 	Трофимов		Трофи'мовъ Трофи'мъ Трофи'мовичъ, о Трофи'мѣ Трофи'мовичѣ Трофи'мовѣ	 
 	трофический		трофи'ческій	 
 	трощённый		трощённый	 
 	троюродные		трою'родные (м. р.), трою'родныя (ж. р. и ср. р.)	 
 	троякие		троя'кіе (м. р.), троя'кія (ж. р. и ср. р.)	 
 	троякий		троя'кій, троя'каго	 
 	троякое		троя'кое	 
 	труба		труба', на трубѣ'	 
 	трубач		труба'чъ, о трубачѣ', трубаче'й	 
 	Трубецкой		Трубецко'й	 
 	трубка		тру'бка, въ тру'бкѣ	 
 	трубковёрт		трубковёртъ	 
 	Трубчевск		Трубче'вскъ	 
 	труднее		труднѣ'е, труднѣ'йшій	 
 	труднейший		труднѣ'йшій, труднѣ'йшаго	 
 	трудного		тру'днаго	 
 	трудное		тру'дное	 
 	трудные		тру'дные (м. р.), тру'дныя (ж. р. и ср. р.)	 
 	трудный		тру'дный, тру'днаго, тру'денъ, труднѣ'е, труднѣ'йшій	 
 	трудовой		трудово'й, трудово'го, трудово'е	 
 	трудовые		трудовы'е (м. р.), трудовы'я (ж. р. и ср. р.)	 
 	трудоёмкость		трудоёмкость	 
 	трудолюбие		трудолю'біе	 
 	трудящегося		трудя'щагося	 
 	трудящиеся		трудя'щіеся (м. р.), трудя'щіяся (ж. р. и ср. р.)	 
 	трудящийся		трудя'щійся	 
 	труженик		тру'женикъ	 
 	трупосожжение		трупосожже'ніе	 
 	труппа		тру'ппа, въ тру'ппѣ	 
 	трутень		тру'тень	 
 	трущоба		трущо'ба	 
 	трюкачество		трюка'чество	 
 	трюм		трю'мъ, въ трю'мѣ	 
 	трюфель		трю'фель	 
 	тряпьё		тряпьё	 
 	трясённый		трясённый	 
 	трясётся		трясётся	 
 	тряский		тря'скій	 
 	тряханём		тряханёмъ	 
ту 	туалет		туале'тъ (столъ съ зе'ркаломъ, принадле'жность же'нскаго будуа'ра; да'мскій наря'дъ; убо'рная), въ туале'тѣ	^
 	Туапсе		Туапсе'	 
 	туареги		туаре'ги	 
 	туберкулин		туберкули'нъ	 
 	туберкулёз		туберкулёзъ	 
 	тубероза		туберо'за	 
 	туер		ту'еръ, ту'эръ (букси'рный парохо'дъ, захва'тывающій при своёмъ движе'ніи ко'льца проло'женной по дну рѣки' цѣпи')	 
 	туже		ту'же	 
 	ту же		ту же	 
 	туземец		тузе'мецъ	 
 	туловище		ту'ловище	 
 	тульёй		тульёй	 
 	тунец		туне'цъ	 
 	тунеядец		тунея'децъ	 
 	туннель		тунне'ль, тонне'ль	 
 	тупее		тупѣ'е	 
 	тупеет		тупѣ'етъ, тупѣ'ете	 
 	тупей		тупе'й (накла'дка изъ воло'съ), тупе'йный худо'жникъ	 
 	тупейший		тупѣ'йшій, тупѣ'йшаго	 
 	тупеть		тупѣ'ть	 
 	тупею		тупѣ'ю (какъ одѣ'ну портупе'ю, такъ тупѣ'ю и тупѣ'ю)	 
 	тупик		тупи'къ, въ тупикѣ'; ту'пикъ (пти'ца), о ту'пикѣ	 
 	тупое		тупо'е	 
 	тупые		тупы'е (м. р.), тупы'я (ж. р. и ср. р.)	 
 	Тургенев		Турге'невъ	 
 	Турек		Ту'рекъ	 
 	Турень		Туре'нь	 
 	турецкий		туре'цкій	 
 	Туркестан		Туркеста'нъ	 
 	Туркмения		Туркме'нія	 
 	турне		турне'	 
 	турнепс		турне'псъ	 
 	Турнефор		Турнефо'ръ	 
 	турнёшь		турнёшь	 
 	турникет		турнике'тъ	 
 	турпутёвка		турпутёвка	 
 	Турция		Ту'рція	 
 	тусклое		ту'склое	 
 	тускнеть		тускнѣ'ть	 
 	тустеп		тустэ'пъ	 
 	тут же		тутъ же	 
 	тут-то		ту'тъ-то	 
 	туфель		ту'фель	 
 	туфля		ту'фля, ту'фли, ту'фель и туфле'й	 
 	туш		ту'шъ (му'зыка), но ту'шь (кра'ска)	 
 	туше		туше' (прикоснове'ніе, осо'бенно къ кла'вишамъ фортепіа'но)	 
 	тушёванный		тушёванный	 
 	тушевать		тушева'ть (налага'ть тѣ'ни на рису'нокъ)	 
 	тушеваться		тушева'ться	 
 	тушение		туше'ніе	 
 	тушёнка		тушёнка	 
 	тушёное		тушёное	 
 	тушёный		тушёный	 
 	тушите		ту'шите и туши'те!	 
 	тушь		ту'шь (кра'ска), но ту'шъ (му'зыка)	 
тщ 	тщание		тща'ніе (усе'рдіе, стара'ніе)	^
 	тщательный		тща'тельный	 
 	тщедушие		тщеду'шіе, щеду'шіе	 
 	тщедушный		тщеду'шный, щеду'шный	 
 	тщеславен		тщесла'венъ	 
 	тщеславие		тщесла'віе	 
 	тщета		тщета', тще'тность	 
 	тщетен		тще'тенъ, тще'тное	 
 	тщетно		тще'тно, тще'тны, тще'тна	 
 	тщетное		тще'тное, тще'тенъ	 
 	тщетность		тще'тность, тщета'	 
 	тщетный		тще'тный, тще'тное, тще'тенъ (безполе'зный, безпло'дный, напра'сный)	 
ть 	Тьер		Тье'ръ	^
 	Тьерри		Тьерри'	 
 	тьфу		тфу (междометіе)	 
ты 	тыквенный		ты'квенный	^
 	тысяцкий		ты'сяцкій	 
 	тысяча		ты'сяча, тв. п. ед. ч. ты'сячею и ты'сячью	 
 	тысячевёрстный		тысячевёрстный	 
 	тысячелетие		тысячелѣ'тіе, во второ'мъ тысячелѣ'тіи, тысячелѣ'тіями	 
 	тысячелетнее		тысячелѣ'тнее	 
 	тысячелетние		тысячелѣ'тніе (м. р.), тысячелѣ'тнія (ж. р. и ср. р.)	 
 	тысячелетний		тысячелѣ'тній, тысячелѣ'тняго	 
 	тысячелистник		тысячели'стникъ	 
 	тысяченожка		тысячено'жка	 
 	тысячерублёвый		тысячерублёвый	 
 	тысячные		ты'сячные (м. р.), ты'сячныя (ж. р. и ср. р. — ты'сячныя до'ли гра'дуса)	 
ть 	тьма		тьма' и тма', тми'ть, во тьмѣ	^
 	тьма тём		тьма тёмъ (мно'жество)	 
 	тьма-тьмущая		тьма тьму'щая и тма тму'щая	 
тю 	тюбетейка		тюбете'йка (тата'рская ермо'лка)	^
 	Тюбинген		Тю'бингенъ	 
 	тюлевый		тю'левый	 
 	тюленёнок		тюленёнокъ	 
 	тюлень		тюле'нь	 
 	Тюмень		Тюме'нь	 
 	тюремный		тюре'мный	 
 	Тюренн		Тюре'ннъ	 
 	тюрик		тю'рикъ, тю'ричекъ (свёрнутый изъ бума'ги мѣшо'чекъ, имѣ'ющій фо'рму кони'ческаго колпачка' для прода'жи ме'лкаго дешёваго това'ра)	 
 	Тюрингенский		Тюринге'нскій (лѣ'съ)	 
 	тюркский		тю'ркскій	 
 	тюрьма		тюрьма'	 
 	Тютчев		Тю'тчевъ	 
 	тюфяк		тюфя'къ (посте'льная принадле'жность, отлича'ющаяся отъ пери'ны тѣмъ, что она набива'ется во'лосомъ, ше'рстью, моча'лой; лѣнтя'й, нело'вкій и нереши'тельный человѣ'къ)	 
тя 	тяглые		тя'глые лю'ди (крестья'не и поса'дскіе, сидѣ'вшіе на землѣ', обло'женной сбо'рами въ по'льзу госуда'рства, тяну'вшіе тя'гло)	^
 	тяготение		тяготѣ'ніе (си'ла притяже'нія, ока'зываемая небе'сными тѣла'ми другъ на дру'га)	 
 	тягуче		тягу'че	 
 	тягучее		тягу'чее	 
 	тягучесть		тягу'честь	 
 	тяжела		тяжела'	 
 	тяжелее		тяжелѣ'е	 
 	тяжёленький		тяжёленькій	 
 	тяжелеть		тяжелѣ'ть	 
 	тяжело		тяжело', тяжелѣ'е, тяже'лѣ и тяже'ле	 
 	тяжёлое		тяжёлое	 
 	тяжеловес		тяжеловѣ'съ	 
 	тяжеловооружённый		тяжеловооружённый	 
 	тяжёлого		тяжёлаго	 
 	тяжелогружёный		тяжелогружёный	 
 	тяжёлые		тяжёлые (м. р.), тяжёлыя (ж. р. и ср. р.)	 
 	тяжёлый		тяжёлый, тяжёлая, тяжёлаго	 
 	тяжесть		тя'жесть (притяже'ніе землёю тѣлъ, находя'щихся на ея' пове'рхности)	 
 	тяжкие		тя'жкіе (м. р.), тя'жкія (ж. р. и ср. р.)	 
 	тяжкий		тя'жкій, тя'жкаго	 
 	тяжкого		тя'жкаго	 
 	тяжкое		тя'жкое	 
 	тянет		тя'нетъ	 
 	тянется		тя'нется	 
 	тятенька		тя'тенька