ва 	ва-банк		ва-ба'нкъ (идти' ва-ба'нкъ — дѣ'йствовать, риску'я всѣ'мъ)	^
 	вагенмейстер		вагенме'йстеръ	 
 	вагон		ваго'нъ, въ ваго'нѣ	 
 	вагонетка		вагоне'тка, въ вагоне'ткѣ	 
 	вадемекум		вадеме'кумъ (путеводи'тель, карма'нный спра'вочникъ, указа'тель)	 
 	важен		ва'женъ, важнѣ'е	 
 	важенка		ва'женка (са'мка сѣ'вернаго оле'ня)	 
 	важнее		важнѣ'е, важнѣ'йшій	 
 	важнейшие		важнѣ'йшіе (м. р.), важнѣ'йшія (ж. р. и ср. р.)	 
 	важнейший		важнѣ'йшій, важнѣ'йшаго	 
 	важное		ва'жное	 
 	важные		ва'жные (м. р.), ва'жныя (ж. р. и ср. р.)	 
 	вазелин		вазели'нъ	 
 	вайя		ва'йя и ва'ія (вѣ'твь), недѣ'ля ва'ій (ве'рбное воскресе'нье), мн. ва'йи, р. п. мн. ва'й	 
 	вакансия		вака'нсія (свобо'дное мѣ'сто)	 
 	вакация		вака'ція (свобо'дное вре'мя)	 
 	ваксенный		ва'ксенный, ва'ксовый	 
 	Валаам		Валаа'мъ (о'стровъ), на Валаа'мѣ	 
 	валежник		вале'жникъ (сухі'я дере'вья и су'чья, упа'вшія на зе'млю), въ вале'жникѣ	 
 	валёк		валёкъ (пло'скій деревя'нный брусо'къ съ ру'чкой для выкола'чиванія бѣлья' при полоска'ніи), валёчекъ	 
 	валенки		ва'ленки (мя'гкая зи'мняя о'бувь съ высо'кимъ голени'щемъ, сва'лянная изъ ше'рсти)	 
 	Валенсия		Вале'нсія	 
 	Валентин		Валенти'нъ, Валенти'на	 
 	Валериан		Валеріа'нъ	 
 	валериана		валеріа'на	 
 	Валерий		Вале'рій, Вале'ріевичъ и Вале'рьевичъ, Вале'ріевна и Вале'рьевна	 
 	Валерия		Вале'рія	 
 	валет		вале'тъ	 
 	валиде		валиде'	 
 	Валленштейн		Валленште'йнъ	 
 	вальдшнеп		ва'льдшнепъ (лѣсно'й кули'къ)	 
 	валькирия		вальки'рія	 
 	вальс		вальсъ, въ ва'льсѣ, въ те'мпѣ ва'льса	 
 	Вальтер		Ва'льтеръ	 
 	Ванечка		Ва'нечка (не Ва'ничка!)	 
 	ванилин		ванили'нъ	 
 	ванна		ва'нна, въ ва'ннѣ, ва'нны (не ва'нныя!), но ва'нныя ко'мнаты	 
 	ванные		ва'нныя ко'мнаты	 
 	вапленный		ва'пленный (кра'шеный), пова'пленный (гробъ пова'пленный — скрыва'ющій вну'треннюю ме'рзость подъ внѣ'шнимъ ло'скомъ)	 
 	варево		ва'рево и ва'риво	 
 	варега		ва'рега (ва'режка)	 
 	варежка		ва'режка, въ ва'режкѣ, ва'режки	 
 	варенец		варене'цъ (ря'женка)	 
 	варение		варе'ніе (дѣйствіе)	 
 	вареник		варе'никъ (пельме'нь съ тво'рогомъ)	 
 	варенуха		варену'ха (алкого'льный напи'токъ)	 
 	варёный		варёный, варёнаго	 
 	варенье		варе'нье (ѣда'), о варе'ньѣ, варе'ньице	 
 	вареньице		варе'ньице	 
 	Варенька		Ва'ренька	 
 	вариант		варіа'нтъ, въ варіа'нтѣ	 
 	вариация		варіа'ція	 
 	Варсонофий		Варсоно'фій	 
 	варфоломеева		варѳоломе'ева ночь	 
 	Варфоломей		Варѳоломе'й	 
 	Васенька		Ва'сенька	 
 	василёк		василёкъ	 
 	василеостровский		васи'лье-остро'вскій	 
 	Василий		Васи'лій, Васи'льевичъ, Васи'льевъ, Ва'сенька	 
 	Васильев		Васи'льевъ	 
 	Васильевич		Васи'льевичъ	 
 	Васильевский		Васи'льевскій (о'стровъ)	 
 	Васнецов		Васнецо'въ	 
 	вата		ва'та, на ва'тѣ	 
 	ватервейс		ватерве'йсъ	 
 	ватерклозет		ватерклозе'тъ, ва'теръ-клозе'тъ (туале'тъ съ канализа'ціей), въ ватерклозе'тѣ	 
 	ватерлиния		ватерли'нія	 
 	ватерпас		ватерпа'съ (строи'тельный у'ровень)	 
 	ватерштаг		ватершта'гъ	 
 	Ватикан		Ватика'нъ	 
 	ватного		ва'тнаго	 
 	ватное		ва'тное	 
 	ватные		ва'тные (м. р.), ва'тныя (ж. р. и ср. р.), ва'тный	 
 	ватрушка		ватру'шка и вотру'шка	 
 	вафельница		ва'фельница	 
 	вафельный		ва'фельный	 
 	вахмистр		ва'хмистръ (ста'ршій у'нтеръ-офице'ръ въ эскадро'нѣ, то же, что фельдфе'бель въ ро'тѣ)	 
 	Вахромей		Вахроме'й	 
 	вахтенный		ва'хтенный	 
 	вахтёр		вахтёръ, о вахтёрѣ	 
 	вахтёрша		вахтёрша	 
 	ваш		вашъ, ва'ше, ва'шего, ва'шему, ва'ши	 
 	вашгерд		ва'шгердъ (золотоизвлека'тельная маши'на)	 
 	Ваше Величество		Ва'ше Вели'чество (титулова'ніе мона'рха и его' супру'ги — Ва'ше, Его', Ея', Ихъ Вели'чество)	 
 	вашего		ва'шего	 
 	вашей		ва'шей	 
 	вашему		ва'шему	 
 	ваятель		вая'тель, о вая'телѣ, вая'телемъ	 
 	ваятельный		вая'тельный, вая'тельнаго	 
 	ваять		вая'ть, вая'ніе (создава'ть скульпту'рныя изображе'нія), вая'етъ, вая'ете, вая'емъ, вая'ешь	 
вб 	вбегать		вбѣга'ть, вбѣга'ніе	^
 	вбежать		вбѣжа'ть	 
 	вбейте		вбе'йте	 
 	вбеле		вбѣлѣ' (на'бѣло, на'чисто), см. ткж. вчернѣ', вкраснѣ'	 
 	вблизи		вблизи', но въ сравни'тельной бли'зи	 
 	в бозе		въ Бо'зѣ почи'ть (цeрк. умере'ть ми'рно, вѣ'руя, отда'ть свою' ду'шу Бо'гу)	 
 	вбрести		вбрести', вбрёлъ	 
 	вброд		въ бро'дъ (переправля'ться по дну рѣки', о'зера въ ме'лкомъ мѣ'стѣ)	 
вв 	ввалиться		ввали'ться	^
 	вваленный		вва'ленный	 
 	введение		введе'ніе, Введе'ніе во храмъ	 
 	введённый		введённый, введённаго	 
 	Введенский		Введе'нскій	 
 	введите		введи'те	 
 	введу		введу (отъ ввёлъ, не пу'тать съ ввиду'), введёшь, введя'	 
 	ввезённый		ввезённый, ввезённаго	 
 	ввезти		ввезти', вве'зть	 
 	ввек		ввѣ'къ, но въ тотъ вѣ'къ	 
 	ввёл		ввёлъ	 
 	ввергать		вверга'ть	 
 	ввергнуть		вве'ргнуть, вверже'ніе	 
 	вверенный		ввѣ'ренный, ввѣ'реннаго	 
 	ввержение		вверже'ніе	 
 	вверить		ввѣ'рить	 
 	ввёрнут		ввёрнутъ	 
 	ввернуть		вверну'ть	 
 	ввертеть		ввертѣ'ть	 
 	вверх		вве'рхъ, вверху'	 
 	вверять		ввѣря'ть, ввѣря'ется, ввѣре'ніе	 
 	ввести		ввести' и вве'сть, введёнъ	 
 	ввечеру		ввечеру'	 
 	в виде		въ лу'чшемъ ви'дѣ	 
 	в виду		въ виду' (имѣ'ть въ виду', въ виду' бе'рега), но ввиду' (ввиду' того', что...)	 
 	ввиду		ввиду' (ввиду' того', что...), но въ виду' (имѣ'ть въ виду', въ виду' бе'рега)	 
 	ввинченный		вви'нченный	 
 	ввоз		ввозъ	 
 	вволю		вво'лю	 
 	вволю		въ во'лю	 
 	ввосьмером		ввосьмеро'мъ	 
 	ввязаться		ввяза'ться	 
вг 	вглубь		вглу'бь, но въ глу'бь мо'ря	^
 	вгляделся		вглядѣ'лся	 
 	вглядеться		вглядѣ'ться	 
 	в городе		въ го'родѣ	 
вд 	вдавлен		вда'вленъ	^
 	вдавне		вда'внѣ	 
 	вдаётся		вдаётся	 
 	вдалеке		вдалекѣ' (вдалекѣ' слы'шенъ громъ), но въ прекра'сномъ далекѣ'	 
 	вдали		вдали', но въ дали' голубо'й	 
 	вдаль		вда'ль, но въ да'ль тума'нную	 
 	вдвое		вдво'е и въ дво'е	 
 	вдвоём		вдвоёмъ	 
 	вдвойне		вдвойнѣ' и въ двойнѣ'	 
 	вдевать		вдѣва'ть, вдѣ'тое, вдѣ'ть	 
 	вдевятеро		вде'вятеро, вдевятеро'мъ	 
 	вдёжка		вдѣ'жка	 
 	вделать		вдѣ'лать, вдѣ'ланный	 
 	вдёрнуть		вдёрнуть	 
 	вдесятеро		вде'сятеро, вдесятеро'мъ	 
 	вдеть		вдѣ'ть, вдѣ'тое, вдѣва'ть	 
 	вдобавок		вдоба'вокъ	 
 	вдоветь		вдовѣ'ть	 
 	вдовец		вдове'цъ, о вдовцѣ', вдовѣ'ть	 
 	вдоволь		вдо'воль	 
 	вдогонку		вдого'нку, вдого'нъ	 
 	вдоль		вдоль	 
 	вдохнёт		вдохнётъ	 
 	вдохнёшь		вдохнёшь	 
 	вдохновение		вдохнове'ніе	 
 	вдохновенно		вдохнове'нно	 
 	вдохновенный		вдохнове'нный, вдохнове'ннаго	 
 	вдребезги		вдре'безги и въ дре'безги	 
 	вдруг		вдру'гъ	 
 	вдругорядь		вдругоря'дь, вдругоре'дь (въ друго'й разъ, втори'чно)	 
 	вдуваемый		вдува'емый	 
 	вдыхаемый		вдыха'емый	 
ве 	вегетарианец		вегетаріа'нецъ, вегетаріа'нцемъ	^
 	вегетация		вегета'ція (ро'стъ и разви'тіе расте'ній)	 
 	веда		ве'да, ве'ды (сбо'рники, содержа'щіе догма'ты веди'зма, религіо'зныя заклина'нія, ги'мны, ми'ѳы)	 
 	ведаешь		вѣ'даешь, вѣ'даемъ, вѣ'даетъ, вѣ'даютъ	 
 	ведать		вѣ'дать	 
 	ведающий		вѣ'дающій, вѣ'дающаго	 
 	ведём		ведёмъ	 
 	ведёмся		ведёмся	 
 	ведение		вѣ'дѣніе, свѣ'дѣніе (отъ вѣ'дѣти — знать)	 
 	ведение		веде'ніе, сведе'ніе (отъ вести')	 
 	вёдер		вёдеръ	 
 	ведёрко		ведёрко, ведёрочко	 
 	ведёрный		ведёрный, трёхведёрный, полуведёрный и т. п.	 
 	ведёт		ведётъ, ведёмъ, ведёшь, веду'тъ	 
 	ведёте		ведёте	 
 	ведётесь		ведётесь	 
 	ведёшься		ведёшься, ведёмся, ведётся, веду'тся	 
 	веди		В — вѣ'ди — тре'тья бу'ква ру'сской а'збуки	 
 	веди		веди' (отъ вести')	 
 	ведите		веди'те (отъ вести')	 
 	ведизм		веди'змъ (древнѣ'йшая рели'гія въ Сѣ'верной И'ндіи), въ веди'змѣ	 
 	ведийский		веді'йскій, веді'йскаго	 
 	ведический		веди'ческій (относя'щійся къ веди'зму)	 
 	ведомый		вѣ'домый (зна'ющій), но ведо'мый (тотъ, кото'раго веду'тъ)	 
 	ведомости		вѣ'домости, вѣдомосте'й и вѣ'домостей	 
 	ведомость		вѣ'домость	 
 	ведомство		вѣ'домство	 
 	вёдра		вёдра	 
 	ведренный		ве'дряный, ве'дреный	 
 	ведренеть		ведренѣ'ть, ведренѣ'етъ	 
 	ведро		ведро' (посу'да), вёдра, вёдеръ, въ ведрѣ'	 
 	вёдро		вёдро (хоро'шая пого'да), ве'дреный	 
 	веду		веду' (отъ вести'), веду'сь	 
 	ведут		веду'тъ (отъ вести'), веду'тся	 
 	ведун		вѣду'нъ (зна'харь, колду'нъ), вѣщу'нъ	 
 	ведунья		вѣду'нья (зна'харка, колду'нья), вѣщу'нья	 
 	ведущему		вѣ'дущему (отъ вѣ'дать, зна'ть), но веду'щему (отъ вести')	 
 	ведущие		вѣ'дущіе (м. р.), вѣ'дущія (ж. р. и ср. р.) — отъ вѣ'дать, зна'ть	 
 	ведущие		веду'щіе (м. р.), веду'щія (ж. р. и ср. р.) — отъ вести'	 
 	ведущий		вѣ'дущій (отъ вѣ'дать, зна'ть), но веду'щій (отъ вести')	 
 	ведь		вѣдь	 
 	ведьма		вѣ'дьма, къ вѣ'дьмѣ	 
 	ведьмак		вѣ'дьмакъ	 
 	ведьме		вѣ'дьмѣ	 
 	ведьмины		вѣ'дьмины	 
 	ведьмовской		вѣдьмовско'й, вѣдьмовско'го	 
 	веды		ве'ды (па'мятники дре'вне-инді'йской литерату'ры — сбо'рники, содержа'щіе догма'ты веди'зма, религіо'зные ги'мны, заклина'нія, ми'ѳы)	 
 	веер		вѣ'еръ	 
 	веет		вѣ'етъ, вѣ'ешь	 
 	вежа		вѣжа (ба'шня, дозо'рная вы'шка; шатёръ, киби'тка кочевы'хъ наро'довъ)	 
 	вежды		вѣ'жды (вѣ'ки) — уcтap.	 
 	вежлив		вѣ'жливъ, вѣ'жлива, вѣ'жливы	 
 	вежливее		вѣ'жливѣе	 
 	вежливо		вѣ'жливо, вѣ'жливый	 
 	вежливого		вѣ'жливаго	 
 	вежливое		вѣ'жливое	 
 	вежливость		вѣ'жливость	 
 	вежливые		вѣ'жливые (м. р.), вѣ'жливыя (ж. р. и ср. р.)	 
 	вежливый		вѣ'жливый, вѣ'жливаго	 
 	вёз		вёзъ	 
 	везде		вездѣ'	 
 	вездесущий		вездѣсу'щій	 
 	везём		везёмъ	 
 	везение		везе'ніе	 
 	везёт		везётъ	 
 	везти		везти', везть, везу', вёзъ	 
 	Везувий		Везу'вій	 
 	везучего		везу'чаго	 
 	везучие		везу'чіе (м. р.), везу'чія (ж. р. и ср. р.)	 
 	везучий		везу'чій, везу'чаго	 
 	вёзший		вёзшій	 
 	вейка		вѣ'йка, вѣекъ (вѣ'ялка)	 
 	Вейт		Ве'йтъ (о'стровъ)	 
 	век		вѣкъ, въ XX вѣ'кѣ, въ ко'и-то вѣ'ки, во вѣ'ки вѣко'въ, на вѣ'ки вѣ'чные	 
 	века		вѣка' (столѣ'тія), въ XX вѣка'хъ	 
 	века		вѣ'ка (въ складкѣ' вѣ'ка)	 
 	веки		вѣ'ки (скла'дки ко'жи, прикрыва'ющія глазны'я я'блоки), но во вѣ'ки вѣко'въ (навсегда')	 
 	веко		вѣ'ко (скла'дка ко'жи, прикрыва'ющая глазно'е я'блоко), на вѣ'кѣ	 
 	вековать		вѣкова'ть (вѣкъ вѣкова'ть — проводи'ть всю жи'знь, прожива'ть свой вѣкъ въ одно'мъ и томъ же положе'ніи, въ одни'хъ и тѣхъ же усло'віяхъ)	 
 	вековечный		вѣковѣ'чный (многовѣково'й)	 
 	векового		вѣково'го	 
 	вековое		вѣково'е	 
 	вековой		вѣково'й (да'вній, многолѣ'тній), вѣково'го	 
 	вековые		вѣковы'е (м. р.), вѣковы'я (ж. р. и ср. р.)	 
 	вексель		ве'ксель (долгово'й докуме'нтъ), ве'кселя, мн. векселя', векселе'й	 
 	вектор		ве'кторъ	 
 	векша		ве'кша (бѣ'лка)	 
 	вёл		вёлъ	 
 	вела		вела' (отъ вести')	 
 	велелепие		велелѣ'піе	 
 	веленевая		веле'невая (высокосо'ртная пло'тная и глянцови'тая бума'га), веле'нь, веле'невый переплётъ	 
 	веление		велѣ'ніе	 
 	велено		ве'лѣно	 
 	велень		веле'нь (высокосо'ртная пло'тная и глянцови'тая бума'га), веле'невый переплётъ	 
 	велеречивый		велерѣчи'вый (напы'щенный, высокопа'рный), велерѣ'чіе	 
 	Велес		Ве'лесъ или Во'лосъ (божество' дре'внихъ славя'нъ, покрови'тельствовавшее стада'мъ)	 
 	велеть		велѣ'ть, велѣ'ніе, ве'лѣно, вели'	 
 	вели		вели' (отъ вести' и отъ велѣ'ть)	 
 	Велиж		Ве'лижъ	 
 	велий		ве'лій (вели'кій) — уcтap., ве'ляя, ве'лее; мн. ве'ліи, ве'ліе (м. р.), ве'лія (ж. р. и ср. р.), ве'ліимъ, ве'ліими, ве'ліихъ	 
 	велик		вели'къ (отъ вели'кій)	 
 	великан		велика'нъ	 
 	великие		вели'кіе (м. р.), вели'кія (ж. р. и ср. р.)	 
 	Великие Луки		Вели'кія-Лу'ки	 
 	великий		вели'кій, вели'каго	 
 	Великий Устюг		Вели'кій-Устю'гъ	 
 	Великобритания		Великобрита'нія	 
 	великовозрастный		великово'зрастный	 
 	великого		вели'каго	 
 	великодержавный		великодержа'вный	 
 	великодушие		великоду'шіе	 
 	великодушный		великоду'шный, великоду'шнаго	 
 	великое		вели'кое, вели'каго	 
 	великокняжеский		великокня'жескій	 
 	великолепен		великолѣ'пенъ, великолѣ'пна, великолѣ'пная, великолѣ'пны	 
 	великолепие		великолѣ'піе	 
 	великолепно		великолѣ'пно	 
 	великолепного		великолѣ'пнаго	 
 	великолепное		великолѣ'пное	 
 	великолепные		великолѣ'пные (м. р.), великолѣ'пныя (ж. р. и ср. р.)	 
 	великолепный		великолѣ'пный, великолѣ'пнѣйшій, великолѣ'пнаго	 
 	великомученик		великому'ченикъ	 
 	великонек		вели'конекъ, велико'хонекъ, велико'шенекъ	 
 	великопоместный		великопомѣ'стный	 
 	великопостный		великопо'стный	 
 	Великороссия		Великоро'ссія	 
 	великорусский		великору'сскій, вели'ко-ру'сскій, великору'сскаго	 
 	великосветский		великосвѣ'тскій	 
 	величаво		велича'во	 
 	величавость		велича'вость	 
 	величавый		велича'вый	 
 	величайшее		велича'йшее	 
 	величайшему		велича'йшему	 
 	величайшие		велича'йшіе (м. р.), велича'йшія (ж. р. и ср. р.)	 
 	величайший		велича'йшій	 
 	величальный		вели'чальный (обря'дъ)	 
 	величание		велича'ніе	 
 	величать		велича'ть	 
 	величаться		велича'ться	 
 	величествен		вели'чественъ и вели'чествененъ, вели'чественна, вели'чественно, вели'чественны	 
 	величественен		вели'чествененъ и вели'чественъ, вели'чественна, вели'чественно, вели'чественны	 
 	величественно		вели'чественно	 
 	величественного		вели'чественнаго	 
 	величественное		вели'чественное	 
 	величественность		вели'чественность, вели'чественности, вели'чественностью	 
 	величественные		вели'чественные (м. р.), вели'чественныя (ж. р. и ср. р.)	 
 	величественный		вели'чественный, вели'чественнаго	 
 	величество		вели'чество (титулова'ніе мона'рха и его' супру'ги — Ва'ше, Его', Ея', Ихъ Вели'чество)	 
 	величие		вели'чіе	 
 	величина		величина', по величинѣ'	 
 	вело		вело' (отъ вести')	 
 	велосипед		велосипе'дъ, на велосипе'дѣ; самока'тъ; бицикле'тъ и бицикле'ттъ (двухколёсный); кри'пперъ (трёхколёсный); соціабль — поса'дка на трёхколёсномъ въ рядъ, танде'мъ — поса'дка гусько'мъ	 
 	велосипедист		велосипеди'стъ, велосипеди'стка, велосипеди'сточка	 
 	вёлся		вёлся	 
 	вельбот		вельбо'тъ (быстрохо'дная морска'я шлю'пка)	 
 	вельвет		вельве'тъ (тка'нь съ густы'мъ коро'ткимъ во'рсомъ, образу'ющимъ ру'бчики)	 
 	Вельзевул		Вельзеву'лъ	 
 	вельми		вельми' (о'чень, весьма') — уcтap.	 
 	вельможа		вельмо'жа, о вельмо'жѣ, вельмо'жей	 
 	Вельск		Ве'льскъ, въ Ве'льскѣ	 
 	Вельтман		Ве'льтманъ	 
 	Вена		Вѣ'на (го'родъ), въ Вѣ'нѣ	 
 	вена		ве'на (кровяна'я жи'ла), въ ве'нѣ, вено'зный	 
 	венгерский		венге'рскій	 
 	Венгрия		Ве'нгрія	 
 	вендетта		венде'тта (обы'чай кро'вной ме'сти на острова'хъ Ко'рсика и Сарди'нія въ Ита'ліи)	 
 	вендидад		вендида'дъ (дре'вне-перси'дскіе зако'ны о ритуа'льной чистотѣ')	 
 	венды		ве'нды, вене'ды (пле'мя дре'внихъ славя'нъ)	 
 	Венедикт		Венеди'ктъ	 
 	венеды		ве'неды, ве'нды (пле'мя дре'внихъ славя'нъ)	 
 	Венера		Вене'ра, о Вене'рѣ	 
 	венерический		венери'ческій	 
 	Венесуэла		Венецуэ'ла	 
 	венец		вѣне'цъ (терно'вый вѣне'цъ), въ вѣнцѣ', вѣнцо'въ	 
 	венец		вѣ'нецъ (жи'тель Вѣ'ны), вѣ'нцевъ	 
 	венецианский		венеціа'нскій	 
 	Венеция		Вене'ція	 
 	венечный		вѣне'чный, вѣне'чнаго	 
 	вензель		ве'нзель (переплетённыя ме'жду собо'й бу'квы)	 
 	вензелёк		вензелёкъ	 
 	Вениамин		Веніами'нъ	 
 	веник		вѣ'никъ	 
 	Веннер		Ве'ннеръ	 
 	вено		вѣ'но (вы'купъ)	 
 	венок		вѣно'къ, въ вѣнкѣ'	 
 	вента		вента (постоя'лый дво'ръ въ Испа'ніи)	 
 	вентиль		ве'нтиль	 
 	вентилятор		вентиля'торъ	 
 	Венцеслав		Венцесла'въ	 
 	венчальный		вѣнча'льный	 
 	венчание		вѣнча'ніе	 
 	венчанный		вѣ'нчанный	 
 	венчать		вѣнча'ть	 
 	венчик		вѣ'нчикъ	 
 	вепрь		ве'прь (ди'кая свинья', каба'нъ), ве'премъ, о ве'прѣ, ве'превый	 
 	вера		вѣ'ра, о вѣ'рѣ	 
 	Вера		Вѣ'ра (и'мя)	 
 	веранда		вера'нда	 
 	верба		ве'рба, на ве'рбѣ	 
 	вербальный		верба'льный, верба'льнаго	 
 	вербена		вербе'на	 
 	верблюд		верблю'дъ	 
 	вербовка		вербо'вка	 
 	вервие		ве'рвіе, вервь (осо'бая церко'вная верёвка для опоя'сыванія престо'ла)	 
 	вервь		ве'рвь, ве'рвіе	 
 	вердикт		верди'ктъ	 
 	верёвка		верёвка, на верёвкѣ	 
 	верёвочка		верёвочка, на верёвочкѣ	 
 	веред		ве'редъ (гно'йный нары'въ, чи'рей), вереди'ть	 
 	верезг		ве'резгъ (пронзи'тельный пискъ, визгъ)	 
 	верезжать		верезжа'ть (пронзи'тельно пища'ть, визжа'ть)	 
 	верейский		вере'йскій	 
 	верен		вѣ'ренъ	 
 	вереница		верени'ца, верени'цей	 
 	вереск		ве'рескъ, въ ве'рескѣ	 
 	вересковые		ве'ресковые (м. р.), ве'ресковыя (ж. р. и ср. р.)	 
 	веретёна		веретёна	 
 	веретеница		верете'ница (родъ я'щерицы)	 
 	веретённое		веретённое (ма'сло)	 
 	веретено		веретено', мн. веретёна, веретёнце	 
 	веретье		вере'тье, веретьё, вретьё, рядно' (гру'бая ткань изъ очёсковъ льна и'ли конопли'; одежда — вре'тище, вере'тище)	 
 	верешок		верешо'къ (черепо'къ, оско'локъ, обло'мокъ, ще'пка)	 
 	верещага		вереща'га	 
 	верещать		вереща'ть	 
 	верея		верея', вере'йка (у'зенькая ло'дочка)	 
 	верзила		верзи'ла	 
 	вериги		вери'ги (желѣ'зныя цѣ'пи, око'вы носи'мыя на тѣ'ле религіо'зными фана'тиками съ цѣ'лью самоистяза'нія)	 
 	верилось		вѣ'рилось	 
 	верим		вѣ'римъ	 
 	верит		вѣ'ритъ	 
 	верите		вѣ'рите	 
 	веритель		вѣри'тель	 
 	верительные		вѣри'тельные (м. р.), вѣри'тельныя (ж. р. и ср. р.)	 
 	верится		вѣ'рится	 
 	верить		вѣ'рить	 
 	вериться		вѣ'риться	 
 	верификация		верифика'ція	 
 	верифицировать		верифици'ровать	 
 	веришь		вѣ'ришь	 
 	вермель		ве'рмель	 
 	вермишель		вермише'ль	 
 	вермут		ве'рмутъ	 
 	верна		вѣрна'	 
 	верная		вѣ'рная, вѣ'рную, вѣ'рной	 
 	вернее		вѣрнѣ'е	 
 	вернейший		вѣрнѣ'йшій	 
 	вернёт		вернётъ, вернёмъ, вернёшь	 
 	вернёте		вернёте	 
 	вернётесь		вернётесь	 
 	вернётся		вернётся, вернёмся, вернёшься	 
 	вернисаж		верниса'жъ (торже'ственное откры'тіе худо'жественной вы'ставки), на верниса'жѣ	 
 	вернись		верни'сь	 
 	верните		верни'те	 
 	вернитесь		верни'тесь	 
 	верно		вѣ'рно	 
 	верного		вѣ'рнаго	 
 	верное		вѣ'рное	 
 	верноподданнейше		вѣрнопо'дданнѣйше	 
 	верноподданнейший		вѣрнопо'дданнѣйшій, вѣрнопо'дданнѣйшаго	 
 	верноподданнические		вѣрнопо'дданническіе (м. р.), вѣрнопо'дданническія (ж. р. и ср. р.)	 
 	верноподданнический		вѣрнопо'дданническій, вѣрнопо'дданническаго	 
 	верноподданничество		вѣрнопо'дданничество, въ вѣрнопо'дданничествѣ	 
 	верноподданность		вѣрнопо'дданность	 
 	верноподданные		вѣрнопо'дданные (м. р.), вѣрнопо'дданныя (ж. р. и ср. р.)	 
 	верноподданный		вѣрнопо'дданный, вѣрнопо'дданнаго	 
 	верноподданство		вѣрнопо'дданство, въ вѣрнопо'дданствѣ	 
 	верность		вѣ'рность	 
 	верну		верну'	 
 	вернул		верну'лъ, верну'ла, верну'ли	 
 	вернулась		верну'лась	 
 	вернулись		верну'лись	 
 	вернулся		верну'лся	 
 	вернусь		верну'сь	 
 	вернуть		верну'ть	 
 	вернуться		верну'ться	 
 	верньер		вернье'ръ	 
 	верны		вѣрны'	 
 	верные		вѣ'рные (м. р.), вѣ'рныя (ж. р. и ср. р.)	 
 	верный		вѣ'рный, вѣ'рнаго	 
 	верования		вѣ'рованія, вѣ'рованіе, вѣ'рованій	 
 	веровать		вѣ'ровать, вѣ'рую, вѣ'руетъ, вѣ'руемъ, вѣ'руешь, вѣ'руютъ	 
 	вероисповедальный		вѣроисповѣда'льный	 
 	вероисповедание		вѣроисповѣ'даніе	 
 	вероломец		вѣроло'мецъ	 
 	вероломный		вѣроло'мный, вѣроло'мнаго	 
 	вероломство		вѣроло'мство	 
 	Верона		Веро'на	 
 	веронал		верона'лъ (лѣка'рство)	 
 	вероника		верони'ка (расте'ніе)	 
 	Вероника		Верони'ка, Во'лосы Верони'ки (созвѣ'здіе)	 
 	вероятие		вѣроя'тіе (по всѣ'мъ вѣроя'тіямъ)	 
 	вероятно		вѣроя'тно, вѣроя'тное	 
 	вероятное		вѣроя'тное	 
 	вероятность		вѣроя'тность, тео'рія вѣроя'тности	 
 	Веррес		Верре'съ	 
 	Верро		Ве'рро	 
 	Версаль		Верса'ль	 
 	версификация		версифика'ція	 
 	версия		ве'рсія	 
 	верста		верста', вёрсты, на пя'той верстѣ'	 
 	верстак		верста'къ	 
 	верстальщик		верста'льщикъ	 
 	верстать		верста'ть	 
 	вёрстка		вёрстка	 
 	вёрсты		вёрсты, верста'	 
 	вертел		ве'ртелъ (большой шампу'ръ), на вертелѣ'	 
 	вертел		вертѣ'лъ (повора'чивалъ)	 
 	вертеп		верте'пъ (прито'нъ; ку'кольный теа'тръ въ ви'дѣ двухъя'руснаго я'щика съ маріоне'тками)	 
 	вертеть		вертѣ'ть	 
 	вертикаль		вертика'ль	 
 	вертикальное		вертика'льное	 
 	вертикальные		вертика'льные (м. р.), вертика'льныя (ж. р. и ср. р.)	 
 	вертикальный		вертика'льный, вертика'льнаго	 
 	Вертинский		Верти'нскій, Верти'нскаго	 
 	вёрткий		вёрткій	 
 	вертлуг		вертлу'гъ (оди'нъ изъ чле'никовъ ногъ насѣко'мыхъ)	 
 	вертлюг		вертлю'гъ (соедини'тельное шарни'рное звено')	 
 	вертлявый		вертля'вый, вертля'ваго	 
 	вертоград		вертогра'дъ (садъ, виногра'дникъ)	 
 	вертопрах		вертопра'хъ (вѣ'треный человѣ'къ)	 
 	Вертумн		Верту'мнъ	 
 	веруем		вѣ'руемъ	 
 	верует		вѣ'руетъ	 
 	веруете		вѣ'руете	 
 	веруешь		вѣ'руешь	 
 	верую		вѣ'рую, вѣ'руютъ	 
 	веруют		вѣ'руютъ	 
 	верующие		вѣ'рующіе (м. р.), вѣ'рующія (ж. р. и ср. р.)	 
 	верующий		вѣ'рующій, вѣ'рующихъ, вѣ'рующаго	 
 	верфь		ве'рфь, ве'рфей	 
 	верх		ве'рхъ, ве'рха; на ве'рхъ до'ма, по ве'рху горы', о ве'рхѣ, на верху' до'ма; нарѣч. до'верху, наве'рхъ, по'верху; верхи', верхо'въ и верха', верхо'въ (при обозначе'ніи ве'рхней ча'сти о'буви, ша'покъ, экипа'жей); хвата'ть верхи'; скользи'ть по верха'мъ	 
 	верхнего		ве'рхняго	 
 	Верхнеднепровск		Верхнеднѣпро'вскъ	 
 	верхнее		ве'рхнее	 
 	Верхнее		Ве'рхнее (о'зеро)	 
 	Верхнеуральск		Верхнеура'льскъ	 
 	верхние		ве'рхніе (м. р.), ве'рхнія (ж. р. и ср. р.)	 
 	верхний		ве'рхній, ве'рхняго	 
 	верхним		ве'рхнимъ	 
 	верхних		ве'рхнихъ	 
 	верховая		верхова'я ѣзда'	 
 	верховный		верхо'вный, верхо'внаго	 
 	верховод		верхово'дъ (заводи'ла), верхово'децъ	 
 	верховой		верхово'й, верхово'го	 
 	верховье		верхо'вье, мн. р. п. верхо'вьевъ и верхо'вій, въ верхо'вьяхъ	 
 	верховые		верховы'е (сущ. вса'дники)	 
 	верховые		верховы'е (м. р.), верховы'я (ж. р. и ср. р.)	 
 	верхом		верхо'мъ (на ло'шади), ве'рхомъ (пове'рхъ), съ ве'рхомъ (вы'ше краёвъ)	 
 	Верхотурье		Верхоту'рье	 
 	Верхоянск		Верхоя'нскъ	 
 	верхушка		верху'шка, верху'шечка, на верху'шкѣ	 
 	верченный		ве'рченный (пpич.), ве'рченъ	 
 	верченый		ве'рченый (пpил.)	 
 	верша		ве'рша (рыболо'вная сна'сть въ ви'дѣ корзи'ны кони'ческой фо'рмы)	 
 	вершать		верша'ть	 
 	вершина		верши'на, на верши'нѣ	 
 	вершитель		верши'тель, верши'тельница	 
 	вершить		верши'ть	 
 	вершник		ве'ршникъ (распоряди'тель на сва'дьбѣ)	 
 	вершок		вершо'къ, вершо'чекъ	 
 	верь		вѣрь	 
 	верьте		вѣ'рьте	 
 	верю		вѣ'рю	 
 	веря		вѣ'ря	 
 	верят		вѣ'рятъ	 
 	верящие		вѣ'рящіе (м. р.), вѣ'рящія (ж. р. и ср. р.)	 
 	верящий		вѣ'рящій, вѣ'рящаго	 
 	вес		вѣсъ, въ тяжёломъ вѣ'сѣ	 
 	весел		ве'селъ (отъ весе'лье)	 
 	вёсел		вёселъ (отъ весло')	 
 	веселее		веселѣ'е	 
 	веселей		веселѣ'й	 
 	веселиться		весели'ться	 
 	весело		ве'село	 
 	весёлого		весёлаго	 
 	весёлое		весёлое	 
 	веселье		весе'лье, весе'ліе, весели'ться	 
 	вёсельный		вёсельный	 
 	весёлые		весёлые (м. р.), весёлыя (ж. р. и ср. р.)	 
 	весёлый		весёлый, весёлаго	 
 	вёсен		вёсенъ	 
 	весеннего		весе'нняго	 
 	весеннее		весе'ннее	 
 	весенние		весе'нніе (м. р.), весе'ннія (ж. р. и ср. р.)	 
 	весенний		весе'нній, ве'шній	 
 	весить		вѣ'сить	 
 	веские		вѣ'скіе (м. р.), вѣ'скія (ж. р. и ср. р.)	 
 	веский		вѣ'скій, вѣ'скаго	 
 	веско		вѣ'ско	 
 	веского		вѣ'скаго	 
 	веское		вѣ'ское	 
 	вёсла		вёсла	 
 	веслецо		весле'цо	 
 	весло		весло', вёселъ	 
 	весна		весна', по веснѣ', (семна'дцать мгнове'ній весны')	 
 	вёснами		вёснами	 
 	весничка		весни'чка	 
 	весной		весно'й, весно'ю	 
 	весною		весно'ю, весно'й	 
 	весну		весну'	 
 	веснушечка		весну'шечка	 
 	веснушка		весну'шка	 
 	веснушчатый		весну'щатый	 
 	вёсны		вёсны, но до весны', (семна'дцать мгнове'ній весны')	 
 	веснянка		весня'нка	 
 	весовая		вѣсова'я	 
 	весовой		вѣсово'й, вѣсово'го	 
 	весовые		вѣсовы'е (м. р.), вѣсовы'я (ж. р. и ср. р.)	 
 	весомее		вѣсо'мѣе	 
 	весомое		вѣсо'мое	 
 	весомость		вѣсо'мость	 
 	весомые		вѣсо'мые (м. р.), вѣсо'мыя (ж. р. и ср. р.)	 
 	весомый		вѣсо'мый, вѣсо'маго	 
 	Веспасиан		Веспасіа'нъ	 
 	Веспер		Ве'сперъ	 
 	Веста		Ве'ста	 
 	весталка		веста'лка (жри'ца, да'вшая обѣ'тъ цѣлому'дрія; храни'тельница огня' въ хра'мѣ)	 
 	вестей		вѣ'стей	 
 	вести		вѣ'сти (мн. ч. отъ вѣ'сть), но вести' (отъ ведётъ)	 
 	вести		вести', веду', вёлъ, но вѣ'сти (мн. ч. отъ вѣ'сть)	 
 	вестибулярный		вестибуля'рный, вестибуля'рнаго	 
 	вестибюль		вестибю'ль, въ вестибю'лѣ	 
 	вестимо		вѣсти'мо (коне'чно, разумѣ'ется) — уcтap.	 
 	Вест-Индия		Вестъ-И'ндія	 
 	вестись		вести'сь, вести'ся	 
 	Вестманландия		Вестманла'ндія	 
 	Вестминстер		Вестми'нстеръ	 
 	вестник		вѣ'стникъ, въ вѣ'стникѣ, о вѣ'стникѣ	 
 	вестовой		вѣстово'й (солда'тъ, выполня'ющій служе'бныя поруче'нія офице'ровъ), вѣстовы'е, вѣстово'го	 
 	Вестфалия		Вестфа'лія	 
 	весть		вѣ'сть, вѣ'сточка, вѣ'стей	 
 	весть		ве'сть (уcтаp. отъ вести')	 
 	Вест-Энд		Вестэ'ндъ	 
 	весы		вѣсы', на вѣса'хъ	 
 	весь		ве'сь (дере'вня, село'), города' и ве'си, ве'сямъ, ве'сей	 
 	весь		ве'сь (въ по'лномъ объёмѣ, цѣлико'мъ), во ве'сь опо'ръ	 
 	Весьегонск		Весьего'нскъ	 
 	весьма		весьма' (о'чень, премно'го)	 
 	ветвей		вѣтве'й	 
 	ветвистый		вѣтви'стый	 
 	ветвь		вѣтвь, вѣ'тка, на вѣ'ткѣ	 
 	ветер		вѣ'теръ, вѣтеро'къ	 
 	ветеран		ветера'нъ, о ветера'нѣ	 
 	ветеринар		ветерина'ръ	 
 	ветерок		вѣтеро'къ, на вѣтеркѣ', съ вѣтерко'мъ	 
 	ветка		вѣ'тка, на вѣ'ткѣ	 
 	ветла		ветла', вётелъ, вётлы, ветло'вая ро'ща	 
 	Ветлуга		Ветлу'га	 
 	вётлы		вётлы	 
 	вето		ве'то (запре'тъ)	 
 	ветошь		ве'тошь	 
 	ветр		вѣ'тръ, вѣ'тры, вѣтра'хъ	 
 	ветрах		на семи' вѣтра'хъ	 
 	ветренеть		вѣ'тренѣть	 
 	ветреник		вѣ'треникъ	 
 	ветреница		вѣ'треница	 
 	ветреничать		вѣ'треничать	 
 	ветрено		вѣ'трено	 
 	ветреность		вѣ'треность	 
 	ветреный		вѣ'треный (день, человѣ'къ), но безвѣ'тренный (день), маловѣ'треный (человѣ'къ)	 
 	ветрило		вѣтри'ло	 
 	Ветрина		Вѣ'трина	 
 	ветрище		вѣтри'ще, вѣтрю'га, вѣтря'га	 
 	ветров		вѣтро'въ	 
 	ветру		по вѣ'тру, до' вѣтру	 
 	ветры		вѣ'тры	 
 	ветряная		вѣтряна'я (ме'льница)	 
 	Веттер		Ве'ттеръ	 
 	ветхого		ве'тхаго	 
 	ветхое		ве'тхое	 
 	ветхие		ве'тхіе (м. р.), ве'тхія (ж. р. и ср. р.)	 
 	ветхий		ве'тхій, ве'тхаго	 
 	ветхозаветный		ветхозавѣ'тный	 
 	ветчина		ветчина', вядчина'	 
 	ветшать		ветша'ть	 
 	веха		вѣ'ха	 
 	вече		вѣ'че (наро'дное собра'ніе въ Дре'вней Руси')	 
 	вечевой		вѣчево'й	 
 	вечер		ве'черъ (вре'мя су'токъ), вече'рній, вечера', вечеро'въ	 
 	вечер		ве'черъ (пра'зднованіе), на зва'номъ ве'черѣ, вечера', вечеро'въ	 
 	вечереет		вечерѣ'етъ	 
 	вечерело		вечерѣ'ло	 
 	вечереть		вечерѣ'ть	 
 	вечеринка		вечери'нка, на вечери'нкѣ	 
 	вечерком		вечерко'мъ	 
 	вечернего		вече'рняго	 
 	вечернее		вече'рнее (пла'тье)	 
 	вечерние		вече'рніе (м. р.), вече'рнія (ж. р. и ср. р.)	 
 	вечерний		вече'рній, вече'рняго	 
 	вечерня		вече'рня (церко'вная слу'жба, соверша'емая по'слѣ полу'дня)	 
 	вечеря		ве'черя (вече'рній пріёмъ пи'щи; у'жинъ), на ве'черѣ	 
 	вечерять		вечеря'ть (у'жинать)	 
 	вечная		вѣ'чная	 
 	вечно		вѣ'чно, вѣ'чный, вѣ'ченъ	 
 	вечного		вѣ'чнаго	 
 	вечное		вѣ'чное	 
 	вечнозелёный		вѣчнозелёный	 
 	вечность		вѣ'чность	 
 	вечные		вѣ'чные (м. р.), вѣ'чныя (ж. р. и ср. р.)	 
 	вечный		вѣ'чный, вѣ'чнаго	 
 	вечор		вечо'ръ (вчера' ве'черомъ)	 
 	вешалка		вѣ'шалка, на вѣ'шалкѣ	 
 	вешать		вѣ'шать	 
 	вёшенка		вёшенка (грибъ)	 
 	вешить		вѣши'ть (разставля'ть вѣ'хи)	 
 	вёшка		вѣ'шка	 
 	вешнего		ве'шняго	 
 	вешнее		ве'шнее	 
 	вешние		ве'шніе (м. р.), ве'шнія (ж. р. и ср. р.)	 
 	вешний		ве'шній, ве'шняго	 
 	вещает		вѣща'етъ, вѣща'емъ, вѣща'ешь, вѣща'ютъ	 
 	вещание		вѣща'ніе, вѣща'ніемъ	 
 	вещать		вѣща'ть	 
 	вещевой		вещево'й, вещево'го	 
 	вещей		веще'й, веща'ми, о веща'хъ	 
 	вещественный		веще'ственный, веще'ственнаго	 
 	вещество		вещество', въ веществѣ'	 
 	вещий		вѣ'щій (умудрённый о'пытомъ, зна'ющій, му'дрый)	 
 	вещица		вещи'ца, о вещи'цѣ	 
 	вещун		вѣщу'нъ (предвѣ'стникъ, зна'харь, колду'нъ), вѣду'нъ	 
 	вещунья		вѣщу'нья (предвѣ'стница, зна'харка, колду'нья), вѣщу'нья	 
 	вещь		вещь, веще'ственный, веще'й	 
 	веялка		вѣ'ялка, вѣ'йка	 
 	веяло		вѣ'яло	 
 	веяние		вѣ'яніе	 
 	веянье		вѣ'янье	 
 	веять		вѣ'ять, вѣ'етъ	 
вж 	вживе		вжи'вѣ (въ живы'хъ; за'живо; при жи'зни)	^
 	вживлён		вживлёнъ	 
вз 	взад		взадъ (наpѣч.), вза'ди	^
 	взаём		взаёмъ, взаймы'	 
 	взаимный		взаи'мный, взаи'мное	 
 	взаимодействие		взаимодѣ'йствіе	 
 	взаимоотношения		взаимоотноше'нія	 
 	взаимоприемлемое		взаимопріе'млемое (не взаимопріе'млимое!)	 
 	взаймы		взаймы', взаёмъ	 
 	в заключение		въ заключе'ніе (наpѣч. — въ концѣ'), но въ заключе'ніи (въ тюрьмѣ')	 
 	в заключении		въ заключе'ніи (въ тюрьмѣ'), но въ заключе'ніе (наpѣч. — въ концѣ')	 
 	взамен		взамѣ'нъ	 
 	взаперти		взаперти'	 
 	взаправду		взапра'вду	 
 	взапуски		вза'пуски (наперегонки')	 
 	взахлёб		взахлёбъ (увлечённо, стра'стно, навзры'дъ)	 
 	взашей		взаше'й, взаше'и и въ-заше'й	 
 	взбалмошный		взба'лмошный (сумасбро'дный, неуравновѣ'шенный, нелѣ'пый, безразсу'дный)	 
 	взбежать		взбѣжа'ть	 
 	взбелениться		взбелени'ться (прійти' въ кра'йнее раздраже'ніе, я'рость; взбѣси'ться)	 
 	взберёмся		взберёмся	 
 	взбесившийся		взбѣси'вшійся, взбѣси'вшагося	 
 	взбеситься		взбѣси'ться	 
 	взбешённого		взбѣшённаго	 
 	взбешённый		взбѣшённый, взбѣшённаго	 
 	взбирается		взбира'ется, взбира'етесь	 
 	взбираться		взбира'ться	 
 	взбрёл		взбрёлъ	 
 	взбрести		взбрести'	 
 	взбрыкнёт		взбрыкнётъ	 
 	взбудоражить		взбудора'жить	 
 	взваленный		взва'ленный	 
 	взвеваться		взвѣва'ться	 
 	взведён		взведёнъ	 
 	взведение		взведе'ніе	 
 	взведённый		взведённый, взведённаго	 
 	взвейтесь		взвѣ'йтесь	 
 	взвеселиться		взвесели'ться	 
 	взвесить		взвѣ'сить	 
 	взвести		взвести', взве'сть	 
 	взвесь		взвѣ'сь	 
 	взвешенно		взвѣ'шенно	 
 	взвешенного		взвѣ'шеннаго	 
 	взвешенное		взвѣ'шенное	 
 	взвешенные		взвѣ'шенные (м. р.), взвѣ'шенныя (ж. р. и ср. р.)	 
 	взвешенный		взвѣ'шенный, взвѣ'шеннаго	 
 	взвешивает		взвѣ'шиваетъ, взвѣ'шиваемъ, взвѣ'шиваешь, взвѣ'шиваютъ	 
 	взвешивать		взвѣ'шивать	 
 	взвеяться		взвѣ'яться	 
 	взвидеть		взви'дѣть	 
 	взвод		взво'дъ, на взво'дѣ	 
 	взвоешь		взво'ешь, взво'емъ, взво'етъ	 
 	взгляд		взгля'дъ, во взгля'дѣ	 
 	взгляните-ка		взгляни'те-ка	 
 	взгреметь		взгремѣ'ть	 
 	взгреть		взгрѣ'ть	 
 	взгрустнётся		взгрустнётся	 
 	взгрустнуться		взгрустну'ться	 
 	вздевать		вздѣва'ть	 
 	вздёржка		вздёржка, вздёржекъ	 
 	вздёрнуть		вздёрнуть, вздёргиваніе	 
 	вздешеветь		вздешевѣ'ть	 
 	вздор		вздоръ (ди'чь, дребеде'нь, ахине'я, чу'шь, галиматья', чепуха', пустяки', белиберда', абсу'рдъ), въ э'томъ ди'комъ вздо'рѣ	 
 	вздох		вздохъ, во вздо'хѣ	 
 	вздохнёт		вздохнётъ	 
 	вздремнёт		вздремнётъ	 
 	вздремнуть		вздремну'ть	 
 	вздует		взду'етъ, взду'ется	 
 	вздуешь		взду'ешь, взду'ешься	 
 	вздумать		взду'мать, взду'маетъ	 
 	вздутие		взду'тіе	 
 	вздутое		взду'тое	 
 	вздыбленный		взды'бленный	 
 	вздыхать		вздыха'ть	 
 	взимать		взима'ть, взыма'ть	 
 	взлезть		взлѣ'зть, взлѣ'зешь	 
 	взлелеять		взлелѣ'ять	 
 	взлёт		взлётъ, на взлётѣ	 
 	взлететь		взлетѣ'ть, взлетѣ'лъ, взлетѣ'ла, взлетѣ'ли, взлетѣ'ло	 
 	взлетать		взлета'ть, взлета'етъ, взлета'ете, взлета'емъ, взлета'ешь, взлета'ютъ	 
 	взлётный		взлётный, взлётная, взлётное	 
 	взметать		взмета'ть, взмета'етъ, взмета'ете, взмета'емъ, взмета'ешь, взмета'ютъ	 
 	взморье		взмо'рье, на взмо'рьѣ	 
 	взмыленный		взмы'ленный	 
 	взовьётся		взовьётся	 
 	взойдёт		взойдётъ	 
 	взопрелый		взопрѣ'лый	 
 	взопреть		взопрѣ'ть	 
 	взорвёт		взорвётъ	 
 	взошёл		взошёлъ	 
 	взращённый		взращённый	 
 	взревёт		взревётъ, взревѣ'ть	 
 	взреветь		взревѣ'ть, взревётъ	 
 	взрезать		взрѣ'зать	 
 	взрослеет		взрослѣ'етъ	 
 	взрослеть		взрослѣ'ть	 
 	взрослые		взро'слые (сущ.); пpил. взро'слые (м. р.), взро'слыя (ж. р. и ср. р.)	 
 	взрыв		взрывъ, при взры'вѣ	 
 	взрыхлён		взрыхлёнъ	 
 	взрыхление		взрыхле'ніе	 
 	взъерошенный		взъеро'шенный	 
 	взъерошить		взъеро'шить	 
 	взъесться		взъѣ'сться	 
 	взъехать		взъѣ'хать	 
 	взъярённый		взъярённый	 
 	взыскательный		взыска'тельный	 
 	взыщешь		взы'щешь	 
 	взятие		взя'тіе	 
 	взять		взять, возьму'	 
ви 	виадук		віаду'къ, на віаду'кѣ	^
 	вивёр		вивёръ (прожига'тель жи'зни, жуи'ръ)	 
 	виверра		виве'рра (африка'нское и ю'жно-азіа'тское хи'щное млекопита'ющее)	 
 	вивисекция		вивисе'кція (вскры'тіе живо'го органи'зма въ нау'чныхъ цѣ'ляхъ; живосѣче'ніе)	 
 	вигоневый		виго'невый (изъ тка'ни съ ше'рстью виго'ня — ю'жно-америка'нской ла'мы)	 
 	вид		видъ; въ лу'чшемъ ви'дѣ; въ виду' бе'рега; имѣ'ть въ виду'; ввиду' того', что...	 
 	видел		ви'дѣлъ, ви'дѣла, ви'дѣли	 
 	виден		ви'денъ (пpил. — до'мъ ви'денъ издалека'), отъ ви'дный (ста'тный, ва'жный, извѣ'стный, замѣ'тный)	 
 	виден		ви'дѣнъ (пpич. — домъ, кото'рый ви'дѣнъ мно'ю не разъ), отъ ви'дѣть	 
 	видение		ви'дѣніе (дѣ'йствіе)	 
 	видение		видѣ'ніе (при'зракъ)	 
 	виденный		ви'дѣнный	 
 	видеть		ви'дѣть, ви'дите (не ви'дѣте!)	 
 	видимо		ви'димо, ви'димо-неви'димо	 
 	видите		ви'дите, ви'дѣть (не ви'дѣте!)	 
 	виднеться		виднѣ'ться, виднѣ'ется, виднѣ'е, виднѣ'лось	 
 	виднёхонек		виднёхонекъ	 
 	виднёшенек		виднёшенекъ	 
 	видоизменить		видоизмѣни'ть, видоизмѣне'ніе	 
 	видывал		ви'дывалъ	 
 	видя		ви'дя	 
 	видящего		ви'дящаго	 
 	видящие		ви'дящіе (м. р.), ви'дящія (ж. р. и ср. р.)	 
 	видящий		ви'дящій	 
 	Византия		Византі'я	 
 	византийский		византі'йскій	 
 	визг		визгъ, визжа'ть	 
 	визжать		визжа'ть	 
 	визир		визи'ръ, въ визи'рѣ	 
 	визирь		визи'рь, вези'рь, о визи'рѣ	 
 	визит		визи'тъ, при визи'тѣ	 
 	визитёр		визитёръ, о визитёрѣ	 
 	визитные		визи'тные (м. р. — визи'тные фра'ки), визи'тныя (ж. р. и ср. р. — визи'тныя ка'рточки)	 
 	Вий		Ві'й	 
 	викарий		вика'рій	 
 	Викентий		Вике'нтій	 
 	виконт		вико'нтъ, виконте'сса (дворя'нскій ти'тулъ въ Евро'пѣ)	 
 	викторианский		викторіа'нскій (сти'ль, эпо'ха въ А'нгліи во второ'й полови'нѣ XIX вѣ'ка)	 
 	викторина		виктори'на, на виктори'нѣ	 
 	Виктория		Викто'рія	 
 	вилайет		вилайе'тъ (прови'нція въ нѣ'которыхъ стра'нахъ Сѣ'верной А'фрики, Бли'жняго и Сре'дняго Восто'ка)	 
 	Вильгельм		Вильге'льмъ	 
 	Вилейка		Виле'йка	 
 	вильнёт		вильнётъ	 
 	Вильно		Ви'льно, Ви'льна, ви'ленскій	 
 	вина		ви'на (мн. вино'), истина въ винѣ'; вина', по его винѣ'	 
 	винегрет		винегре'тъ (не винигре'тъ!), въ винегре'тѣ	 
 	винительный		вини'тельный (паде'жъ)	 
 	винище		вини'ще	 
 	винкель		ви'нкель (науго'льникъ, прави'ло)	 
 	винного		ви'ннаго	 
 	вино		вино', и'стина въ винѣ'; ви'на (ж. р.) — бѣ'лыя, ро'зовыя, кра'сныя, игри'стыя, крѣплёныя, молоды'я, вы'держанныя, ма'рочныя, коллекціо'нныя, столо'выя, сухі'я, осо'быя, полусухі'я, полусла'дкія, крѣ'пкія, сла'дкія, десе'ртныя, полудесе'ртныя, ликёрныя, ароматизи'рованныя, шампа'нскія, медо'выя; зелено' вино' — во'дка	 
 	виноват		винова'тъ, винова'таго, вино'вникъ	 
 	виноватое		винова'тое	 
 	виноватые		винова'тые (м. р.), винова'тыя (ж. р. и ср. р.)	 
 	виновник		вино'вникъ, вино'венъ	 
 	виноделие		винодѣ'ліе	 
 	винокурение		винокуре'ніе (куста'рное произво'дство спи'рта, во'дки изъ сахари'стыхъ и крахма'листыхъ проду'ктовъ)	 
 	винокуренное		виноку'ренное	 
 	винокуренный		виноку'ренный, виноку'реннаго	 
 	винокурня		виноку'рня, на виноку'рнѣ, виноку'ренъ	 
 	виночерпий		виноче'рпій	 
 	винтёр		винтёръ	 
 	винчестер		винче'стеръ	 
 	виньетка		винье'тка (украше'ніе въ ви'дѣ рису'нка, орна'мента на листа'хъ почто'вой бума'ги, въ альбо'махъ, въ кни'гѣ)	 
 	виола		віо'ла, на віо'лѣ	 
 	виолончелист		віолончели'стъ (не вилоончели'стъ!)	 
 	виолончель		віолонче'ль, на віолонче'ли (не вилоонче'ль!)	 
 	Виотия		Віо'тія (Бео'тія)	 
 	Виргилий		Вирги'лій	 
 	Виринея		Вирине'я	 
 	вирулентность		вируле'нтность (сте'пень спосо'бности ви'руса заража'ть да'нный органи'змъ)	 
 	Висбаден		Висба'денъ	 
 	виселица		ви'сѣлица, на ви'сѣлицѣ	 
 	виселичный		ви'сѣличный, ви'сѣличнаго	 
 	висельник		ви'сѣльникъ	 
 	висение		висѣ'ніе	 
 	висеть		висѣ'ть, висѣ'вшій, висѣ'вшемъ	 
 	вислоухий		вислоу'хій	 
 	виснет		ви'снетъ	 
 	високосный		високо'сный (ка'ждый четвёртый го'дъ, содержа'щій 366, а не 365 дне'й за счётъ 29 дне'й въ февралѣ', нaпр. 1996, 2000, 2004, 2008, 2012...)	 
 	Виссарион		Виссаріо'нъ	 
 	витаешь		вита'ешь (въ облака'хъ)	 
 	Виталий		Вита'лій, Вита'льевичъ, Вита'льевна	 
 	Витебск		Ви'тебскъ	 
 	витиеватый		витіева'тый	 
 	вития		виті'я (говору'нъ, красноба'й, ора'торъ), виті'йствовать	 
 	Витте		Ви'тте	 
 	витьё		витьё	 
 	витязь		ви'тязь, о ви'тязѣ	 
 	Вифания		Виѳа'нія	 
 	Вифезда		Виѳе'зда (прудъ, окружённый кры'тыми галлере'ями въ Іерусали'мѣ; по Ева'нгелію, а'нгелъ возмуща'лъ по времена'мъ его' во'ду, и тотъ больно'й, кто пе'рвый броса'лся въ неё въ э'то вре'мя, выздора'вливалъ)	 
 	Вифлеем		Виѳлее'мъ	 
 	вихор		вихо'ръ	 
 	вихревой		вихрево'й	 
 	вихрь		вихрь, ви'хорь, въ ви'хрѣ, ви'хрей, ви'хремъ, вихрево'й	 
 	вице-президент		ви'це-президе'нтъ	 
 	вицмундир		вицмунди'ръ (фо'рменный фракъ гражда'нскихъ чино'вниковъ), въ вицмунди'рѣ, вицмунди'рное сукно'	 
 	вишенка		ви'шенка	 
 	вишенник		ви'шенникъ	 
 	вишенье		ви'шенье (ви'шни)	 
 	Вишневский		Вишне'вскій	 
 	вишнёвый		вишнёвый, вишнёваго	 
 	вишня		ви'шня, на ви'шнѣ	 
вк 	вклеенный		вкле'енный	^
 	вклеивать		вкле'ивать	 
 	вклеим		вкле'имъ (вкле'ить)	 
 	вклеит		вкле'итъ	 
 	вклеите		вкле'ите (вкле'ить)	 
 	вклеить		вкле'ить	 
 	вклеишь		вкле'ишь (вкле'ить)	 
 	вклейка		вкле'йка, на вкле'йкѣ	 
 	вклёпанный		вклёпанный	 
 	вклепать		вклепа'ть	 
 	вклею		вкле'ю (вкле'ить)	 
 	включает		включа'етъ, включа'ется	 
 	включение		включе'ніе	 
 	включённый		включённый	 
 	включительно		включи'тельно	 
 	в коем		въ ко'емъ (ра'зѣ), ко'ій, ко'ей, ко'его, ко'ею	 
 	вколоченный		вколо'ченный	 
 	вконец		вконе'цъ (наpѣч.), но въ коне'цъ о'череди	 
 	в конце концов		въ концѣ'-концо'въ	 
 	вкопанный		вко'панный (пpич.) — всталъ, какъ вко'панный	 
 	вкопаный		вко'паный (пpил.) — вко'паный столбъ	 
 	вкоротке		вкороткѣ' (вско'рѣ, въ ско'ромъ, непродолжи'тельномъ вре'мени)	 
 	вкось		вкось	 
 	вкрапление		вкрапле'ніе	 
 	вкрасне		вкраснѣ' (въ кра'сномъ, лу'чшемъ ви'дѣ, въ красотѣ'), см. ткж. вчернѣ', вбѣлѣ'	 
 	вкратце		вкра'тцѣ (не вкра'дцѣ!)	 
 	вкривь		вкри'вь	 
 	вкруг		вкру'гъ, вокру'гъ	 
 	в круге		въ кру'гѣ	 
 	вкрутую		вкруту'ю	 
 	вкупе		вку'пѣ (вмѣ'стѣ), вку'пѣ и влю'бѣ — единоду'шно	 
 	вкус		вку'съ, во вку'сѣ	 
 	вкусен		вку'сенъ	 
 	вкуснее		вку'снѣе	 
 	вкусное		вку'сное	 
 	вкусные		вку'сные (м. р.), вку'сныя (ж. р. и ср. р.)	 
 	вкушение		вкуше'ніе (отъ вкуша'ть)	 
вл 	влага		вла'га, во вла'гѣ	^
 	влагаемый		влага'емый	 
 	влагаешь		влага'ешь, влага'емъ, влага'етъ	 
 	влагалище		влага'лище	 
 	влагание		влага'ніе	 
 	влагоёмкий		влагоёмкій	 
 	влагомер		влагомѣ'ръ	 
 	владевшего		владѣ'вшаго	 
 	владевшее		владѣ'вшее	 
 	владевшие		владѣ'вшіе (м. р.), владѣ'вшія (ж. р. и ср. р.)	 
 	владевший		владѣ'вшій, владѣ'вшаго	 
 	владеем		владѣ'емъ	 
 	владеет		владѣ'етъ, владѣ'ете	 
 	владеешь		владѣ'ешь	 
 	владей		владѣ'й, владѣ'йте	 
 	владелец		владѣ'лецъ, владѣ'льцемъ, о владѣ'льцѣ	 
 	владелица		владѣ'лица, владѣ'лицей, о владѣ'лицѣ	 
 	владение		владѣ'ніе	 
 	владеть		владѣ'ть, владѣ'тель	 
 	владею		владѣ'ю, владѣ'ютъ	 
 	владея		владѣ'я	 
 	Владивосток		Владивосто'къ, во Владивосто'кѣ	 
 	Владимир		Влади'миръ и Влади'міръ (имя)	 
 	Владимир		Влади'міръ (го'родъ), во Влади'мірѣ	 
 	владыка		влады'ка, влады'чество, влады'ко (при обраще'ніи къ духо'вному лицу'), при влады'кѣ	 
 	Власий		Вла'сій	 
 	властелин		властели'нъ, властели'нша	 
 	властитель		власти'тель, власти'тельница	 
 	власть		вла'сть, власте'й	 
 	властью		вла'стью, вла'стію	 
 	влево		влѣ'во	 
 	влёг		влёгъ	 
 	влегать		влега'ть	 
 	влегла		влегла'	 
 	влез		влѣ'зъ, влѣ'зетъ, влѣ'зете	 
 	влезать		влѣза'ть, влѣза'йте	 
 	влезть		влѣ'зть, влѣ'зьте, влѣ'зетъ	 
 	влезший		влѣ'зшій, влѣ'зшаго	 
 	влейте		вле'йте	 
 	влёк		влёкъ	 
 	влекла		влекла'	 
 	влекло		влекло'	 
 	влекомый		влеко'мый	 
 	влеку		влеку'	 
 	влекут		влеку'тъ	 
 	влёкший		влёкшій	 
 	влепить		влѣпи'ть	 
 	влёт		влётъ	 
 	влететь		влетѣ'ть, влетѣ'лъ, влетѣ'въ	 
 	влетит		влети'тъ	 
 	влечение		влече'ніе	 
 	влечёт		влечётъ	 
 	влечёшь		влечёшь	 
 	влечь		вле'чь, вля'гу, вля'жетъ, вля'гутъ, влёгъ, влегла' (влега'ть)	 
 	влечь		вле'чь, влеку', влечётъ, влеку'тъ, влёкъ, влекла'	 
 	влияет		влія'етъ	 
 	влияние		влія'ніе	 
 	вложение		вложе'ніе	 
 	влюблённые		влюблённые (м. р.), влюблённыя (ж. р. и ср. р.)	 
 	влюблённый		влюблённый, влюблённаго	 
вм 	вмале		вма'лѣ (ско'ро, вско'рѣ, ма'ло спустя')	^
 	вменение		вмѣне'ніе	 
 	вменённый		вмѣнённый	 
 	вменить		вмѣни'ть	 
 	вменяемого		вмѣня'емаго	 
 	вменяемость		вмѣня'емость	 
 	вменяемые		вмѣня'емые (м. р.), вмѣня'емыя (ж. р. и ср. р.)	 
 	вменяемый		вмѣня'емый, вмѣня'емаго	 
 	вменяется		вмѣня'ется	 
 	вменять		вмѣня'ть, вмѣня'ться	 
 	вмёрз		вмёрзъ	 
 	в меру		въ мѣ'ру, въ по'лной мѣ'рѣ	 
 	вмесить		вмѣси'ть	 
 	вместе		вмѣ'стѣ (наpѣч.), но въ мѣ'стѣ поко'йномъ	 
 	вместилище		вмѣсти'лище	 
 	вместимость		вмѣсти'мость	 
 	вместительность		вмѣсти'тельность	 
 	вместо		вмѣ'сто (наpѣч.), но въ мѣ'сто отдале'нное	 
 	вмётанный		вмётанный	 
 	вмешательство		вмѣша'тельство	 
 	вмешаться		вмѣша'ться	 
 	вмешивается		вмѣ'шивается	 
 	вмешивать		вмѣ'шивать	 
 	вмещаться		вмѣща'ться	 
 	вмиг		вмигъ (наpѣч.), но въ мигъ разлу'ки	 
 	в мире		въ ми'рѣ (въ поко'ѣ), въ мі'рѣ (на Землѣ')	 
вн 	внаём		внаёмъ	^
 	внаймы		внаймы'	 
 	в насмешку		въ насмѣ'шку	 
 	внахлёст		внахлёстъ, внахлёстку (спо'собъ соедине'нія кра'й на кра'й, оди'нъ пове'рхъ друго'го)	 
 	вначале		внача'лѣ (наpѣч.), но въ нача'лѣ го'да	 
 	вне		внѣ (предло'гъ, пи'шется раздѣ'льно), внѣ вре'мени — за предѣ'лами вре'мени	 
 	вне		внѣ... (приста'вка, пи'шется сли'тно), внѣдоро'жный но внеза'пный	 
 	внебрачный		внѣбра'чный, внѣбра'чнаго	 
 	вневедомственный		внѣвѣ'домственный	 
 	внедорожный		внѣдоро'жный, внѣдоро'жнаго	 
 	внедрён		внѣдрёнъ, внѣдрённый, внѣдрённаго	 
 	внедрение		внѣдре'ніе	 
 	внедриться		внѣдри'ться	 
 	внедряться		внѣдря'ться	 
 	внезапен		внеза'пенъ	 
 	внезапнее		внеза'пнѣе	 
 	внезапно		внеза'пно	 
 	внезапного		внеза'пнаго	 
 	внезапные		внеза'пные (м. р.), внеза'пныя (ж. р. и ср. р.)	 
 	внезапный		внеза'пный, внеза'пнаго	 
 	внеклассный		внѣкла'ссный, внѣкла'сснаго	 
 	внемлет		вне'млетъ (не вне'млитъ!), но вне'мли (пов. накл.)	 
 	внемлешь		вне'млешь (не вне'млишь!), вне'млю (отъ внима'ть), но вне'мли (пов. накл.)	 
 	внемли		вне'мли (пов. накл.), но вне'млетъ, вне'млешь	 
 	внемлю		вне'млю, вне'млешь, вне'млетъ (отъ внима'ть)	 
 	внемля		вне'мля	 
 	внёс		внёсъ, внесли'	 
 	внесём		внесёмъ, внесётъ, внесёшь	 
 	внесённый		внесённый	 
 	внести		внести' и вне'сть	 
 	внеурочный		внѣуро'чный	 
 	внешне		внѣ'шне (онъ споко'енъ)	 
 	внешнего		внѣ'шняго	 
 	внешнее		внѣ'шнее (безразли'чіе)	 
 	внешней		внѣ'шней	 
 	внешнем		внѣ'шнемъ (на внѣ'шнемъ ры'нкѣ)	 
 	внешние		внѣ'шніе (м. р.), внѣ'шнія (ж. р. и ср. р.)	 
 	внешний		внѣ'шній, внѣ'шняго, внѣ'шняя	 
 	внешним		внѣ'шнимъ (чино'вникъ по внѣ'шнимъ свя'зямъ)	 
 	внешность		внѣ'шность	 
 	внештатный		внѣшта'тный	 
 	вниз		внизъ (наpѣч.), но въ низъ до'ма	 
 	внимаем		внима'емъ, цeрк. вонме'мъ	 
 	внимает		внима'етъ, внима'емъ, внима'ешь	 
 	внимание		внима'ніе, внима'ніемъ	 
 	внимательное		внима'тельное	 
 	внимательность		внима'тельность	 
 	внимательные		внима'тельные (м. р.), внима'тельныя (ж. р. и ср. р.)	 
 	внимательный		внима'тельный, внима'тельнаго, внима'теленъ	 
 	внимающий		внима'ющій, внима'ющаго	 
 	внове		вно'вѣ (о чёмъ-ли'бо но'вомъ, непривы'чномъ; въ нови'нку — ему' всё вно'вѣ)	 
 	вновь		вновь (ещё разъ; сно'ва, опя'ть)	 
 	внук		внукъ, о вну'кѣ	 
 	внутренне		вну'тренне, вну'тренно	 
 	внутреннего		вну'тренняго	 
 	внутреннее		вну'треннее	 
 	внутренние		вну'тренніе (м. р.), вну'треннія (ж. р. и ср. р.)	 
 	внутренний		вну'тренній, вну'тренняго	 
 	внутренно		вну'тренно, вну'тренне	 
 	внутренности		вну'тренности, вну'тренность, вну'тренностей	 
 	внутри		внутри' (не внутре'!), но въ нутрѣ' (нутро')	 
 	внутрь		вну'трь (не вовну'трь!)	 
 	внучек		вну'чекъ и внучо'къ	 
 	внученька		вну'ченька	 
 	внучка		вну'чка, о вну'чкѣ, мн. вну'чекъ	 
 	внучок		внучо'къ и вну'чекъ, о внучкѣ'	 
 	внушён		внушёнъ	 
 	внушение		внуше'ніе	 
во 	в общем		въ о'бщемъ (въ о'бщемъ ви'дѣ), но вообще'	^
 	вобьёт		вобьётъ	 
 	вовек		вовѣ'къ, вовѣ'ки (наpѣч.), но во вѣ'ки вѣко'въ	 
 	вовлёк		вовлёкъ	 
 	вовлечён		вовлечёнъ	 
 	вовлечение		вовлече'ніе	 
 	вовлечь		вовле'чь, вовлеку', вовлечётъ, вовлеку'тъ, вовлёкъ, вовлекла'	 
 	вовне		вовнѣ' (за предѣ'лами и'ли за предѣ'лы чего'-либо)	 
 	во времени		во вре'мени	 
 	вовремя		во'-время (наpѣч.), но во вре'мя обѣ'да	 
 	вовсе		во'все (наpѣч.), но во всѣ' ще'ли	 
 	во всеоружии		во всеору'жіи	 
 	во всеуслышание		во всеуслы'шаніе	 
 	во-вторых		во-вторы'хъ	 
 	Вогезские		Воге'зскія (го'ры)	 
 	вода		вода', по водѣ'	 
 	водворён		водворёнъ, водворённый	 
 	водворение		водворе'ніе	 
 	водворяет		водворя'етъ, водворя'ете	 
 	водевиль		водеви'ль (коми'ческая пье'са съ купле'тами, рома'нсами и та'нцами)	 
 	в одиночку		въ одино'чку	 
 	водка		во'дка, на во'дкѣ	 
 	водное		во'дное	 
 	водный		во'дный, во'днаго	 
 	водные		во'дные (м. р.), во'дныя (ж. р. и ср. р.)	 
 	водоём		водоёмъ, въ водоёмѣ	 
 	водоизмещение		водоизмѣще'ніе	 
 	водолей		водоле'й	 
 	водолечение		водолѣче'ніе	 
 	водомер		водомѣ'ръ	 
 	водомёт		водомётъ	 
 	водонагреватель		водонагрѣва'тель	 
 	водополье		водопо'лье	 
 	водоприёмник		водопріёмникъ	 
 	водораздел		водораздѣ'лъ, на водораздѣ'лѣ	 
 	водорез		водорѣ'зъ	 
 	водоросль		во'доросль и во'дорасль	 
 	водохлёб		водохлёбъ	 
 	водружён		водружёнъ	 
 	водяное		водяно'е, водяно'го	 
 	водяной		водяно'й, водяны'е, водяно'го (фантасти'ческое существо' въ о'бразѣ старика'; нечи'стая си'ла, обита'ющая въ водоёмахъ)	 
 	водяные		водяны'е (м. р.), водяны'я (ж. р. и ср. р.)	 
 	воевал		воева'лъ	 
 	воевать		воева'ть	 
 	воевода		воево'да (нача'льникъ во'йска; управля'ющій го'родомъ и'ли о'кругомъ; глава' воево'дства)	 
 	воедино		воеди'но (въ одно' цѣ'лое)	 
 	военачальник		военача'льникъ (не военонача'льникъ! и не военнонача'льникъ!)	 
 	военное		вое'нное	 
 	военнопленный		военноплѣ'нный	 
 	военные		вое'нные (м. р.), вое'нныя (ж. р. и ср. р.)	 
 	военный		вое'нный, вое'ннаго	 
 	вожатый		вожа'тый и вожа'тай, вожа'таго	 
 	вожделеет		вожделѣ'етъ	 
 	вожделение		вожделѣ'ніе	 
 	вожделеть		вожделѣ'ть	 
 	вождём		вождёмъ	 
 	вождение		вожде'ніе	 
 	вождь		вождь, о вождѣ'	 
 	вожжа		вожжа' и возжа', во'жжи, вожже'й	 
 	вожмёт		вожмётъ	 
 	возбуждён		возбуждёнъ	 
 	возбуждение		возбужде'ніе, возбуждёнъ	 
 	возведён		возведёнъ, возвести' (постро'ить)	 
 	возвёл		возвёлъ	 
 	возвеличить		возвели'чить	 
 	возвернуть		возверну'ть, возвернётъ	 
 	возвеселиться		возвесели'ться	 
 	возвести		возвести' (постро'ить), но возвѣсти'ть (объяви'ть)	 
 	возвестит		возвѣсти'тъ, возвѣсти'те, возвѣсти'мъ, возвѣсти'шь, возвѣстя'тъ	 
 	возвестить		возвѣсти'ть (объяви'ть), но возвести' (постро'ить)	 
 	возвещает		возвѣща'етъ, возвѣща'ете, возвѣща'емъ, возвѣща'ешъ, возвѣща'ютъ	 
 	возвещать		возвѣща'ть	 
 	возвещение		возвѣще'ніе	 
 	возвещённый		возвѣщённый	 
 	возвещу		возвѣщу'	 
 	возвратиться		возврати'ться	 
 	возвращение		возвраще'ніе	 
 	возвышенный		возвы'шенный, возвы'шеннаго	 
 	возгореться		возгорѣ'ться	 
 	возгордиться		возгорди'ться	 
 	воздаёт		воздаётъ	 
 	возданный		во'зданный	 
 	воздвигнуть		воздви'гнуть	 
 	Воздвижение		Воздви'женіе (пра'здникъ)	 
 	воздвижение		воздвиже'ніе (строи'тельство)	 
 	воздействие		воздѣ'йствіе	 
 	возделать		воздѣ'лать	 
 	воздержание		воздержа'ніе	 
 	воздержнее		возде'ржнѣе	 
 	воздеть		воздѣ'ть (подня'ть, устреми'ть вве'рхъ ру'ки, глаза' въ зна'къ возмуще'нія, мольбы', проте'ста)	 
 	воздух		во'здухъ, на во'здухѣ	 
 	воздухоплаватель		воздухопла'ватель, воздухопла'вателемъ	 
 	воздухоплавательного		воздухопла'вательнаго	 
 	воздухоплавательный		воздухопла'вательный	 
 	воздыхатель		воздыха'тель, о воздыха'телѣ, воздыха'телемъ	 
 	возжелал		возжела'лъ	 
 	возжелать		возжела'ть	 
 	возжённый		возжённый, вожжённый	 
 	возжечь		возже'чь, возжёшь	 
 	воззвать		воззва'ть, воззва'ніе	 
 	воззрение		воззрѣ'ніе	 
 	возле		во'злѣ	 
 	возлёг		возлёгъ	 
 	возлежать		возлежа'ть	 
 	возлелеять		возлелѣ'ять	 
 	возлияние		возлія'ніе	 
 	возложенный		возло'женный	 
 	возлюбленный		возлю'бленный	 
 	возмездие		возме'здіе	 
 	возмездный		возме'здный, возме'здность	 
 	возместить		возмѣсти'ть	 
 	возмещён		возмѣщёнъ	 
 	возмещение		возмѣще'ніе	 
 	возможен		возмо'женъ	 
 	возможное		возмо'жное	 
 	возможные		возмо'жные (м. р.), возмо'жныя (ж. р. и ср. р.)	 
 	возможный		возмо'жный, возмо'жнаго	 
 	возмутительнее		возмути'тельнѣе	 
 	возмутительного		возмути'тельнаго	 
 	возмутительное		возмути'тельное	 
 	возмутительные		возмути'тельные (м. р.), возмути'тельныя (ж. р. и ср. р.)	 
 	возмущён		возмущёнъ	 
 	возмущение		возмуще'ніе	 
 	вознаграждён		вознаграждёнъ	 
 	вознаграждение		вознагражде'ніе	 
 	вознамериться		вознамѣ'риться	 
 	возненавидеть		возненави'дѣть	 
 	вознёс		вознёсъ, вознёсся	 
 	вознесён		вознесёнъ	 
 	Вознесение		Вознесе'ніе (Христо'во)	 
 	вознести		вознести', вознести'сь	 
 	возникать		возника'ть, возни'кшій, возни'кшаго	 
 	возникнет		возни'кнетъ, возни'кнемъ, возни'кнешь	 
 	возникновение		возникнове'ніе	 
 	возничего		возни'чаго	 
 	возничий		возни'чій, возни'чаго	 
 	возношение		возноше'ніе	 
 	возражатель		возража'тель	 
 	возражение		возраже'ніе	 
 	возраст		во'зрастъ, въ во'зрастѣ, по во'зрасту, возрастно'е	 
 	возрастание		возраста'ніе	 
 	возрастёт		возрастётъ	 
 	возрасти		возрасти', но возро'съ	 
 	возрождать		возрожда'ть и возражда'ть	 
 	возрождение		возрожде'ніе и возражде'ніе	 
 	возчик		во'зчикъ, о во'зчикѣ	 
 	возыметь		возымѣ'ть, возъимѣ'ть (получи'ть то, что ука'зано да'лѣе зави'симымъ существи'тельнымъ — дѣ'ло возымѣ'ло успѣ'хъ)	 
 	возьмёт		возьмётъ, возьмёмъ, возьмёшь	 
 	возьмётся		возьмётся, возьмёмся, возьмёшься	 
 	возьми		возьми', возьме'мъ, возьму'тъ	 
 	возьмите		возьми'те	 
 	возьмитесь		возьми'тесь	 
 	во избежание		во избѣжа'ніе	 
 	воин		во'инъ, о во'инѣ	 
 	воинское		во'инское	 
 	воинские		во'инскіе (м. р.), во'инскія (ж. р. и ср. р.)	 
 	воинский		во'инскій, во'инскаго, во'инскихъ	 
 	воинственность		вои'нственность	 
 	воин-телохранитель		во'инъ-тѣлохрани'тель	 
 	воистину		вои'стину	 
 	воитель		вои'тель (забія'ка), вои'телемъ, о вои'телѣ	 
 	воительница		вои'тельница, вои'тельницей, о вои'тельницѣ	 
 	войдём		войдёмъ	 
 	война		война', на войнѣ'	 
 	Война и мир		Война' и миръ (рома'нъ Л. Н. Толсто'го)	 
 	войско		во'йско, о во'йскѣ	 
 	войсковое		войсково'е, войсково'го	 
 	войсковые		войсковы'е (м. р.), войсковы'я (ж. р. и ср. р.)	 
 	войти		войти', войди'те	 
 	вокзал		вокза'лъ, на вокза'лѣ	 
 	вокруг		вокру'гъ	 
 	в округе		въ окру'гѣ (окру'га) и въ о'кругѣ (о'кругъ)	 
 	Волга		Во'лга, по Во'лгѣ, во'лжскій	 
 	волевое		волево'е	 
 	волевой		волево'й, волево'го	 
 	волевые		волевы'е (м. р.), волевы'я (ж. р. и ср. р.)	 
 	волеизъявление		волеизъявле'ніе	 
 	волей-неволей		во'лей-нево'лей	 
 	волен		во'ленъ	 
 	воленс-ноленс		во'ленсъ-но'ленсъ — во'лей-нево'лей (лат.)	 
 	волжане		волжа'не	 
 	волжские		во'лжскіе (м. р.), во'лжскія (ж. р. и ср. р.)	 
 	волжский		во'лжскій, во'лжскаго	 
 	волжское		во'лжское	 
 	волнение		волне'ніе, въ волне'ніи	 
 	волнует		волну'етъ, волну'емъ, волну'ешь	 
 	волнуется		волну'ется, волну'емся, волну'ешься	 
 	Вологда		Во'логда, въ Во'логдѣ	 
 	вологодские		волого'дскіе (м. р.), волого'дскія (ж. р. и ср. р.)	 
 	вологодское		волого'дское, волого'дскаго	 
 	володеет		володѣ'етъ	 
 	володеть		володѣ'ть (вла'ствовать, госпо'дствовать, владѣ'ть)	 
 	волокита		волоки'та	 
 	волонтёр		волонтёръ (доброво'лецъ)	 
 	волосёнки		волосёнки	 
 	волосной		волосно'й (относя'щійся къ волоса'мъ)	 
 	волосок		волосо'къ, висѣ'ть на волоскѣ'	 
 	волосоньки		воло'саньки и воло'сыньки	 
 	волостной		волостно'й (относя'щійся къ во'лости)	 
 	волочём		волочёмъ	 
 	волчец		волче'цъ (колю'чее расте'ніе)	 
 	волчок		волчо'къ (куба'рь)	 
 	волчонок		волчёнокъ	 
 	волчье		во'лчье	 
 	волшебнее		волше'бнѣе	 
 	волшебник		волше'бникъ, о волше'бникѣ	 
 	волшебно		волше'бно	 
 	волшебного		волше'бнаго	 
 	волшебное		волше'бное	 
 	волшебные		волше'бные (м. р.), волше'бныя (ж. р. и ср. р.)	 
 	волшебный		волше'бный, волше'бнаго	 
 	волшебство		волшебство'	 
 	вольёт		вольётъ	 
 	вольнее		вольнѣ'е	 
 	вольного		во'льнаго	 
 	вольнодумец		вольноду'мецъ, вольноду'мцемъ, о вольноду'мцѣ	 
 	вольное		во'льное	 
 	вольнонаёмный		вольнонаёмный	 
 	вольноопределяющийся		вольноопредѣля'ющійся	 
 	вольные		во'льные (м. р.), во'льныя (ж. р. и ср. р.)	 
 	Вольтер		Вольте'ръ	 
 	вольтижёр		вольтижёръ, волтижёръ (наѣ'здникъ; возду'шный гимна'стъ)	 
 	воля		во'ля, на во'лѣ, во'льный, во'льнаго, вольнѣ'е	 
 	вомнёт		вомнётъ	 
 	вонзённый		вонзённый	 
 	воображать		вообража'ть, вообража'етъ	 
 	воображение		воображе'ніе	 
 	вообще		вообще', вообще'-то, но въ о'бщемъ	 
 	воодушевлён		воодушевлёнъ	 
 	воодушевление		воодушевле'ніе	 
 	вооружён		вооружёнъ	 
 	вооружение		вооруже'ніе	 
 	воочию		воо'чію (свои'ми глаза'ми, ли'чно; нагля'дно, я'вственно)	 
 	во-первых		во-пе'рвыхъ	 
 	вопиющего		вопію'щаго	 
 	вопиющее		вопію'щее	 
 	вопиющие		вопію'щіе (м. р.), вопію'щія (ж. р. и ср. р.)	 
 	вопиющий		вопію'щій, вопію'щаго	 
 	воплощается		воплоща'ется	 
 	воплощён		воплощёнъ	 
 	воплощение		воплоще'ніе	 
 	воплощённого		воплощённаго	 
 	воплощённое		воплощённое	 
 	воплощённые		воплощённые (м. р.), воплощённыя (ж. р. и ср. р.)	 
 	воплощённый		воплощённый, воплощённаго	 
 	вопреки		вопреки'	 
 	вопрос		вопро'съ, въ вопро'сѣ	 
 	вопросительный		вопроси'тельный, вопроси'тельнаго	 
 	вопрошает		вопроша'етъ	 
 	вопьётся		вопьётся	 
 	ворвётся		ворвётся	 
 	воришка		вори'шка, о вори'шкѣ	 
 	воробей		воробе'й, воро'бышекъ, воро'бушекъ	 
 	воробушек		воро'бушекъ, воро'бышекъ	 
 	воробышек		воро'бышекъ, воро'бушекъ	 
 	воровать		ворова'ть	 
 	ворожея		вороже'я (ж. р. же'нщина, занима'ющаяся ворожбо'й; колду'нья; гада'лка), вороже'йка, вороже'екъ	 
 	ворон		во'ронъ, вороньё	 
 	Воронеж		Воро'нежъ	 
 	воронение		вороне'ніе	 
 	воронёнок		воронёнокъ	 
 	воронёный		воронёный	 
 	воронец		вороне'цъ	 
 	ворот		во'ротъ, на во'ротѣ	 
 	ворота		воро'та	 
 	воротиться		вороти'ться, вороти'вшійся	 
 	ворох		во'рохъ, въ во'рохѣ	 
 	ворочаться		воро'чаться	 
 	ворошён		ворошёнъ	 
 	ворует		вору'етъ, вору'ете, вору'емъ, вору'ешь, вору'ютъ	 
 	ворчание		ворча'ніе, ворча'нье	 
 	ворчанием		ворча'ніемъ	 
 	ворчанье		ворча'нье, ворча'ніе	 
 	ворчать		ворча'ть, ворча'лъ, ворча'ли, ворча'ла, ворча'ло, ворчи'шь, ворчи'мъ, ворчи'тъ	 
 	ворчливее		ворчли'вѣе	 
 	ворчливого		ворчли'ваго	 
 	ворчливое		ворчли'вое	 
 	ворчливые		ворчли'вые (м. р.), ворчли'выя (ж. р. и ср. р.)	 
 	ворчливый		ворчли'вый, ворчли'ваго	 
 	ворьё		ворьё	 
 	восвояси		во-своя'си	 
 	восемнадцать		восемна'дцать и осьмна'дцать (не восемьна'дцать!)	 
 	восемь		во'семь (не во'семъ!), во'семь-де'сять но во'семьдесятъ	 
 	восемьдесят		во'семьдесятъ (не во'семдесятъ! и не во'семдесять! и не во'семьдесять!), но шту'къ во'семь-де'сять	 
 	восемьсот		восемьсо'тъ (не восемсо'тъ!)	 
 	воскликнуть		воскли'кнуть	 
 	восклицание		восклица'ніе	 
 	восковое		восково'е, восково'го	 
 	воскрес		воскре'съ, цepк. воскре'се	 
 	воскресе		воскре'се	 
 	воскресение		Воскресе'ніе (дѣ'йствіе), но воскресе'нье (день недѣ'ли)	 
 	воскресенье		воскресе'нье, въ воскресе'нье (день недѣ'ли), но Воскресе'ніе (дѣ'йствіе)	 
 	воскреснет		воскре'снетъ	 
 	воскреснуть		воскре'снуть	 
 	воскресший		воскре'сшій, воскре'сшаго, воскре'сшимъ	 
 	воскрешён		воскрешёнъ	 
 	воскрешение		воскреше'ніе (отъ глаго'ла воскреси'ть: воскреше'ніе Ла'заря)	 
 	воскурение		воскуре'ніе (ѳиміа'ма)	 
 	вослед		вослѣ'дъ	 
 	во сне		во снѣ'	 
 	в особенности		въ осо'бенности	 
 	воспалён		воспалёнъ	 
 	воспалённый		воспалённый, воспалённаго	 
 	воспаление		воспале'ніе	 
 	воспевает		воспѣва'етъ	 
 	воспевание		воспѣва'ніе	 
 	воспетые		воспѣ'тые (м. р.), воспѣ'тыя (ж. р. и ср. р.)	 
 	воспетый		воспѣ'тый, воспѣ'таго	 
 	воспитание		воспита'ніе	 
 	воспитанник		воспи'танникъ, о воспи'танникѣ	 
 	воспитатель		воспита'тель, о воспита'телѣ	 
 	воспламенён		воспламенёнъ	 
 	воспламенение		воспламене'ніе	 
 	воспоём		воспоёмъ	 
 	воспоён		воспоёнъ	 
 	воспоёт		воспоётъ	 
 	восполнение		восполне'ніе	 
 	восполненный		воспо'лненный, воспо'лненнаго	 
 	воспользоваться		воспо'льзоваться	 
 	воспоминание		воспомина'ніе	 
 	воспоследование		воспослѣ'дованіе, воспослѣ'дуешь	 
 	воспрепятствовать		воспрепя'тствовать	 
 	воспрещается		воспреща'ется (входи'ть и выходи'ть во вре'мя движе'нія воспреща'ется)	 
 	воспрещён		воспрещёнъ	 
 	воспрещение		воспреще'ніе	 
 	воспрещено		воспрещено'	 
 	восприемник		воспріе'мникъ (принима'тель), не воспрее'мникъ! но пріе'мникъ, прее'мникъ и пріёмникъ	 
 	восприятие		воспрія'тіе, воспринима'ешь	 
 	воспроизведён		воспроизведёнъ	 
 	воспроизведение		воспроизведе'ніе	 
 	воспроизводство		воспроизво'дство	 
 	воспрянет		воспря'нетъ, воспря'немъ, воспря'нешь	 
 	восседать		возседа'ть	 
 	воссиял		возсія'лъ (засія'лъ)	 
 	воссоединить		возсоедини'ть	 
 	воссоздать		возсозда'ть	 
 	восставать		возстава'ть	 
 	восставшие		возста'вшіе (м. р.), возста'вшія (ж. р. и ср. р.)	 
 	восставший		возста'вшій	 
 	восстаёт		возстаётъ	 
 	восстал		возста'лъ	 
 	восстали		возста'ли	 
 	восстание		возста'ніе	 
 	восстания		возста'нія	 
 	восстановить		возстанови'ть	 
 	восстановление		возстановле'ніе	 
 	восстановленный		возстано'вленный	 
 	восстать		возста'ть, возста'ніе	 
 	восток		восто'къ, на восто'кѣ	 
 	востоковедение		востоковѣ'дѣніе, востоковѣ'дческій	 
 	восторг		восто'ргъ, въ восто'ргѣ	 
 	восторженность		восто'рженность	 
 	восточнее		восто'чнѣе	 
 	восточное		восто'чное, восто'чнаго	 
 	восточные		восто'чные (м. р.), восто'чныя (ж. р. и ср. р.)	 
 	востребованный		востре'бованный	 
 	востренький		во'стренькій	 
 	восхваление		восхвале'ніе	 
 	восхитительно-приятно		восхити'тельно-прія'тно	 
 	восхищён		восхищёнъ, восхищённый, восхищённаго	 
 	восхищение		восхище'ніе	 
 	восхождение		восхожде'ніе	 
 	восхотеть		восхотѣ'ть, восхотѣ'лъ, восхотѣ'въ, восхо'чешь, восхо'четъ, восхоти'те	 
 	восшествие		восше'ствіе	 
 	восьмеричный		восьмери'чный	 
 	восьмёрка		восьмёрка и осьмёрка	 
 	восьмого		восьмо'го	 
 	восьмое		восьмо'е	 
 	восьмой		восьмо'й и осьмо'й, восьмо'го	 
 	вот-вот		вотъ-вотъ	 
 	воткнёт		воткнётъ	 
 	в отместку		въ отме'стку	 
 	вотрёт		вотрётъ	 
 	вотчина		во'тчина и о'тчина (родово'е наслѣ'дственное земе'льное владѣ'ніе)	 
 	вотще		вотще' (наpѣч. — напра'сно, ср. — тще'тный) — уcтap.	 
 	воцарение		воцаре'ніе	 
 	вочеловечение		вочеловѣ'ченіе	 
 	вошедший		воше'дшій, воше'дшаго, воше'дшей	 
 	вошёл		вошёлъ	 
 	вошьёт		вошьётъ	 
 	вощаной		вощано'й (сдѣ'ланный изъ во'ску), вощёный (вощи'ть)	 
 	вощёный		вощёный (вощи'ть), вощано'й (сдѣ'ланный изъ во'ску)	 
 	воюем		вою'емъ (отъ воева'ть)	 
 	вояжёр		вояжёръ (путеше'ственникъ)	 
вп 	впавшее		впа'вшее	^
 	впадение		впаде'ніе	 
 	впадёт		впадётъ	 
 	впервой		вперво'й, впервы'е	 
 	впервые		впервы'е, вперво'й	 
 	вперевалку		вперева'лку	 
 	вперегонку		вперего'нку	 
 	вперёд		вперёдъ	 
 	впереди		впереди', вперёдъ	 
 	впереймы		впереймы' (наперерѣ'зъ, вперехва'тъ)	 
 	вперекрёст		вперекрёстъ (кре'стъ-на'крестъ)	 
 	вперемежку		впереме'жку (по-перемѣ'нно, то оди'нъ, то друго'й, отъ сло'ва ме'жду), но вперемѣ'шку	 
 	вперемешку		вперемѣ'шку (смѣ'шанно), но впереме'жку	 
 	вперехлёст		вперехлёстъ (кре'стъ-на'крестъ; наперебо'й)	 
 	вперить		впе'рить, впе'рять (останови'ть взгля'дъ)	 
 	впёрлись		впёрлись	 
 	вперять		впе'рять, впе'рить (останови'ть взгля'дъ)	 
 	в песне		въ пѣ'снѣ (поётся)	 
 	впечатление		впечатлѣ'ніе	 
 	впечатлительный		впечатли'тельный	 
 	впечатляет		впечатля'етъ	 
 	впихнёт		впихнётъ	 
 	вплавь		впла'вь	 
 	вплёл		вплёлъ	 
 	вплести		впле'сти, впле'сть, впле'тать	 
 	вплесть		впле'сть, впле'сти, впле'тать	 
 	вплетать		впле'тать	 
 	вплетён		вплетёнъ	 
 	вплотную		вплотну'ю	 
 	вплоть		впло'ть	 
 	вплывёт		вплывётъ	 
 	в полголоса		въ-полго'лоса	 
 	вползёт		вползётъ	 
 	вполне		вполнѣ'	 
 	вполовину		вполови'ну	 
 	вполпути		вполпути'	 
 	вполпьяна		вполпьяна'	 
 	вполсыта		вполсыта'	 
 	в помине		въ поми'нѣ нѣ'тъ, нѣ'тъ и въ поми'нѣ (нѣ'тъ совсѣ'мъ)	 
 	впопыхах		впопыха'хъ (торопли'во, кра'йне спѣ'шно)	 
 	впорожне		впорожнѣ', порожнёмъ, порожмя'	 
 	впору		впо'ру (наpѣч. — пла'тье какъ разъ впо'ру), но въ по'ру ю'ности	 
 	впорхнёт		впорхнётъ	 
 	впоследствии		впослѣ'дствіи	 
 	в поте		въ по'тѣ лица' своего'	 
 	впотьмах		впотьма'хъ	 
 	в пояс		въ-по'ясъ (кла'няться)	 
 	вправду		впра'вду	 
 	вправе		вправѣ' (наpѣч. — вправѣ' оста'лась дере'вня), но я не въ пра'вѣ отпусти'ть лошаде'й	 
 	вправо		впра'во	 
 	в прах		впра'хъ, впу'хъ (проигра'ться впу'хъ и впра'хъ — соверше'нно)	 
 	впредь		впре'дь (на бу'дущее, въ бу'дущемъ)	 
 	в придачу		въ прида'чу	 
 	в пример		въ примѣ'ръ (ста'вить кого'-либо въ примѣ'ръ)	 
 	вприпрыжку		въ припры'жку	 
 	вприсядку		въ прися'дку, въ-прися'дку	 
 	в продолжение		въ продолже'ніе (дня)	 
 	впрок		впро'къ	 
 	впросак		впроса'къ	 
 	впрочем		впро'чемъ	 
 	в прошлом		въ про'шломъ	 
 	впрыскивание		впры'скиваніе	 
 	впряжённый		впряжённый, впряжённаго	 
 	впрямь		впря'мь	 
 	впрячь		впря'чь	 
 	впусте		впу'стѣ — уcтap.	 
 	в пух		впу'хъ, впра'хъ (проигра'ться впу'хъ и впра'хъ — соверше'нно)	 
 	впущенный		впу'щенный, впу'щеннаго	 
 	впятеро		впя'теро	 
 	впятером		впятеро'мъ	 
 	в-пятых		въ-пя'тыхъ	 
вр 	в работе		въ рабо'тѣ	^
 	враг		врагъ, о врагѣ'	 
 	враждебный		вражде'бный, вражде'бенъ, вражде'бнѣе	 
 	вражек		вра'жекъ (овра'жекъ, нaпр. Си'вцевъ-Вра'жекъ)	 
 	вражеские		вра'жескіе (м. р.), вра'жескія (ж. р. и ср. р.)	 
 	вражеский		вра'жескій, вра'жескаго	 
 	вражеского		вра'жескаго	 
 	вражеское		вра'жеское	 
 	вражий		вра'жій	 
 	враз		вразъ	 
 	вразбивку		въ разби'вку	 
 	вразброд		вразбро'дъ	 
 	вразброс		вразбро'съ	 
 	вразлёт		вразлётъ	 
 	вразмёт		вразмётъ	 
 	вразрез		вразрѣ'зъ, въ разрѣ'зъ	 
 	вразумить		вразуми'ть	 
 	вразумлён		вразумлёнъ	 
 	вразумление		вразумле'ніе	 
 	Врангель		Вра'нгель	 
 	враньё		враньё	 
 	врасплох		враспло'хъ	 
 	врассыпную		вразсыпну'ю	 
 	врастать		враста'ть и вроста'ть	 
 	врастёт		врастётъ и вростётъ	 
 	врасти		врасти' и врости'	 
 	врач		врачъ, о врачѣ', врачёмъ и врачо'мъ	 
 	врачебного		враче'бнаго	 
 	врачебное		враче'бное	 
 	врачебные		враче'бные (м. р.), враче'бныя (ж. р. и ср. р.)	 
 	врачебный		враче'бный, враче'бнаго	 
 	врачевание		врачева'ніе (лече'ніе, исцѣле'ніе)	 
 	врачеватель		врачева'тель	 
 	врачевать		врачева'ть	 
 	врачевство		врачевство' цeрк. (лека'рство, сна'добье, сре'дство), врачевство' ду'ха	 
 	врачуем		врачу'емъ, врачу'етъ, врачу'ешь	 
 	вращение		враще'ніе	 
 	вред		вре'дъ, вреди'ть, вреди'тель	 
 	вредитель		вреди'тель	 
 	вреднее		вреднѣ'е	 
 	вредно		вре'дно	 
 	вредного		вре'днаго	 
 	вредное		вре'дное	 
 	вредные		вре'дные (м. р.), вре'дныя (ж. р. и ср. р.)	 
 	вредный		вре'дный, вре'днаго	 
 	врезается		врѣза'ется	 
 	врезался		врѣза'лся и врѣ'зался	 
 	врезанный		врѣ'занный	 
 	врезаться		врѣ'заться и врѣза'ться	 
 	врезка		врѣ'зка	 
 	времён		времёнъ	 
 	времена		времена', времёнъ, времена'мъ	 
 	временами		времена'ми	 
 	временем		вре'менемъ, тѣ'мъ вре'менемъ	 
 	времени		вре'мени	 
 	временно		вре'менно	 
 	временного		вре'меннаго	 
 	временное		вре'менное	 
 	временные		вре'менные (м. р.), вре'менныя (ж. р. и ср. р.)	 
 	временный		вре'менный, вре'меннаго	 
 	временщик		временщи'къ (фавори'тъ мона'рха; человѣ'къ, находя'щійся у вла'сти случа'йно, вре'менно, не забо'тящійся о по'льзѣ дѣ'ла, о бу'дущемъ)	 
 	времечко		вре'мечко	 
 	время		вре'мя, вре'мени, вре'менемъ, времена', времёнъ, времена'мъ	 
 	времяисчисление		времясчисле'ніе	 
 	времяпрепровождение		времяпрепровожде'ніе	 
 	врёт		врётъ	 
 	вретище		вре'тище, вере'тище (оде'жда изъ гру'бой то'лстой тка'ни — вере'тья; ру'бище)	 
 	врёшь		врёшь	 
 	вровень		вро'вень	 
 	вроде		въ ро'дѣ и вро'дѣ (что'-то въ ро'дѣ лопа'ты), прoст. навро'дѣ	 
 	в роде		въ ро'дѣ, въ роду' (еди'нственному мужчи'нѣ въ ихъ ро'дѣ и наслѣ'днику)	 
 	вроде бы		въ ро'дѣ какъ бы и вро'дѣ какъ бы (отдѣ'льно въ смы'слѣ «да, какъ-бу'дто» не употребля'лось!)	 
 	вроде как		въ ро'дѣ какъ, въ ро'дѣ какъ бы и вро'дѣ какъ, вро'дѣ какъ бы	 
 	врождённый		врождённый, врождённаго	 
 	врозницу		вро'зницу	 
 	врозь		вро'зь, вро'знь	 
 	врукопашную		врукопа'шную	 
 	вруцелето		вруцелѣ'то (ме'тодъ у'стнаго счёта съ испо'льзованіемъ па'льцевъ ру'къ для опредѣле'нія дне'й недѣ'ли)	 
 	вручён		вручёнъ	 
 	вручение		вруче'ніе	 
 	вручную		вручну'ю	 
 	вряд		вря'дъ (наpѣч. — вря'дъ ли онъ придётъ), но сѣсть въ рядъ	 
вс 	всасывание		вса'сываніе	^
 	в связи		въ связи'	 
 	все		всѣ (мн. ч.), всѣ'ми, всѣ'мъ (твор. пад.), всѣхъ (род. пад.)	 
 	всё		всё — (ед. ч.), всего' (род. пад.), всей и все'ю, всему' (дат. пад.)	 
 	всеблагий		всеблагі'й, всеблаго'го	 
 	всеблагой		всеблаго'й, цeрк. всеблагі'й, всеблаго'го	 
 	всеведение		всевѣ'дѣніе (зна'ніе всего', спосо'бность прони'кнуть во всѣ та'йны)	 
 	Всеведущий		Всевѣ'дущій (въ христіа'нствѣ — одно' изъ имёнъ Бо'га)	 
 	всевидящий		всеви'дящій	 
 	всевозможные		всевозмо'жные (м. р.), всевозмо'жныя (ж. р. и ср. р.)	 
 	всевозможный		всевозмо'жный	 
 	Всеволод		Все'володъ	 
 	Всевышнего		Всевы'шняго	 
 	Всевышний		Всевы'шній (въ христіа'нствѣ — одно' изъ имёнъ Бо'га), Всевы'шняго	 
 	всегда		всегда'	 
 	всегдашнего		всегда'шняго	 
 	всегдашнее		всегда'шнее	 
 	всегдашние		всегда'шніе (м. р.), всегда'шнія (ж. р. и ср. р.)	 
 	всегдашний		всегда'шній, всегда'шняго	 
 	всего		всего'	 
 	всего лишь		всего' лишь	 
 	всего-навсего		всего'-на'-всего	 
 	Вседержитель		Вседержи'тель (въ христіа'нствѣ — одно' изъ имёнъ Бо'га)	 
 	вседозволенность		вседозво'ленность	 
 	в-седьмых		въ-седьмы'хъ	 
 	всеедная		всеѣ'дная (цepк. всеѣ'дная недѣ'ля), всеѣ'дный и всея'дный (о живо'тныхъ)	 
 	всё же		всё-же	 
 	всезнайка		всезна'йка (человѣ'къ, самоувѣ'ренно счита'ющій, что онъ зна'етъ всё)	 
 	всей		все'й, все'ю (си'лою души'); всея' (цeрк. — Патріа'рхъ Моско'вскій и всея' Руси')	 
 	всеконечно		всеконе'чно (безусло'вно, несомнѣ'нно)	 
 	вселенная		вселе'нная (ко'смосъ, міръ)	 
 	вселённая		вселённая (въ кварти'ру)	 
 	вселенский		вселе'нскій (всемі'рный)	 
 	вселиться		всели'ться, всели'ть, все'литъ	 
 	вселяться		вселя'ться, вселя'ть, вселя'етъ	 
 	всем		всѣмъ (по всѣмъ статья'мъ)	 
 	всём		всёмъ (довѣря'лъ во всёмъ)	 
 	всемерно		всемѣ'рно	 
 	всемером		всемеро'мъ	 
 	всеместно		всемѣ'стно (повсемѣ'стно, вездѣ', во всѣ'хъ мѣста'хъ)	 
 	всеми		всѣ'ми	 
 	Всемилосердный		Всемилосе'рдный (въ христіа'нствѣ — одно' изъ имёнъ Бо'га)	 
 	всемилостивейший		всеми'лостивѣйшій	 
 	всемирный		всемі'рный, но ми'рный	 
 	всемогущественный		всемогу'щественный	 
 	всемогущество		всемогу'щество	 
 	Всемогущий		Всемогу'щій (въ христіа'нствѣ — одно' изъ имёнъ Бо'га)	 
 	всему		всему'	 
 	всенародное		всенаро'дное	 
 	всенародные		всенаро'дные (м. р.), всенаро'дныя (ж. р. и ср. р.)	 
 	всенародный		всенаро'дный, всенаро'днаго	 
 	всенепременнейший		всенепремѣ'ннѣйшій	 
 	всенепременно		всенепремѣ'нно	 
 	всенощная		все'нощная и все'ночная (пра'здничное богослуже'ніе, для'щееся всю но'чь)	 
 	всенощное		все'нощное бдѣ'ніе (церко'вная слу'жба)	 
 	всенощный		всено'щный и всенощно'й	 
 	всеобщего		всео'бщаго	 
 	всеобщее		всео'бщее	 
 	всеобщий		всео'бщій, всео'бщаго, всео'бщее	 
 	всеобъемлющий		всеобъе'млющій	 
 	Всепетая		Всепѣ'тая	 
 	всепокорнейший		всепоко'рнѣйшій	 
 	всепрощение		всепроще'ніе	 
 	в сердцах		всердца'хъ	 
 	всероссийская		всероссі'йская	 
 	всероссийские		всероссі'йскіе (м. р.), всероссі'йскія (ж. р. и ср. р.)	 
 	всероссийский		всероссі'йскій, всероссі'йскаго	 
 	всероссийского		всероссі'йскаго	 
 	всероссийское		всероссі'йское	 
 	всерьёз		всерьёзъ	 
 	всесветный		всесвѣ'тный (о'бщій, всемі'рный)	 
 	всесильный		всеси'льный, всеси'ленъ	 
 	всесожжение		всесожже'ніе (жертвоприноше'ніе, при кото'ромъ же'ртва должна' быть сожжена' по'лностью)	 
 	всесторонне		всесторо'нне	 
 	всестороннего		всесторо'нняго	 
 	всестороннее		всесторо'ннее	 
 	всесторонние		всесторо'нніе (м. р.), всесторо'ннія (ж. р. и ср. р.)	 
 	всесторонний		всесторо'нній	 
 	всесторонняя		всесторо'нняя	 
 	всё-таки		всё-таки	 
 	всех		всѣхъ	 
 	всецело		всецѣ'ло (по'лностью, цѣлико'мъ)	 
 	всечасно		всеча'сно (безпреры'вно, постоя'нно)	 
 	всея		всея' (цeрк. все'й)	 
 	всеядный		всея'дный, всеѣ'дный	 
 	вскачь		вскачь	 
 	вскипел		вскипѣ'лъ	 
 	вскипячён		вскипячёнъ	 
 	всклокоченный		всклоко'ченный	 
 	вскользь		вско'льзь	 
 	всколыхнёт		всколыхнётъ	 
 	вскоре		вско'рѣ	 
 	вскормленный		вско'рмленный, пoэт. вскормлённый	 
 	вскрытие		вскры'тіе	 
 	всласть		всла'сть	 
 	вслед		вслѣ'дъ, вослѣ'дъ	 
 	вследствие		вслѣ'дствіе (по причи'нѣ, изъ-за' чего'-либо), не вслѣ'дствіи!	 
 	в следствии		въ слѣ'дствіи (въ разслѣ'дованіи), но вслѣ'дствіе (по причи'нѣ, изъ-за' чего'-либо)	 
 	вслепую		вслѣпу'ю	 
 	вслух		вслу'хъ (наpѣч.), но я весь преврати'лся въ слу'хъ	 
 	всмотреться		всмотрѣ'ться	 
 	всмятку		всмя'тку	 
 	в сопровождении		въ сопровожде'ніи	 
 	всосёт		всосётъ	 
 	вспенить		вспѣ'нить	 
 	всплакнёт		всплакнётъ	 
 	всплеск		вспле'скъ	 
 	всплеснёт		всплеснётъ	 
 	всплеснуть		всплесну'ть	 
 	всплошную		всплошну'ю	 
 	всплывёт		всплывётъ	 
 	вспоённый		вспоённый	 
 	всползёт		всползётъ	 
 	всполохнёт		всполохнётъ	 
 	всполошён		всполошёнъ	 
 	всполыхнёт		всполыхнётъ	 
 	вспоминайте		вспомина'йте	 
 	вспоможение		вспоможе'ніе	 
 	вспомоществование		вспомоществова'ніе	 
 	вспорхнёт		вспорхнётъ	 
 	вспорхнуть		вспорхну'ть	 
 	вспотеть		вспотѣ'ть, вспотѣ'ешь	 
 	вспрыгнуть		вспры'гнуть	 
 	вспугнёт		вспугнётъ	 
 	вспыхивает		вспы'хиваетъ	 
 	вспять		вспя'ть	 
 	вставайте		встава'йте	 
 	вставленный		вста'вленный, вста'вленнаго	 
 	вставляет		вставля'етъ	 
 	вставьте		вста'вьте	 
 	встаёт		встаётъ, встава'ніе, почти'ть встава'ніемъ	 
 	встанем		вста'немъ	 
 	в старину		встарину'	 
 	встарь		вста'рь	 
 	встревать		встрева'ть, встрева'ете	 
 	встревоженный		встрево'женный	 
 	встрёпан		встрёпанъ	 
 	встрепенуться		встрепену'ться	 
 	встретившего		встрѣ'тившаго	 
 	встретившие		встрѣ'тившіе (м. р.), встрѣ'тившія (ж. р. и ср. р.)	 
 	встретившиеся		встрѣ'тившіеся (м. р.), встрѣ'тившіяся (ж. р. и ср. р.)	 
 	встретивший		встрѣ'тившій, встрѣ'тившаго	 
 	встретились		встрѣ'тились	 
 	встретим		встрѣ'тимъ	 
 	встретимся		встрѣ'тимся	 
 	встретит		встрѣ'титъ	 
 	встретится		встрѣ'тится	 
 	встретить		встрѣ'тить, встрѣча'ть, встрѣча'етъ	 
 	встретишься		встрѣ'тишься	 
 	встретишь		встрѣ'тишь	 
 	встреть		встрѣ'ть	 
 	встретят		встрѣ'тятъ	 
 	встретятся		встрѣ'тятся	 
 	встреча		встрѣ'ча, встрѣ'чей, на встрѣ'чѣ, на встрѣ'чу и наpѣч. навстрѣ'чу	 
 	встречает		встрѣча'етъ, встрѣча'емъ, встрѣча'ешь, встрѣча'ютъ	 
 	встречай		встрѣча'й	 
 	встречайте		встрѣча'йте, встрѣча'йтесь	 
 	встречался		встрѣча'лся, встрѣча'лась, встрѣча'лись	 
 	встречают		встрѣча'ютъ	 
 	встречен		встрѣ'ченъ, встрѣ'чена, встрѣ'чены, встрѣ'чено	 
 	встреченный		встрѣ'ченный, встрѣ'ченнаго	 
 	встречка		встрѣ'чка, на встрѣ'чкѣ	 
 	встречное		встрѣ'чное	 
 	встречные		встрѣ'чные (м. р.), встрѣ'чныя (ж. р. и ср. р.)	 
 	встречный		встрѣ'чный, встрѣ'чнаго	 
 	встроенный		встро'енный, встро'еннаго, встро'енной	 
 	вступайте		вступа'йте	 
 	вступление		вступле'ніе	 
 	всуе		всу'е (напра'сно, зря, безъ необходи'мости)	 
 	всухомятку		всухомя'тку (ѣсть пи'щу не запива'я)	 
 	всхожесть		всхо'жесть	 
 	всхолмлённый		всхолмлённый	 
 	всхрапнёт		всхрапнётъ	 
 	всюду		всю'ду	 
 	всякие		вся'кіе (м. р.), вся'кія (ж. р. и ср. р.)	 
 	всякий		вся'кій, вся'кая, вся'каго, вся'кой	 
 	всякого		вся'каго	 
 	всякое		вся'кое	 
 	всяческие		вся'ческіе (м. р.), вся'ческія (ж. р. и ср. р.)	 
 	всяческий		вся'ческій, вся'ческаго	 
вт 	втайне		вта'йнѣ (наpѣч. — твори'ть ми'лостыню вта'йнѣ), но въ та'йнѣ э'той онъ созна'лся	^
 	втёк		втёкъ	 
 	втекать		втека'ть	 
 	втемяшить		втемя'шить (насто'йчиво внуша'я, про'чно укрѣпи'ть въ чьёмъ-ли'бо созна'ніи)	 
 	втёр		втёръ	 
 	втереть		втере'ть	 
 	втесаться		втеса'ться (вмѣ'шиваться, проника'ть)	 
 	втеснённый		втѣснённый	 
 	в течение		въ тече'ніе (дня), но въ ни'жнемъ тече'ніи (рѣки')	 
 	в течении		въ ни'жнемъ тече'ніи (рѣки'), но въ тече'ніе (дня)	 
 	втечёт		втечётъ	 
 	втихомолку		втихомо'лку (потихо'ньку, тайко'мъ, незамѣ'тно для други'хъ; безмо'лвно)	 
 	в тиши		втиши' (наpѣч.), но въ тиши' лѣсно'й	 
 	втолкнёт		втолкнётъ	 
 	в том числе		въ томъ числѣ'	 
 	вторжение		вторже'ніе	 
 	вторник		вто'рникъ, о то'мъ вто'рникѣ	 
 	второе		второ'е, второ'го	 
 	второпях		второпя'хъ	 
 	второстепенный		второстепе'нный, второстепе'ннаго	 
 	вторые		вторы'е (м. р.), вторы'я (ж. р. и ср. р.)	 
 	в-третьих		въ-тре'тьихъ, въ тре'тьихъ	 
 	втридорога		втри'дорога	 
 	втрое		втро'е и въ тро'е, втройнѣ' и въ тройнѣ'	 
 	втроём		втроёмъ	 
 	втройне		втройнѣ' и въ тройнѣ'	 
 	втуне		вту'не (безъ результа'та, безъ внима'нія; безъ употребле'нія, безъ испо'льзованія) — уcтap., ра'нѣе — вту'нѣ	 
 	в тупик		втупи'къ (поста'вить втупи'къ — озада'чить), но заѣ'хать въ тупи'къ	 
ву 	вуалетка		вуале'тка, въ вуале'ткѣ	^
 	вуалехвост		вуалехво'стъ (аква'ріумная ры'бка)	 
 	вуатюретка		вуатюре'тка (видъ стари'ннаго автомоби'льнаго ку'зова съ дви'гателемъ подъ сидѣ'ньемъ)	 
 	вуз		в. у. з. (вы'сшее уче'бное заведе'ніе), в.-у. з. (вое'нно-уче'бное заведе'ніе)	 
 	вулкан		вулка'нъ и волка'нъ, какъ на вулка'нѣ	 
 	вулканический		вулкани'ческій, вулкани'ческаго, вулкани'ческимъ	 
 	вульгарен		вульга'ренъ	 
 	вульгарнее		вульга'рнѣе	 
 	вульгарное		вульга'рное	 
 	вульгарные		вульга'рные (м. р.), вульга'рныя (ж. р. и ср. р.)	 
 	вульгарный		вульга'рный, вульга'рнаго	 
 	вусмерть		ву'смерть (о'чень си'льно, до поте'ри созна'нія)	 
вх 	вход		входъ (пара'дный входъ), но пошёлъ въ ходъ (въ дѣ'ло), на вхо'дѣ	^
 	входе		на вхо'дѣ	 
 	в ходе		въ хо'дѣ слѣ'дствія	 
 	входить		входи'ть, входи'те и вхо'дите	 
 	вхождение		вхожде'ніе	 
вц 	в целом		въ цѣ'ломъ	^
 	вцепиться		вцѣпи'ться	 
вч 	вчера		вчера', вечо'ръ	^
 	вчерашнего		вчера'шняго	 
 	вчерашнее		вчера'шнее	 
 	вчерашние		вчера'шніе (м. р.), вчера'шнія (ж. р. и ср. р.)	 
 	вчерашний		вчера'шній, вчера'шняго	 
 	вчерне		вчернѣ' (безъ оконча'тельной отдѣ'лки; на'черно), см. ткж. вкраснѣ', вбѣлѣ'	 
 	вчетверо		вче'тверо	 
 	вчетвером		вчетверо'мъ	 
 	в-четвёртых		въ-четвёртыхъ	 
 	вчинён		вчинёнъ (предъя'вленъ)	 
 	в числе		въ числѣ' про'чихъ	 
 	вчистую		вчисту'ю (оконча'тельно), но въ чи'стую ко'мнату	 
 	вчуже		вчу'жѣ (съ то'чки зрѣ'нія посторо'нняго; со стороны') — уcтap.	 
вш 	вша		вша, вше'й, вши'вый	^
 	вшестеро		вше'стеро	 
 	вшестером		вшестеро'мъ	 
 	в-шестых		въ-шесты'хъ	 
 	в шею		въ ше'ю (вы'толкать)	 
вь 	вьёмся		вьёмся	^
 	вьёт		вьётъ	 
 	вьёшь		вьёшь	 
 	вьёшься		вьёшься	 
 	вьюга		вью'га	 
 	вьюговей		вьюговѣ'й	 
 	вьючение		вью'ченье	 
вы 	выбегать		выбѣга'ть	^
 	выбежать		вы'бѣжать	 
 	выбеленный		вы'бѣленный	 
 	выбери		вы'бери	 
 	выберись		вы'берись	 
 	выберу		вы'беру, вы'беремъ, вы'беретъ, вы'берете, вы'берешь, вы'берутъ	 
 	выберусь		вы'берусь, вы'беремся, вы'берется, вы'беретесь, вы'берешься, вы'берутся	 
 	выбесится		вы'бѣсится, вы'бѣсимся, вы'бѣсишься	 
 	выбеситься		вы'бѣситься	 
 	выбешусь		вы'бѣшусь	 
 	выбирает		выбира'етъ, выбира'емъ, выбира'ешь, выбира'ютъ	 
 	выбирается		выбира'ется, выбира'емся, выбира'ешься, выбира'ются	 
 	выбирайте		выбира'йте	 
 	выбирайтесь		выбира'йтесь	 
 	выблёвывает		выблёвываетъ	 
 	выбленка		вы'бленка (мор. — небольша'я верёвка)	 
 	выбленочный		вы'бленочный (у'зелъ)	 
 	выбоина		вы'боина, въ вы'боинѣ	 
 	выбор		вы'боръ, вы'беретъ, выбира'етъ, вы'боры, при вы'борѣ	 
 	выбранное		вы'бранное	 
 	выбранные		вы'бранные (м. р.), вы'бранныя (ж. р. и ср. р.)	 
 	вываренный		вы'варенный	 
 	выведанный		вы'вѣданный, вы'вѣданнаго	 
 	выведать		вы'вѣдать, но вы'ведутъ	 
 	выведенный		вы'веденный, вы'веденнаго	 
 	выведет		вы'ведетъ, вы'ведете, вы'ведемъ, вы'ведешь, вы'ведутъ	 
 	вывезти		вы'везти (отъ вози'ть) и вы'везть	 
 	выверить		вы'вѣрить	 
 	вывернуть		вы'вернуть	 
 	выверт		вы'вертъ (неесте'ственное тѣлодвиже'ніе; отступле'ніе отъ но'рмы, причу'да, ухищре'ніе)	 
 	вывертеть		вы'вертѣть	 
 	вывёртывать		вывёртывать	 
 	выверять		вывѣря'ть (тща'тельно провѣря'ть то'чность чего'-ли'бо; свѣря'ть), вы'вѣренный	 
 	вывесить		вы'вѣсить	 
 	вывеска		вы'вѣска, на вы'вѣскѣ	 
 	вывести		вы'вести, вы'ведутъ, вы'велъ	 
 	выветренный		вы'вѣтренный	 
 	выветривание		вывѣ'триваніе	 
 	вывешивание		вывѣ'шиваніе	 
 	выгадать		вы'гадать	 
 	выглаженный		вы'глаженный	 
 	выглядел		вы'глядѣлъ	 
 	выглядеть		вы'глядѣть	 
 	выглядите		вы'глядите	 
 	выглянет		выгля'нетъ	 
 	выглянете		выгля'нете	 
 	выгнуть		вы'гнуть, вы'гнетъ	 
 	выгоднее		вы'годнѣе	 
 	выгон		вы'гонъ, на вы'гонѣ	 
 	выгоняет		выгоня'етъ	 
 	выгореть		вы'горѣть	 
 	выгребная		выгребна'я (ассенизаціо'нная я'ма)	 
 	выдаваемый		выдава'емый, выдава'емаго	 
 	выдаёт		выдаётъ, выдаёте, выдаёмъ, выдаёшь	 
 	выданьи		на вы'даньи (не упoтр. вы'данье)	 
 	выдающийся		выдаю'щійся, выдаю'щагося	 
 	выдающегося		выдаю'щагося	 
 	выделение		выдѣле'ніе, выдѣле'нія	 
 	выделенный		вы'дѣленный, вы'дѣленнаго	 
 	выделить		вы'дѣлить	 
 	выделка		вы'дѣлка, при вы'дѣлкѣ, овчи'нка вы'дѣлки не сто'итъ	 
 	выделывать		выдѣ'лывать	 
 	выделываться		выдѣ'лываться	 
 	выделяет		выдѣля'етъ, выдѣля'емъ, выдѣля'ешь	 
 	выделять		выдѣля'ть	 
 	выделяющегося		выдѣля'ющагося	 
 	выделяющиеся		выдѣля'ющіеся (м. р.), выдѣля'ющіяся (ж. р. и ср. р.)	 
 	выделяющийся		выдѣля'ющійся	 
 	выдёргивать		выдёргивать	 
 	выдержала		вы'держала	 
 	выдержка		вы'держка, о вы'держкѣ	 
 	выдернуть		вы'дернуть, выдира'ть	 
 	выдумки		вы'думки	 
 	выезд		вы'ѣздъ, при вы'ѣздѣ	 
 	выеденный		вы'ѣденный, вы'ѣденнаго	 
 	выездка		вы'ѣздка	 
 	выезжать		выѣзжа'ть	 
 	выемка		вы'емка, въ вы'емкѣ	 
 	выесть		вы'ѣсть	 
 	выехать		вы'ѣхать, выѣзжа'ть	 
 	выжечь		вы'жечь	 
 	выжжет		вы'жжетъ	 
 	выживание		выжива'ніе, выжива'емость	 
 	выжидательный		выжида'тельный, выжида'тельная, выжида'тельное	 
 	выжимать		выжима'ть	 
 	вызвездило		вы'звѣздило	 
 	выздоравливать		выздора'вливать	 
 	выздороветь		вы'здоровѣть	 
 	выздоровление		выздоровле'ніе	 
 	вызов		вы'зовъ, на вы'зовѣ	 
 	вызовет		вы'зоветъ, вы'зовете, вы'зовемъ, вы'зовешь	 
 	вызревание		вызрѣва'ніе	 
 	вызываемые		вызыва'емые (м. р.), вызыва'емыя (ж. р. и ср. р.)	 
 	вызываемый		вызыва'емый, вызыва'емаго	 
 	вызывает		вызыва'етъ, вызыва'емъ, вызыва'ешь	 
 	выиграть		вы'играть (не вы'йграть!), вы'играемъ	 
 	выигрыш		вы'игрышъ, въ вы'игрышѣ	 
 	выйдет		вы'йдетъ, вы'йду, вы'йдешь, вы'йдемъ (не вы'детъ!)	 
 	выйти		вы'йти, вы'тти	 
 	выкипеть		вы'кипѣть	 
 	выклевать		вы'клевать	 
 	выклёвывать		выклёвывать	 
 	выклеенный		вы'клеенный	 
 	выклеить		вы'клеить	 
 	выкобениваться		выкобе'ниваться (вытворя'ть что'-либо неожи'данное, стра'нное, неподоба'ющее, стара'ясь обрати'ть на себя' внима'ніе)	 
 	выколотить		вы'колотить	 
 	выкорчёвка		выкорчёвка	 
 	выкрест		вы'крестъ (о евре'ѣ, приня'вшемъ правосла'віе)	 
 	выкроенный		вы'кроенный	 
 	выкрученный		вы'крученный	 
 	вылёживается		вылёживается	 
 	вылез		вы'лѣзъ, вы'лѣзла, вы'лѣзли, вы'лѣзло	 
 	вылезать		вылѣза'ть, но вы'лизать	 
 	вылезет		вы'лѣзетъ, вы'лѣземъ, вы'лѣзутъ, вы'лѣзешь	 
 	вылезшего		вы'лѣзшаго	 
 	вылезшее		вы'лѣзшее	 
 	вылезшие		вы'лѣзшіе (м. р.), вы'лѣзшія (ж. р. и ср. р.)	 
 	вылезший		вы'лѣзшій, вы'лѣзшаго	 
 	вылепил		вы'лѣпилъ	 
 	вылетел		вы'летѣлъ	 
 	вылечит		вы'лѣчитъ	 
 	вылечить		вы'лѣчить	 
 	выловлен		вы'ловленъ	 
 	выложен		вы'ложенъ	 
 	выложенный		вы'ложенный	 
 	выменял		вы'мѣнялъ	 
 	вымерз		вы'мерзъ	 
 	вымереть		вы'мереть	 
 	вымерил		вы'мѣрилъ	 
 	вымесил		вы'мѣсилъ	 
 	вымести		вы'мести	 
 	выместить		вы'местить (отъ ме'сть, а не мѣ'сто — замѣсти'ть!)	 
 	выметать		вымета'ть	 
 	вымётывать		вымётывать	 
 	вымечко		вы'мечко и вы'мячко	 
 	вымешал		вы'мѣшалъ	 
 	вымещать		вымеща'ть (отъ ме'сть, а не мѣ'сто — замѣща'ть!)	 
 	вымещение		вымеще'ніе (отъ ме'сть, а не мѣ'сто — замѣще'ніе!)	 
 	вымогатель		вымога'тель	 
 	вымощен		вы'мощенъ	 
 	вымысел		вы'мыселъ, вы'мыслъ	 
 	вымышленный		вы'мышленный, вы'мышленнаго	 
 	вымпел		вы'мпелъ	 
 	вынес		вы'несъ	 
 	вынесем		вы'несемъ	 
 	вынести		вы'нести, вы'несть	 
 	вынет		вы'нетъ	 
 	вынужден		вы'нужденъ	 
 	вынуждение		вынужде'ніе	 
 	вынужденный		вы'нужденный	 
 	вынырнуть		вы'нырнуть	 
 	выпавшее		вы'павшее	 
 	выпевать		выпѣва'ть	 
 	выпей		вы'пей	 
 	выпей яду		вы'пей я'ду, (не вы'пей іа'ду :)	 
 	выпекать		выпека'ть	 
 	выпендрёж		выпендрёжъ (ва'жничаніе, проявле'ніе зано'счивости, обраще'ніе на себя' внима'нія всѣ'ми спо'собами)	 
 	выпереть		вы'переть но выпира'ть	 
 	выперло		вы'перло но выпира'ть	 
 	выпечка		вы'печка	 
 	выпечь		вы'печь	 
 	выпишем		вы'пишемъ	 
 	выплёвывать		выплёвывать	 
 	выплёскивать		выплёскивать	 
 	выплеснуть		вы'плеснуть	 
 	выплести		вы'плести	 
 	выполнен		вы'полненъ	 
 	выполнение		выполне'ніе	 
 	выпотеть		вы'потѣть	 
 	выпреть		вы'прѣть	 
 	выпуск		вы'пускъ, въ вы'пускѣ	 
 	выпученный		вы'пученный, вы'пученнаго	 
 	выпущенный		вы'пущенный, вы'пущеннаго	 
 	выпьем		вы'пьемъ по ча'рочкѣ	 
 	вырабатывать		выраба'тывать, вырабо'тывать	 
 	выражаем		выража'емъ	 
 	выражается		выража'ется	 
 	выражение		выраже'ніе, выража'ется	 
 	выразителен		вырази'теленъ	 
 	выразительнее		вырази'тельнѣе	 
 	выразительного		вырази'тельнаго	 
 	выразительное		вырази'тельное	 
 	выразительные		вырази'тельные (м. р.), вырази'тельныя (ж. р. и ср. р.)	 
 	выразительный		вырази'тельный, вырази'теленъ, вырази'тельнаго	 
 	вырастет		вы'растетъ и вы'ростетъ	 
 	вырасти		вы'расти и вы'рости, вы'росъ, вы'расталъ, вы'растить	 
 	вырастить		вы'растить и вы'ростить	 
 	вырез		вы'рѣзъ, въ вы'рѣзѣ	 
 	вырезалка		вырѣза'лка	 
 	вырезанный		вы'рѣзанный, вы'рѣзаннаго	 
 	вырезать		вы'рѣзать и вырѣза'ть, вырѣза'ніе	 
 	вырезаться		вырѣза'ться, вырѣза'ется	 
 	вырезка		вы'рѣзка (вы'сшій со'ртъ мя'са изъ сре'дней ча'сти ту'ши; филе'й)	 
 	вырезной		вырѣзно'й	 
 	вырезчик		вы'рѣзчикъ	 
 	вырезывать		вырѣ'зывать	 
 	вырождение		вырожде'ніе	 
 	выроненный		вы'роненный	 
 	вырубленный		вы'рубленный	 
 	высаженный		вы'саженный	 
 	высверленный		вы'сверленный	 
 	высевки		вы'сѣвки	 
 	высек		вы'сѣкъ, вы'сѣкла, вы'сѣкли	 
 	высекает		высѣка'етъ, высѣка'емъ, высѣка'ешь, высѣка'ютъ	 
 	высекание		высѣка'ніе	 
 	высекать		высѣка'ть	 
 	выселенец		выселе'нецъ, выселе'нцевъ, о выселе'нцѣ	 
 	выселить		вы'селить	 
 	выселок		вы'селокъ, вы'селки, на вы'селкахъ (небольшо'й посёлокъ на но'вомъ мѣ'стѣ, вы'дѣлившійся изъ друго'го селе'нія; окра'ины селе'нія)	 
 	высеченного		вы'сѣченнаго	 
 	высеченное		вы'сѣченное	 
 	высеченные		вы'сѣченные (м. р.), вы'сѣченныя (ж. р. и ср. р.)	 
 	высеченный		вы'сѣченный, вы'сѣченнаго	 
 	высечь		вы'сѣчь	 
 	высеять		вы'сѣять	 
 	высидеть		вы'сидѣть	 
 	высказанное		вы'сказанное	 
 	высказывание		выска'зываніе	 
 	выскребать		выскреба'ть	 
 	выскрёбывать		выскрёбывать	 
 	выслеживать		выслѣ'живать	 
 	высмеет		вы'смѣетъ	 
 	высмеивание		высмѣ'иваніе	 
 	высмеивать		высмѣ'ивать	 
 	высмеять		вы'смѣять, вы'смѣю, вы'смѣетъ, вы'смѣешь	 
 	высмотреть		вы'смотрѣть	 
 	высокие		высо'кіе (м. р.), высо'кія (ж. р. и ср. р.)	 
 	высокий		высо'кій, высоко', высо'каго	 
 	высокоблагородие		высокоблагоро'діе (титулова'ніе офице'ровъ и чино'вниковъ отъ восьмо'го до шесто'го кла'сса, а та'кже ихъ жёнъ — ва'ше, его', ея', ихъ высокоблагоро'діе), мн. ихъ высокоблагоро'дія	 
 	высокое		высо'кое	 
 	высокомерие		высокомѣ'ріе	 
 	высоконравственная		высо'ко-нра'вственная	 
 	высокопревосходительство		высокопревосходи'тельство	 
 	высокопреосвященство		высокопреосвяще'нство	 
 	высокородие		высокоро'діе (титулова'ніе офице'ровъ и чино'вниковъ пя'таго кла'сса, а та'кже ихъ жёнъ — ва'ше, его', ея', ихъ высокоро'діе)	 
 	высота		высота', на высотѣ'	 
 	высотомер		высотомѣ'ръ	 
 	высочайше		высоча'йше	 
 	высочайшего		высоча'йшаго	 
 	высочайшее		высоча'йшее, по Высоча'йшему повелѣ'нію (актъ, исходя'щій отъ Госуда'ря Импера'тора)	 
 	высочество		высо'чество (титулова'ніе чле'новъ ца'рствующаго до'ма — вели'кихъ князе'й, при'нцевъ, ге'рцоговъ и ихъ жёнъ — ва'ше, его', ея', ихъ высо'чество)	 
 	выспеть		вы'спѣть	 
 	выспренний		вы'спренній (возвы'шенный, высокопа'рный)	 
 	выставка		вы'ставка, на вы'ставкѣ	 
 	выставлен		вы'ставленъ	 
 	выставьте		вы'ставьте	 
 	выстёгивать		выстёгивать	 
 	выстрел		вы'стрѣлъ, при вы'стрѣлѣ	 
 	выстреленный		вы'стрѣленный, вы'стрѣленнаго	 
 	выстрелить		вы'стрѣлить (произвести' вы'стрѣлъ)	 
 	выстреливать		выстрѣ'ливать (отъ вы'стрѣлять)	 
 	выстрелять		вы'стрѣлять (израсхо'довать стрѣля'я)	 
 	выстрелянный		вы'стрѣлянный (израсхо'дованный), вы'стрѣляннаго	 
 	выступление		выступле'ніе	 
 	высшего		вы'сшаго	 
 	высшее		вы'сшее, въ вы'сшемъ смы'слѣ, въ вы'сшей сте'пени	 
 	высшие		вы'сшіе (м. р.), вы'сшія (ж. р. и ср. р.)	 
 	высший		вы'сшій, вы'сшаго, вы'сшему, вы'сшей, вы'сшемъ	 
 	высылает		высыла'етъ, высыла'емъ, высыла'ешь, высыла'ете	 
 	высылайте		высыла'йте	 
 	вытвердить		вы'твердить	 
 	Вытегра		Вы'тегра	 
 	вытек		вы'текъ, вы'текла, вы'текло	 
 	вытекает		вытека'етъ	 
 	вытекаешь		вытека'ешь	 
 	вытекание		вытека'ніе	 
 	вытекающий		вытека'ющій (вытека'ющія обстоя'тельства)	 
 	вытекшего		вы'текшаго	 
 	вытекшее		вы'текшее	 
 	вытекшие		вы'текшіе (м. р.), вы'текшія (ж. р. и ср. р.)	 
 	вытекший		вы'текшій, вы'текшаго	 
 	вытер		вы'теръ	 
 	вытереть		вы'тереть	 
 	вытерпеть		вы'терпѣть	 
 	вытеснен		вы'тѣсненъ, вытѣсне'ніе	 
 	вытеснить		вы'тѣснить, вы'тѣснять, вы'тѣсняетъ	 
 	вытёсывать		вытёсывать	 
 	вытечка		вы'течка	 
 	вытечь		вы'течь	 
 	выточенный		вы'точенный	 
 	вытребовать		вы'требовать	 
 	вытрезвлять		вытрезвля'ть	 
 	вытьё		вытьё	 
 	вытьём		вытьёмъ	 
 	вытяжение		вытяже'ніе	 
 	выученный		вы'ученный, вы'ученнаго	 
 	выхлебать		вы'хлебать	 
 	выхлёбывать		выхлёбывать	 
 	выхлестнуть		вы'хлеснуть	 
 	выхлёстывать		выхлёстывать	 
 	выход		вы'ходъ, на вы'ходѣ	 
 	выходец		вы'ходецъ (переселе'нецъ изъ друго'й страны', кра'я; происходя'щій по рожде'нію изъ той и'ли ино'й соціа'льной среды', сосло'вія)	 
 	выходные		выходны'е (м. р.), выходны'я (ж. р. и ср. р.)	 
 	выхоленный		вы'холенный (холёный, ухо'женный), вы'холеннаго	 
 	выцвести		выцвѣсти'	 
 	выцветший		вы'цвѣтшій, вы'цвѣтшаго	 
 	выцеживание		выцѣ'живаніе	 
 	вычёркивать		вычёркивать	 
 	вычеркнуть		вы'черкнуть	 
 	вычерпывать		выче'рпывать	 
 	вычерчивать		выче'рчивать	 
 	вычесать		вы'чесать	 
 	вычесть		вы'честь	 
 	вычёсывать		вычёсывать	 
 	вычет		вы'четъ (су'мма, уде'ржанная изъ де'негъ, предназна'ченныхъ къ вы'дачѣ)	 
 	вычисление		вычисле'ніе	 
 	вычурный		вы'чурной (изли'шне затѣ'йливый, нарочи'то усложнённый, замыслова'тый, высокопа'рный, неесте'ственный)	 
 	вычурность		вы'чурность (высокопа'рность, неесте'ственность)	 
 	выше		вы'ше	 
 	вышедшие		вы'шедшіе (м. р.), вы'шедшія (ж. р. и ср. р.)	 
 	вышедший		вы'шедшій, вы'шедшаго	 
 	вышел		вы'шелъ	 
 	вышеозначенный		вышеозна'ченный	 
 	вышеперечисленный		вышеперечи'сленный, вышеперечи'сленнаго	 
 	вышеприведённый		вышеприведённый, вышеприведённаго	 
 	вышёптывать		вышёптывать	 
 	вышеупомянутый		вышеупомя'нутый, вышеупомя'нутаго	 
 	вышивание		вышива'ніе (дѣ'йствіе), вышива'нье (предме'тъ)	 
 	вышивка		вы'шивка, въ вы'шивкѣ	 
 	вышина		вышина', въ вышинѣ'	 
 	вышитое		вы'шитое, вы'шитаго	 
 	вышитые		вы'шитые (м. р.), вы'шитыя (ж. р. и ср. р.)	 
 	вышколен		вы'школенъ	 
 	вышколенные		вы'школенные (м. р.), вы'школенныя (ж. р. и ср. р.)	 
 	вышколенный		вы'школенный, вы'школеннаго, вы'школенъ, вы'школенное	 
 	Вышний Волочок		Вы'шній-Волочо'къ	 
 	выщелкать		вы'щелкать (орѣ'хи)	 
 	выщёлкивать		выщёлкивать (па'льцами)	 
 	выщербленный		вы'щербленный	 
 	выявлено		вы'явлено	 
 	выяснение		выясне'ніе	 
 	выяснеть		вы'яснѣть	 
въ 	въедаться		въѣда'ться	^
 	въедет		въѣ'детъ, въѣ'дете, въѣ'дутъ, въѣ'демъ	 
 	въедчивый		въѣ'дчивый	 
 	въезд		въѣ'здъ, на въѣ'здѣ	 
 	въезжать		въѣзжа'ть	 
 	въехать		въѣ'хать, въѣ'халъ, въѣ'хала, въѣ'хали	 
 	въяве		въя'вѣ (наяву')	 
 	въявь		въя'вь, въя'вѣ (наяву', не во снѣ')	 
вю 	Вюртемберг		Вюртембе'ргъ	^
вя 	вяжет		вя'жетъ, вя'жете, вя'жемъ, вя'жешь, вя'жутъ, вяжи'те	^
 	вяжете		вя'жете	 
 	вяжите		вяжи'те	 
 	вязанные		вя'занные (м. р.), вя'занныя (ж. р. и ср. р.) — пpич. вя'занныя крючко'мъ перча'тки	 
 	вязаные		вя'заные (м. р.), вя'заныя (ж. р. и ср. р.) — пpил. вя'заныя перча'тки	 
 	Вяземский		Вя'земскій	 
 	вязига		вязи'га, визи'га (пищево'й проду'ктъ изъ очи'щенной спинно'й хо'рды кру'пныхъ осетро'выхъ рыбъ)	 
 	вязкий		вя'зкій, вя'зкаго	 
 	вяление		вя'леніе (спо'собъ подсу'шиванія слабосолёной ры'бы на откры'томъ во'здухѣ)	 
 	вяленый		вя'леный (пригото'вленный вя'леніемъ), вя'ленаго	 
 	вялого		вя'лаго	 
 	вялое		вя'лое	 
 	вялые		вя'лые (м. р.), вя'лыя (ж. р. и ср. р.)	 
 	Вятка		Вя'тка, въ Вя'ткѣ, вя'тскій	 
 	Вячеслав		Вячесла'въ	 
 	вяще		вя'щше (сильнѣ'е, пу'ще), вя'щшій, вя'щшей — уcтap.	 
 	вящей		вя'щшей (для вя'щшей убѣди'тельности), вя'щше	 
 	вящий		вя'щшій (бо'лѣе си'льный, бо'льшій), вя'щше