за 	заалеть		заалѣ'ть	^
 	забава		заба'ва, въ заба'вѣ, заба'венъ	 
 	забавен		заба'венъ	 
 	забавнее		заба'внѣе	 
 	забавненько		заба'вненько	 
 	забавное		заба'вное	 
 	забавные		заба'вные (м. р.), заба'вныя (ж. р. и ср. р.)	 
 	забавный		заба'вный, заба'внаго	 
 	забагроветь		забагровѣ'ть	 
 	Забайкалье		Забайка'лье, въ Забайка'льѣ	 
 	забвение		забве'ніе	 
 	забег		забѣ'гъ, при забѣ'гѣ	 
 	забегаю		забѣга'ю (вперёдъ), забѣ'гаю (отъ бѣ'гать)	 
 	забежать		забѣжа'ть	 
 	забей		забе'й, забе'йте	 
 	забейте		забе'йте	 
 	забелён		забѣлёнъ	 
 	забелеть		забѣлѣ'ть	 
 	Забелин		Забѣ'линъ	 
 	забелить		забѣли'ть	 
 	Забелло		Забѣ'лло	 
 	заберег		за'берегъ (вода', выступа'ющая въ при'быль у берего'въ пове'рхъ льда)	 
 	забережье		забере'жье	 
 	заберём		заберёмъ, заберётъ, заберёте, заберёшь	 
 	забеременела		забере'менѣла	 
 	забеременеть		забере'менѣть	 
 	заберите		забери'те	 
 	заберу		заберу'	 
 	забесноваться		забѣснова'ться	 
 	забеспокоился		забезпоко'ился	 
 	забетонировать		забетони'ровать	 
 	забирается		забира'ется, забира'етесь	 
 	забияка		забія'ка, о забія'кѣ	 
 	заблаговременно		заблаговре'менно	 
 	заблёванный		заблёванный	 
 	заблестеть		заблестѣ'ть	 
 	заблеять		забле'ять	 
 	заблуждаетесь		заблужда'етесь	 
 	заблуждается		заблужда'ется	 
 	заблуждение		заблужде'ніе	 
 	заблюёт		заблюётъ, заблюёте	 
 	заболевание		заболѣва'ніе	 
 	заболеет		заболѣ'етъ, заболѣ'ете, заболѣ'емъ, заболѣ'ешь	 
 	заболел		заболѣ'лъ, заболѣ'ла, заболѣ'ли, заболѣ'ло	 
 	заболеть		заболѣ'ть	 
 	забор		забо'ръ, на забо'рѣ	 
 	забрезжил		забре'зжилъ	 
 	забредёт		забредётъ, забредёте,	 
 	забрёл		забрёлъ	 
 	забренчал		забренча'лъ	 
 	забрести		забрести', забре'сть	 
 	забрешет		забре'шетъ	 
 	заброшенный		забро'шенный, забро'шеннаго	 
 	забубённый		забубённый	 
 	забудьте		забу'дьте	 
 	забурённый		забурённый	 
 	забушевал		забушева'лъ	 
 	забьём		забьёмъ	 
 	забьёт		забьётъ	 
 	забьёте		забьёте	 
 	забьёшь		забьёшь	 
 	забывает		забыва'етъ	 
 	забывается		забыва'ется	 
 	забываете		забыва'ете	 
 	забываетесь		забыва'етесь	 
 	забывайте		забыва'йте, не забыва'йте	 
 	забывайтесь		забыва'йтесь, не забыва'йтесь	 
 	забытьё		забытьё, въ забытьи'	 
 	завален		зава'ленъ	 
 	завалинка		зава'линка, зава'лина (на'сыпь вдо'ль нару'жныхъ стѣ'нъ въ основа'ніи по пери'метру деревя'ннаго до'ма)	 
 	заваренный		зава'ренный	 
 	заведём		заведёмъ, заведёмся	 
 	заведён		заведёнъ	 
 	заведение		заведе'ніе	 
 	заведённый		заведённый	 
 	заведёт		заведётъ, заведётся	 
 	заведёте		заведёте	 
 	заведёшь		заведёшь, заведёшься	 
 	заведите		заведи'те	 
 	заведовать		завѣ'довать и завѣ'дывать	 
 	заведомо		завѣ'домо (созна'тельно, несомнѣ'нно, умы'шленно, какъ извѣ'стно... нaпр. завѣ'домо кра'деныя ве'щи)	 
 	заведую		завѣ'дую и завѣ'дываю	 
 	заведующий		завѣ'дующій и завѣ'дывающій; не завѣ'дущій! но глаза завиду'щіе	 
 	завезём		завезёмъ	 
 	завезён		завезёнъ	 
 	завезёт		завезётъ	 
 	завезёте		завезёте	 
 	завезёшь		завезёшь	 
 	завезти		завезти'	 
 	завёзший		завёзшій	 
 	завёл		завёлъ	 
 	завёлся		завёлся, завели'сь	 
 	Завелический		Завели'ческій (монасты'рь)	 
 	завербовать		завербова'ть	 
 	заверезжать		заверезжа'ть (завереща'ть, затреща'ть, завизжа'ть съ дре'безгомъ, зво'номъ, сви'стомъ)	 
 	заверение		завѣре'ніе	 
 	заверенный		завѣ'ренный, завѣ'реннаго	 
 	заверещать		завереща'ть, заверезжа'ть	 
 	заверить		завѣ'рить	 
 	завернёт		завернётъ	 
 	завернут		заверну'тъ	 
 	завёрнут		завёрнутъ	 
 	завернуть		заверну'ть, заверну'ться	 
 	завертеть		завертѣ'ть, завертѣ'ться	 
 	завёртка		завёртка	 
 	завёртывать		завёртывать	 
 	завершает		заверша'етъ	 
 	завершаете		заверша'ете	 
 	завершается		заверша'ется	 
 	завершать		заверша'ть	 
 	завершение		заверше'ніе	 
 	завершённый		завершённый	 
 	завершинить		заверши'нить (зако'нчить формирова'ніе ве'рха копны', скирды')	 
 	завершить		заверши'ть	 
 	завершитель		заверши'тель	 
 	заверяет		завѣря'етъ, завѣря'ете, завѣря'емъ, завѣря'ешь, завѣря'ютъ	 
 	заверять		завѣря'ть	 
 	завеса		завѣ'са, въ завѣ'сѣ	 
 	завести		завести', завести'сь	 
 	завечереет		завечерѣ'етъ	 
 	завечереть		завечерѣ'ть	 
 	завет		завѣ'тъ, о завѣ'тѣ	 
 	заветное		завѣ'тное	 
 	заветные		завѣ'тные (м. р.), завѣ'тныя (ж. р. и ср. р.)	 
 	заветный		завѣ'тный, завѣ'тная, завѣ'тнаго	 
 	заветревать		завѣ'тревать	 
 	заветренеть		завѣ'тренѣть	 
 	заветренный		завѣ'тренный, завѣ'треннаго	 
 	завешенный		завѣ'шенный, завѣ'шеннаго	 
 	завещание		завѣща'ніе	 
 	завещать		завѣща'ть	 
 	завидеть		зави'дѣть	 
 	завидовать		зави'довать	 
 	завидует		зави'дуетъ, зави'дуемъ, зави'дуешь	 
 	завидущие		завиду'щіе (м. р.), завиду'щія (ж. р. и ср. р.); глаза' завиду'щіе, ру'ки загребу'щія	 
 	зависел		зави'сѣлъ	 
 	зависело		зави'сѣло, зави'сѣла, зави'сѣли	 
 	зависеть		зави'сѣть, зави'шу, зави'ситъ	 
 	завистник		зави'стникъ, о зави'стникѣ	 
 	завладевшего		завладѣ'вшаго	 
 	завладевшее		завладѣ'вшее	 
 	завладевшие		завладѣ'вшіе (м. р.), завладѣ'вшія (ж. р. и ср. р.)	 
 	завладевший		завладѣ'вшій, завладѣ'вшаго	 
 	завладеет		завладѣ'етъ	 
 	завладеешь		завладѣ'ешь	 
 	завладеть		завладѣ'ть	 
 	завлёк		завлёкъ	 
 	завлекать		завлека'ть	 
 	завлечён		завлечёнъ	 
 	завлечь		завле'чь, завлеку', завлечётъ, завлеку'тъ, завлёкъ, завлекла'	 
 	заводовладелец		заводовладѣ'лецъ	 
 	завоёван		завоёванъ	 
 	завоевание		завоева'ніе	 
 	завоёванного		завоёваннаго	 
 	завоёванное		завоёванное	 
 	завоёванные		завоёванные (м. р.), завоёванныя (ж. р. и ср. р.)	 
 	завоёванный		завоёванный	 
 	завоеватель		завоева'тель	 
 	завоевать		завоева'ть	 
 	Заволжье		Заво'лжье	 
 	Заволочье		Заволо'чье	 
 	заворожённый		заворожённый, заворожённаго	 
 	заворотень		за'воротень (то, что завора'чивается; то, чѣ'мъ завора'чиваютъ)	 
 	завоюем		завою'емъ	 
 	заврёшься		заврёшься, заврёмся, заврётся, заврётесь	 
 	завсегда		завсегда' (всегда')	 
 	завсегдатай		завсегда'тай (ча'стый, постоя'нный посѣти'тель)	 
 	завтрашнего		за'втрашняго	 
 	завтрашнее		за'втрашнее	 
 	завтрашний		за'втрашній, за'втрашняго	 
 	завьёт		завьётъ, завьётся	 
 	завьётесь		завьётесь, завьёте	 
 	завьёшься		завьёшься, завьёшь	 
 	загаженный		зага'женный, зага'женнаго	 
 	заглавие		загла'віе	 
 	заглаженный		загла'женный, загла'женнаго	 
 	за глаза		за глаза' (руга'ть за глаза' — въ отсу'тствіе того', кого' руга'ютъ)	 
 	заглазеется		заглазѣ'ется	 
 	заглазеться		заглазѣ'ться	 
 	заглотнёт		заглотнётъ	 
 	заглублён		заглублёнъ	 
 	заглушён		заглушёнъ	 
 	заглядение		заглядѣ'ніе	 
 	загляделся		заглядѣ'лся	 
 	заглядеться		заглядѣ'ться	 
 	заглянет		загля'нетъ	 
 	заглянете		загля'нете	 
 	загнём		загнёмъ	 
 	загнёмся		загнёмся	 
 	загнета		загнѣ'та, загнѣ'тка (площа'дка пе'редъ у'стьемъ ру'сской печи'; шесто'къ)	 
 	загнётся		загнётся	 
 	загнёшься		загнёшься	 
 	загниёт		загніётъ	 
 	заговенье		за'говѣнье (послѣ'дній де'нь пе'редъ посто'мъ)	 
 	заговорённый		заговорённый	 
 	заголённый		заголённый	 
 	заголовок		заголо'вокъ, въ заголо'вкѣ	 
 	загорание		загора'ніе	 
 	загорать		загора'ть и загара'ть	 
 	загоревать		загорева'ть	 
 	загорелый		загорѣ'лый	 
 	загорье		заго'рье	 
 	заграждение		загражде'ніе	 
 	заграждённый		заграждённый	 
 	заграница		заграни'ца (намъ заграни'ца не указъ, шля'ться по заграни'цамъ)	 
 	заграницей		заграни'цей (торгова'ть съ заграни'цей)	 
 	за границей		за грани'цей, за грани'цею (жить за грани'цей)	 
 	за границу		за грани'цу (поѣ'хать за грани'цу)	 
 	заграницу		заграни'цу (люби'ть заграни'цу)	 
 	заграничного		заграни'чнаго	 
 	заграничное		заграни'чное	 
 	заграничные		заграни'чные (м. р.), заграни'чныя (ж. р. и ср. р.)	 
 	заграничный		заграни'чный, заграни'чнаго, заграни'чная	 
 	Загреб		За'гребъ	 
 	загрёб		загрёбъ	 
 	загребать		загреба'ть	 
 	загребёт		загребётъ	 
 	загребной		загребно'й (гребе'цъ, рабо'тающій пе'рвымъ отъ кормы' лѣ'вымъ весло'мъ и'ли па'рой вёселъ)	 
 	загребтилось		загре'бтилось (тоска' нашла') — уcтap.	 
 	загребущий		загребу'щій, загребу'щаго	 
 	загреметь		загремѣ'ть	 
 	загромождённый		загромождённый	 
 	загрубелый		загрубѣ'лый	 
 	загрубеть		загрубѣ'ть	 
 	загрызенный		загры'зенный	 
 	загрызёт		загрызётъ, загрызёте	 
 	загрязнённый		загрязнённый	 
 	загудел		загудѣ'лъ	 
 	загудеть		загудѣ'ть	 
 	загустевать		загустѣва'ть	 
 	загустеть		загустѣ'ть	 
 	загущённый		загущённый	 
 	задавленный		зада'вленный	 
 	задавшее		зада'вшее	 
 	задаём		задаёмъ	 
 	задаёт		задаётъ	 
 	задаёшь		задаёшь	 
 	задайте		зада'йте	 
 	задание		зада'ніе	 
 	задача		зада'ча, въ зада'чѣ, зада'чей	 
 	задвинет		задви'нетъ, задви'нете	 
 	задевать		задѣва'ть	 
 	задел		задѣ'лъ (что'-либо, загото'вленное про запа'съ, на бу'дущее), въ задѣ'лѣ	 
 	задел		задѣ'лъ (задѣ'ть)	 
 	заделать		задѣ'лать	 
 	задело		задѣ'ло (косну'лось)	 
 	за дело		за дѣ'ло (подѣло'мъ)	 
 	задену		задѣ'ну	 
 	задёргал		задёргалъ	 
 	задерёт		задерётъ, задери'	 
 	задержал		задержа'лъ	 
 	задержка		заде'ржка	 
 	задёрнуть		задёрнуть	 
 	задеть		задѣ'ть	 
 	задёшево		задёшево	 
 	задневать		заднева'ть	 
 	заднего		за'дняго	 
 	заднее		за'днее	 
 	Заднепровье		Заднѣпро'вье	 
 	заднепроходный		заднепрохо'дный	 
 	задние		за'дніе (м. р.), за'днія (ж. р. и ср. р.)	 
 	задний		за'дній, за'дняго	 
 	задобренный		задо'бренный	 
 	задолго		задо'лго	 
 	задолженность		задо'лженность	 
 	задохнётесь		задохнётесь	 
 	задребезжать		задребезжа'ть	 
 	задрейфить		задре'йфить	 
 	задремать		задрема'ть (дрёма)	 
 	задрёмывать		задрёмывать	 
 	задует		заду'етъ	 
 	задуешь		заду'ешь	 
 	задувает		задува'етъ	 
 	задуваешь		задува'ешь	 
 	задувший		заду'вшій	 
 	задумчивое		заду'мчивое, заду'мчиваго	 
 	задумчивые		заду'мчивые (м. р.), заду'мчивыя (ж. р. и ср. р.)	 
 	задурённый		задурённый	 
 	задушевнее		задуше'внѣе	 
 	задушевного		задуше'внаго	 
 	задушевное		задуше'вное	 
 	задушевные		задуше'вные (м. р.), задуше'вныя (ж. р. и ср. р.)	 
 	задушевный		задуше'вный, задуше'внаго	 
 	задушенный		заду'шенный, заду'шеннаго	 
 	задымлённый		задымлённый	 
 	задыхается		задыха'ется	 
 	заегозить		заегози'ть	 
 	заедает		заѣда'етъ	 
 	заедет		заѣ'детъ, заѣ'дете, заѣ'демъ, заѣ'дешь, заѣ'дутъ, заѣ'дьте	 
 	заедино		заеди'но (сообща', вмѣ'стѣ, нераздѣ'льно)	 
 	заёжиться		заёжиться	 
 	заезд		заѣ'здъ, въ заѣ'здѣ	 
 	заездить		заѣ'здить	 
 	заезжать		заѣзжа'ть, заѣзжа'йте, заѣзжа'ете	 
 	заезжего		заѣ'зжаго	 
 	заезженный		заѣ'зженный	 
 	заезжие		заѣ'зжіе (м. р.), заѣ'зжія (ж. р. и ср. р.)	 
 	заезжий		заѣ'зжій	 
 	заёкать		заёкать	 
 	заелозить		заело'зить	 
 	заём		заёмъ	 
 	заемлет		зае'млетъ (принима'етъ, че'рпаетъ)	 
 	заёмщик		заёмщикъ	 
 	заёрзать		заёрзать	 
 	заерошиться		заеро'шиться	 
 	заершиться		заерши'ться, заёршиться	 
 	заесть		заѣ'сть	 
 	заехала		заѣ'хала	 
 	заехать		заѣ'хать	 
 	заехидничать		заехи'дничать	 
 	зажаренный		зажа'ренный	 
 	зажелтеть		зажелтѣ'ть	 
 	зажечь		заже'чь	 
 	заждётесь		заждётесь	 
 	зажёг		зажёгъ, (не зажо'гъ :)	 
 	зажжённый		зажжённый	 
 	зажжём		зажжёмъ, (не зажжомъ :)	 
 	заживём		заживёмъ	 
 	заживёт		заживётъ	 
 	заживёшь		заживёшь	 
 	заживлён		заживлёнъ	 
 	заживление		заживле'ніе	 
 	заживо		за'живо	 
 	зажирелый		зажирѣ'лый	 
 	зажиреть		зажирѣ'ть	 
 	зажмём		зажмёмъ	 
 	зажмёт		зажмётъ	 
 	зажмёшь		зажмёшь	 
 	зажрётся		зажрётся	 
 	зажуём		зажуёмъ	 
 	зажуёт		зажуётъ	 
 	зажуёшь		зажуёшь	 
 	зазвенеть		зазвенѣ'ть	 
 	зазеваться		зазѣва'ться	 
 	зазеленеть		зазеленѣ'ть	 
 	заземление		заземле'ніе	 
 	заземлённый		заземлённый	 
 	зазеркалье		зазерка'лье	 
 	зазимье		зази'мье	 
 	зазовёт		зазовётъ	 
 	зазрение		зазрѣ'ніе (безъ зазрѣ'нія со'вѣсти — безъ стѣсне'нія, не испы'тывая стыда')	 
 	зазубренный		зазу'бренный	 
 	заикание		заика'ніе	 
 	заикнётся		заикнётся	 
 	заилеть		заилѣ'ть	 
 	заимеет		заимѣ'етъ, заимѣ'емъ, заимѣ'ешь	 
 	заимел		заимѣ'лъ, заимѣ'ли, заимѣ'ла	 
 	заиметь		заимѣ'ть	 
 	заимодавец		заимода'вецъ	 
 	заимствование		заи'мствованіе	 
 	заиндевелый		заиндевѣ'лый, заиндивѣ'лый	 
 	заиндеветь		заиндевѣ'ть, заиндивѣ'ть	 
 	заинтересован		заинтересо'ванъ	 
 	заинька		за'инька, за'енька	 
 	зайдём		зайдёмъ	 
 	займём		займёмъ	 
 	займёт		займётъ	 
 	займище		за'ймище (прибре'жная полоса', затопля'емая разли'вомъ)	 
 	Зайончек		Заіо'нчекъ	 
 	зайти		зайти'	 
 	Зайцев		За'йцевъ	 
 	зайчонок		зайчёнокъ	 
 	закабаление		закабале'ніе	 
 	закабалённый		закабалённый	 
 	закадычный		закады'чный (бли'зкій, задуше'вный — о дру'гѣ, прія'телѣ и'ли о дру'жескихъ, прія'тельскихъ отноше'ніяхъ)	 
 	закажет		зака'жетъ, зака'жемъ, зака'жешь	 
 	заказ		зака'зъ, въ зака'зѣ, по зака'зу, на зака'зъ	 
 	заказец		зака'зецъ, зака'зцемъ	 
 	заказное		заказно'е, заказно'го	 
 	заказные		заказны'е (м. р.), заказны'я (ж. р. и ср. р.)	 
 	заказчик		зака'зчикъ	 
 	закалённого		закалённаго	 
 	закалённое		закалённое	 
 	закалённые		закалённые (м. р.), закалённыя (ж. р. и ср. р.)	 
 	закалённый		закалённый, закалённаго	 
 	Закамье		Зака'мье	 
 	закат		зака'тъ, на зака'тѣ	 
 	Закинф		Заки'нѳъ	 
 	закипел		закипѣ'лъ	 
 	заклание		закла'ніе (преда'ніе сме'рти пронза'ніемъ ко'лющимъ ору'жіемъ, обы'чно при жертвоприноше'ніи)	 
 	заклёванный		заклёванный	 
 	заклеенный		закле'енный	 
 	заклеймённый		заклеймённый	 
 	заклёпка		заклёпка, на заклёпкѣ	 
 	заклиненный		закли'ненный	 
 	заклинённый		заклинённый	 
 	заклинье		закли'нье	 
 	заклюёт		заклюётъ	 
 	заключает		заключа'етъ	 
 	заключение		заключе'ніе, заключа'етъ	 
 	заключённый		заключённый, заключённаго	 
 	заключительный		заключи'тельный	 
 	заклятие		закля'тіе (заклина'ніе; на нёмъ лежи'тъ закля'тіе — онъ заколдо'ванъ)	 
 	заковать		закова'ть	 
 	заколебать		заколеба'ть	 
 	заколесить		заколеси'ть	 
 	заколоченный		заколо'ченный	 
 	закон		зако'нъ, воръ въ зако'нѣ	 
 	законен		зако'ненъ	 
 	законного		зако'ннаго	 
 	законное		зако'нное тре'бованіе полице'йскаго инспе'ктора	 
 	законнорождённый		законнорождённый, законнорождённаго	 
 	законность		зако'нность	 
 	законные		зако'нные (м. р.), зако'нныя (ж. р. и ср. р.)	 
 	законный		зако'нный, зако'ннаго, зако'ненъ	 
 	законоведение		законовѣ'дѣніе	 
 	законодательный		законода'тельный, законода'тельнаго	 
 	закономерно		закономѣ'рно	 
 	закономерный		закономѣ'рный, закономѣ'рнаго	 
 	законопаченный		законопа'ченный	 
 	законопреступник		законопресту'пникъ	 
 	законченый		зако'нченый	 
 	закопёрщик		закопёрщикъ (зачи'нщикъ, верхово'дъ)	 
 	закоптелый		закоптѣ'лый	 
 	закопчённый		закопчённый	 
 	закоренелый		закоренѣ'лый	 
 	закормленный		зако'рмленный	 
 	закоснелый		закоснѣ'лый	 
 	закостенелый		закостенѣ'лый	 
 	закоулок		закоу'локъ, въ закоу'лкѣ	 
 	закоулочек		закоу'лочекъ, въ закоу'лочкѣ	 
 	закоченелый		закоченѣ'лый, закоченѣ'лаго	 
 	закрадётся		закрадётся	 
 	закраснеться		закраснѣ'ться	 
 	закрашенный		закра'шенный, закра'шеннаго	 
 	закрепить		закрѣпи'ть, закрѣпи'ться	 
 	закреплён		закрѣплёнъ	 
 	закрепостить		закрѣпости'ть	 
 	закрепощённый		закрѣпощённый	 
 	закрепощение		закрѣпоще'ніе	 
 	закреститься		закрести'ться	 
 	закривлённый		закривлённый	 
 	закроет		закро'етъ (закры'ть), закро'йте, закро'йтесь	 
 	закругление		закругле'ніе	 
 	закруглённый		закруглённый	 
 	закрученный		закру'ченный	 
 	закрывайте		закрыва'йте, закрыва'ете, закрыва'етъ	 
 	закуёт		закуётъ	 
 	закукарекать		закукаре'кать	 
 	закупленный		заку'пленный	 
 	закупоренный		заку'поренный	 
 	Закхей		Закхе'й	 
 	зал		залъ (въ обще'ственномъ собра'ніи), за'ла и за'ло (въ до'мѣ), въ за'лѣ	 
 	зала		за'ла и за'ло (въ до'мѣ), въ за'лѣ	 
 	залёг		залёгъ, залегла', залегли'	 
 	залёгший		залёгшій, залёгшаго	 
 	заледенеть		заледенѣ'ть	 
 	залежалый		залежа'лый, залежа'лаго, залежа'лое	 
 	залёживаться		залёживаться	 
 	залежь		за'лежь	 
 	залез		залѣ'зъ, залѣ'зла, залѣ'зли	 
 	залезает		залѣза'етъ, залѣза'ете, залѣза'емъ, залѣза'ешь, залѣза'ютъ	 
 	залезай		залѣза'й, залѣза'йте	 
 	залезет		залѣ'зетъ, залѣ'зете, залѣ'земъ, залѣ'зешь, залѣ'зутъ	 
 	залезть		залѣ'зть	 
 	залезь		залѣ'зь, залѣ'зьте	 
 	залей		зале'й, зале'йте, зальётъ, зальёмъ, зальёшь	 
 	залениться		залѣни'ться	 
 	залепетал		залепета'лъ	 
 	залепить		залѣпи'ть	 
 	залесённый		залѣсённый	 
 	Залесский		Залѣ'сскій	 
 	залесье		залѣ'сье	 
 	залёт		залётъ	 
 	залететь		залетѣ'ть, залетѣ'лъ, залетѣ'ла, залетѣ'ли, залетѣ'ло	 
 	залётка		залётка (случа'йно и ненадо'лго появи'вшійся заѣ'зжій человѣ'къ; любо'вникъ)	 
 	залечить		залѣчи'ть	 
 	залечь		зале'чь	 
 	заливень		за'ливень (у'лей, гдѣ со'ты спло'шь за'литы мёдомъ)	 
 	залишек		зали'шекъ (изли'шекъ)	 
 	залишнее		зали'шнее (ли'шнее, изли'шнее, оста'точное, нену'жное) — уcтap.	 
 	заложенный		зало'женный, зало'женнаго	 
 	заломленный		зало'мленный	 
 	залужённый		залужённый	 
 	зальёмся		зальёмся	 
 	зальётся		зальётся	 
 	зальёшься		зальёшься	 
 	замалёванный		замалёванный	 
 	замалевать		замалева'ть	 
 	заматерелый		заматерѣ'лый и заматорѣ'лый	 
 	замахнётся		замахнётся	 
 	Замбези		Замбе'зи	 
 	замедление		замедле'ніе	 
 	замедленно		заме'дленно	 
 	замедленного		заме'дленнаго	 
 	замедленное		заме'дленное	 
 	замедленны		заме'дленны	 
 	замедленные		заме'дленные (м. р.), заме'дленныя (ж. р. и ср. р.)	 
 	замедленный		заме'дленный, заме'дленнаго	 
 	замедлитель		замедли'тель	 
 	замедлить		заме'длить, заме'длиться	 
 	замедлять		замедля'ть, замедля'ться	 
 	замелить		замѣли'ть	 
 	замелькать		замелька'ть	 
 	замена		замѣ'на, при замѣ'нѣ	 
 	заменён		замѣнёнъ	 
 	заменённый		замѣнённый	 
 	заменит		замѣ'нитъ	 
 	заменитель		замѣни'тель	 
 	заменить		замѣни'ть, замѣню', замѣ'нитъ	 
 	заменю		замѣню'	 
 	заменять		замѣня'ть	 
 	замер		замѣ'ръ (отъ мѣ'рить), при замѣ'рѣ; но за'меръ (отъ замере'ть)	 
 	замереть		замере'ть	 
 	замерещиться		замере'щиться	 
 	замёрзший		замёрзшій (отъ замерза'ть)	 
 	замерить		замѣ'рить	 
 	замертво		за'мертво	 
 	замерший		за'мершій (отъ замере'ть)	 
 	замерять		замѣря'ть	 
 	замес		замѣ'съ, въ замѣ'сѣ	 
 	замесить		замѣси'ть	 
 	замести		замести'	 
 	заместитель		замѣсти'тель	 
 	заместо		замѣ'сто (вмѣ'сто) — уcтap.	 
 	заметался		замета'лся	 
 	замёт		замётъ (не'вода)	 
 	замётанный		замётанный	 
 	замётано		замётано	 
 	заметать		замета'ть	 
 	заметённый		заметённый	 
 	заметить		замѣ'тить, замѣ'тно	 
 	заметка		замѣ'тка, въ замѣ'ткѣ	 
 	замётка		замётка (шовъ кру'пными стежка'ми)	 
 	заметнее		замѣ'тнѣе	 
 	заметно		замѣ'тно	 
 	заметного		замѣ'тнаго	 
 	заметное		замѣ'тное	 
 	заметные		замѣ'тные (м. р.), замѣ'тныя (ж. р. и ср. р.)	 
 	заметный		замѣ'тный, замѣ'тнаго	 
 	замётывать		замётывать (зашива'ть кру'пными стежка'ми)	 
 	замечает		замѣча'етъ	 
 	замечание		замѣча'ніе	 
 	замечательнейшие		замѣча'тельнѣйшіе (м. р.), замѣча'тельнѣйшія (ж. р. и ср. р.)	 
 	замечательно		замѣча'тельно, замѣча'тельнѣе	 
 	замечательное		замѣча'тельное	 
 	замечательные		замѣча'тельные (м. р.), замѣча'тельныя (ж. р. и ср. р.)	 
 	замечательный		замѣча'тельный, замѣча'тельнаго	 
 	замечать		замѣча'ть	 
 	замеченный		замѣ'ченный	 
 	замечтаться		замечта'ться	 
 	замечу		замѣ'чу	 
 	замешанный		замѣ'шанный (отъ замѣша'ть — онъ замѣ'шанъ въ э'томъ дѣ'лѣ)	 
 	замешательство		замѣша'тельство, въ замѣша'тельствѣ	 
 	замешенный		замѣ'шенный (отъ замѣси'ть — замѣ'шенное тѣ'сто)	 
 	замешивать		замѣ'шивать	 
 	замешкаться		замѣ'шкаться	 
 	замещать		замѣща'ть	 
 	замещённый		замѣщённый	 
 	замирённый		замирённый (отъ мири'ть)	 
 	замкнётся		замкнётся	 
 	замлеть		замлѣ'ть	 
 	замнётся		замнётся	 
 	замок		за'мокъ, въ за'мкѣ	 
 	замок		замо'къ, на замкѣ'	 
 	замораживать		замора'живать	 
 	заморённый		заморённый	 
 	замороженные		заморо'женные (м. р.), заморо'женныя (ж. р. и ср. р.)	 
 	замороженный		заморо'женный, заморо'женнаго, заморо'женное	 
 	замороченный		заморо'ченный	 
 	заморские		замо'рскіе (м. р.), замо'рскія (ж. р. и ср. р.)	 
 	заморский		замо'рскій, замо'рскаго	 
 	заморье		замо'рье	 
 	замоскворецкий		замоскворѣ'цкій	 
 	Замоскворечье		Замоскворѣ'чье	 
 	замостье		замо'стье	 
 	замочек		замо'чекъ	 
 	замошье		замо'шье	 
 	замощённый		замощённый	 
 	замрём		замрёмъ	 
 	замрёт		замрётъ	 
 	замрёшь		замрёшь	 
 	замуж		за'мужъ	 
 	замужем		за'мужемъ	 
 	замужество		заму'жество и заму'жство, въ заму'жествѣ	 
 	замужние		заму'жнія (не заму'жніе! :)	 
 	замутнение		замутне'ніе	 
 	замутнённый		замутнённый	 
 	замученный		заму'ченный, заму'ченнаго	 
 	замшевый		за'мшевый, за'мшеваго	 
 	замшелый		замше'лый, замше'лаго (мши'ться, замши'ться)	 
 	замыленный		замы'ленный, замы'леннаго	 
 	замысел		за'мыселъ, за'мыслъ	 
 	занавес		за'навѣсъ (м. р.), за'навѣсь (ж. р.)	 
 	занавеса		занавѣ'са, за'навѣсь, занавѣ'ска	 
 	занавеска		занавѣ'ска, за'навѣсь, занавѣ'са, занавѣ'ски	 
 	занавесочка		занавѣ'сочка	 
 	занавесь		за'навѣсь, занавѣ'ска, занавѣ'са	 
 	зане		зане' (и'бо, для того', потому' что, такъ какъ) — уcтap.	 
 	заневеститься		заневѣ'ститься (дости'гнуть извѣ'стнаго во'зраста :)	 
 	заневолить		занево'лить	 
 	занедужить		занеду'жить (заболѣ'ть, захвора'ть)	 
 	занежиться		занѣ'житься	 
 	занемевшие		занѣмѣ'вшіе (м. р.), занѣмѣ'вшія (ж. р. и ср. р.)	 
 	занемевший		занѣмѣ'вшій	 
 	занемеет		занѣмѣ'етъ	 
 	занемеешь		занѣмѣ'ешь	 
 	занемел		занѣмѣ'лъ	 
 	занемела		занѣмѣ'ла	 
 	занемели		занѣмѣ'ли	 
 	занемело		занѣмѣ'ло	 
 	занеметь		занѣмѣ'ть	 
 	занемеют		занѣмѣ'ютъ	 
 	занемочь		занемо'чь (почу'вствовать недомога'ніе, заболѣ'ть)	 
 	занесение		занесе'ніе, занесе'нье	 
 	занесённый		занесённый, занесённаго	 
 	занесло		занесло'	 
 	занести		занести', зане'сть	 
 	занёсшийся		занёсшійся	 
 	занимательно		занима'тельно	 
 	заново		за'ново	 
 	заносчивый		зано'счивый, зано'счиваго	 
 	заночевать		заночева'ть	 
 	занятие		заня'тіе, заня'тія, на заня'тіяхъ	 
 	занятнее		заня'тнѣе	 
 	занятного		заня'тнаго	 
 	занятное		заня'тное	 
 	занятные		заня'тные (м. р.), заня'тныя (ж. р. и ср. р.)	 
 	заодно		заодно' (наpѣч.), но за одно' сло'во	 
 	заозерье		заозе'рье	 
 	заозёрье		заозёрье	 
 	за океаном		за океа'номъ	 
 	заокеанские		заокеа'нскіе (м. р.), заокеа'нскія (ж. р. и ср. р.)	 
 	заокеанский		заокеа'нскій, заокеа'нскаго	 
 	заокеанского		заокеа'нскаго	 
 	заокеанское		заокеа'нское	 
 	заорём		заорёмъ	 
 	заорёт		заорётъ	 
 	заорёшь		заорёшь	 
 	заострённый		заострённый	 
 	заочное		зао'чное	 
 	запавшее		запа'вшее	 
 	запад		за'падъ, на за'падѣ	 
 	западёт		западётъ	 
 	западнее		за'паднѣе	 
 	западнёй		западнёй, въ западнѣ'	 
 	западноевропейский		за'падно-европе'йскій	 
 	западные		за'падные (м. р.), за'падныя (ж. р. и ср. р.)	 
 	западня		западня', въ западнѣ', западнёй	 
 	запакощенный		запа'кощенный	 
 	запалённый		запалённый	 
 	запальчивый		запа'льчивый	 
 	запанибрата		за-панибра'та (какъ съ ра'внымъ; безцеремо'нно, за'просто)	 
 	запасённый		запасённый	 
 	запасливый		запа'сливый	 
 	запах		за'пахъ (воспрія'тіе обоня'нія), запа'хъ (у оде'жды)	 
 	запахнет		запа'хнетъ (отъ за'пахъ)	 
 	запахнёт		запахнётъ (отъ запахну'ть)	 
 	запев		запѣ'въ	 
 	запевала		запѣва'ла и запѣва'ло	 
 	запей		запе'й	 
 	запекание		запека'ніе	 
 	запеканка		запека'нка	 
 	запёкшийся		запёкшійся	 
 	запеленать		запелена'ть	 
 	запенивать		запѣ'нивать	 
 	запер		за'перъ (на запо'ръ)	 
 	запереть		запере'ть, запрётъ, за'перъ, заперла', за'перло	 
 	заперт		за'пертъ, за'перто, заперта', за'перты	 
 	заперта		заперта'	 
 	заперто		за'перто	 
 	запертого		за'пертаго	 
 	запертое		за'пертое	 
 	запертые		за'пертые (м. р.), за'пертыя (ж. р. и ср. р.)	 
 	запертый		за'пертый, за'пертаго	 
 	заперхать		запе'рхать	 
 	заперший		за'першій, за'першійся	 
 	запершить		запе'ршить	 
 	запестреть		запестрѣ'ть	 
 	запеть		запѣ'ть	 
 	запечатать		запеча'тать, запеча'тывать	 
 	запечатлённый		запечатлѣ'нный (не запечетлѣ'нный!)	 
 	запечатлеть		запечатлѣ'ть, запечатлѣ'нъ (воплоти'ть въ произведе'ніи иску'сства; сохрани'ть въ па'мяти)	 
 	запечённый		запечённый	 
 	запечь		запе'чь	 
 	запечье		запе'чье	 
 	запирает		запира'етъ	 
 	запирательство		запира'тельство	 
 	запихнёшь		запихнёшь	 
 	запишем		запи'шемъ	 
 	заплатишь		запла'тишь, запла'тятъ, запла'ченъ (пpич., произн. запло'ченъ)	 
 	заплачем		запла'чемъ	 
 	заплёванный		заплёванный	 
 	заплевать		заплева'ть	 
 	заплёсканный		заплёсканный	 
 	заплескать		заплеска'ть	 
 	заплесневеть		заплѣ'сневѣть, заплѣ'снѣть	 
 	заплёсок		заплёсокъ	 
 	заплести		заплести', запле'сть	 
 	заплетать		заплета'ть	 
 	заплетём		заплетёмъ	 
 	заплетён		заплетёнъ	 
 	заплечик		запле'чикъ	 
 	заплечный		запле'чный; запле'чныхъ дѣ'лъ ма'стеръ (пала'чъ)	 
 	заплешивевший		заплѣши'вѣвшій	 
 	заплешиветь		заплѣши'вѣть, заплѣши'вѣю, заплѣши'вѣетъ	 
 	заплывёт		заплывётъ	 
 	заплюёт		заплюётъ	 
 	запнётся		запнётся	 
 	заповедание		заповѣ'даніе	 
 	заповедь		за'повѣдь (религіо'зно-нра'вственное предписа'ніе)	 
 	заповедник		заповѣ'дникъ, въ заповѣ'дникѣ	 
 	заповедного		заповѣ'днаго	 
 	заповедное		заповѣ'дное	 
 	заповедные		заповѣ'дные (м. р.), заповѣ'дныя (ж. р. и ср. р.)	 
 	заповедный		заповѣ'дный, заповѣ'днаго	 
 	заповедовать		заповѣ'довать, заповѣ'дуетъ	 
 	заповедующий		заповѣ'дующій, заповѣ'дующаго	 
 	заподлинно		запо'длинно (и'стинно, по'длинно)	 
 	заподозрен		заподо'зрѣнъ	 
 	запоём		запоёмъ (отъ пѣть)	 
 	запоем		запо'емъ (пить запо'емъ), въ запо'ѣ	 
 	запоёшь		запоёшь	 
 	запойное		запо'йное, запо'йнаго	 
 	запойные		запо'йные (м. р.), запо'йныя (ж. р. и ср. р.)	 
 	заполёванный		заполёванный	 
 	заполевать		заполева'ть (добы'ть на охо'тѣ)	 
 	заползёт		заползётъ	 
 	заполнен		запо'лненъ	 
 	заполнение		заполне'ніе	 
 	заполненный		запо'лненный	 
 	заполонённый		заполонённый	 
 	заполье		запо'лье (да'льніе уча'стки па'хотной земли', да'льнія поля')	 
 	запомненный		запо'мненный	 
 	запонка		за'понка	 
 	запорожец		запоро'жецъ (каза'къ изъ Запоро'жской Сѣчи')	 
 	Запорожье		Запоро'жье	 
 	запорошённый		запорошённый	 
 	запотеть		запотѣ'ть	 
 	запредельный		запредѣ'льный, запредѣ'льнаго, запредѣ'льное	 
 	запрелый		запрѣ'лый, запрѣ'лаго	 
 	запрёмся		запрёмся	 
 	запрет		запре'тъ, въ запре'тѣ	 
 	запрёт		запрётъ	 
 	запрётесь		запрётесь	 
 	запретить		запрети'ть	 
 	запретные		запре'тные (м. р.), запре'тныя (ж. р. и ср. р.)	 
 	запретный		запре'тный	 
 	запрётся		запрётся	 
 	запреть		запрѣ'ть (отъ прѣ'ть)	 
 	запрёшься		запрёшься	 
 	запрещать		запреща'ть	 
 	запрещён		запрещёнъ	 
 	запрещение		запреще'ніе	 
 	запрещённого		запрещённаго	 
 	запрещённое		запрещённое	 
 	запрещённые		запрещённые (м. р.), запрещённыя (ж. р. и ср. р.)	 
 	запрещённый		запрещённый, запрещённаго	 
 	запрещено		запрещено'	 
 	заприметил		запримѣ'тилъ	 
 	запросто		за'просто (безъ церемо'ній, безъ стѣсне'ній; легко', безъ уси'лій)	 
 	запрошенный		запро'шенный	 
 	запряжённый		запряжённый, запряжённаго	 
 	запрячь		запря'чь, запря'гъ (запре'чь, запрёгъ)	 
 	запуск		за'пускъ, при за'пускѣ	 
 	запустение		запустѣ'ніе	 
 	запутаннее		запу'таннѣе	 
 	запутанное		запу'танное, запу'таннаго	 
 	запущенный		запу'щенный, запу'щеннаго	 
 	запьём		запьёмъ	 
 	запьёт		запьётъ	 
 	запьёшь		запьёшь	 
 	запылённый		запылённый	 
 	запыхтеть		запыхтѣ'ть	 
 	зарабатывать		зараба'тывать и зарабо'тывать	 
 	заражён		заражёнъ	 
 	заражение		зараже'ніе	 
 	заражённый		заражённый	 
 	за раз		за ра'зъ (за оди'нъ ра'зъ), но за'разъ (укр., бѣлорусск. — сейча'съ)	 
 	зараз		за'разъ (укр., бѣлорусск. — сейча'съ), но за ра'зъ	 
 	заразнее		зара'знѣе, зара'знѣйшій, зара'знѣйшаго	 
 	заранее		зара'нѣе, зара'нѣ	 
 	зарастать		зараста'ть, зароста'ть	 
 	зарастёт		зарастётъ, заростётъ	 
 	зарасти		зарасти', зарости'	 
 	зарвёшься		зарвёшься, зарвёмся, зарвётся, зарвётесь	 
 	зарделась		зардѣ'лась (заря')	 
 	зардеться		зардѣ'ться (ста'ть я'рко-кра'снымъ — заря' зардѣ'лась; зардѣ'лась отъ смуще'нія)	 
 	заребячиться		заребя'читься	 
 	зарёванный		зарёванный, зарёваннаго	 
 	заревел		заревѣ'лъ	 
 	заревёт		заревётъ, заревѣ'ть	 
 	зареветь		заревѣ'ть, заревётъ	 
 	зарево		за'рево, въ за'ревѣ	 
 	зарегистрировать		зарегистри'ровать	 
 	зарезал		зарѣ'залъ	 
 	зарезанный		зарѣ'занный	 
 	зарезать		зарѣ'зать	 
 	заречье		зарѣ'чье	 
 	заречься		заре'чься (дать заро'къ, обѣща'ніе не дѣ'лать чего'-либо впре'дь)	 
 	зарекаться		зарека'ться (заре'чься)	 
 	зарёкшемуся		зарёкшемуся	 
 	зарёкшийся		зарёкшійся	 
 	заречёшься		заречёшься	 
 	зарёю		зарёю	 
 	заржавеет		заржавѣ'етъ	 
 	заржавелый		заржавѣ'лый	 
 	заржаветь		заржавѣ'ть	 
 	заржёт		заржётъ	 
 	заробеть		заробѣ'ть	 
 	зародыш		заро'дышъ	 
 	зароет		заро'етъ (зары'ть)	 
 	зарождаться		зарожда'ться и заражда'ться	 
 	зарождение		зарожде'ніе	 
 	зарождённый		зарождённый	 
 	заронённый		заронённый	 
 	заросль		за'росль	 
 	за рубеж		за рубе'жъ (уѣ'хать за рубе'жъ)	 
 	зарубеж		зарубе'жъ (рабо'тать на зарубе'жъ)	 
 	зарубежные		зарубе'жные (м. р.), зарубе'жныя (ж. р. и ср. р.)	 
 	зарубежный		зарубе'жный	 
 	за рубежом		за рубежо'мъ (находи'ться за рубежо'мъ)	 
 	зарубежье		зарубе'жье	 
 	зарубленный		зару'бленный	 
 	заручённый		заручённый	 
 	заручье		зару'чье	 
 	зарыжеть		зарыжѣ'ть	 
 	заря		заря', зоря', зарёю, на зарѣ'	 
 	зарядье		заря'дье	 
 	заряженный		заря'женный, заря'женнаго	 
 	заряжённый		заряжённый, заряжённаго	 
 	засаженный		заса'женный, заса'женнаго	 
 	засахаренный		заса'харенный, заса'хареннаго	 
 	засвербеть		засвербѣ'ть (зачеса'ться)	 
 	засвербить		засверби'ть (защекота'ть)	 
 	засверкал		засверка'лъ	 
 	засвидетельствовать		засвидѣ'тельствовать	 
 	засвистеть		засвистѣ'ть	 
 	засвеже		за'свѣже (съ нача'ломъ холодо'въ)	 
 	засветить		засвѣти'ть	 
 	засветло		за'свѣтло (до наступле'нія темноты', пока' свѣтло')	 
 	засветлеть		засвѣтлѣ'ть	 
 	засвечивать		засвѣ'чивать	 
 	засвидетельствовал		засвидѣ'тельствовалъ	 
 	засевать		засѣва'ть	 
 	заседает		засѣда'етъ, засѣда'ете, засѣда'емъ, засѣда'ешь, засѣда'ютъ	 
 	заседание		засѣда'ніе, на засѣда'ніи, засѣда'ніемъ	 
 	заседатель		засѣда'тель, засѣда'телемъ, о засѣда'телѣ	 
 	заседать		засѣда'ть	 
 	заседающего		засѣда'ющаго	 
 	заседающие		засѣда'ющіе (м. р.), засѣда'ющія (ж. р. и ср. р.)	 
 	заседающий		засѣда'ющій, засѣда'ющаго	 
 	засёдланный		засѣ'дланный	 
 	засёк		засѣ'къ	 
 	засека		засѣ'ка и за'сѣка (прегра'да), Козло'ва За'сѣка (заповѣ'дный лѣсъ), на за'сѣкѣ	 
 	Засекин		Засѣ'кинъ	 
 	заселение		заселе'ніе	 
 	заселённый		заселённый, заселённаго	 
 	засёлок		засёлокъ	 
 	заселять		заселя'ть	 
 	засеребрённый		засеребрённый	 
 	засесть		засѣ'сть	 
 	засечённый		засѣчённый	 
 	засечка		засѣ'чка	 
 	засечь		засѣ'чь, засѣ'къ	 
 	засеять		засѣ'ять	 
 	засидеться		засидѣ'ться	 
 	засим		заси'мъ (по'слѣ э'того, затѣ'мъ, да'лѣе)	 
 	засинённый		засинённый	 
 	засипеть		засипѣ'ть	 
 	засиял		засія'лъ	 
 	заскорбеть		заскорбѣ'ть (не заскорби'ть!), но заскорби'тъ	 
 	заскорузлый		заскору'злый, закору'злый (затвердѣ'вшій, загрубѣ'лый)	 
 	заскрёб		заскрёбъ	 
 	заскребётся		заскребётся	 
 	заскрёбший		заскрёбшій	 
 	заскрежетал		заскрежета'лъ	 
 	заслащённый		заслащённый	 
 	заслепить		заслѣпи'ть	 
 	заслонённый		заслонённый	 
 	заслуженно		заслу'женно	 
 	заслуженное		заслу'женное	 
 	заслуженного		заслу'женнаго	 
 	заслуженные		заслу'женные (м. р.), заслу'женныя (ж. р. и ср. р.)	 
 	заслуженный		заслу'женный, заслу'женнаго	 
 	засмеётся		засмѣётся	 
 	засмеяться		засмѣя'ться	 
 	засмотреться		засмотрѣ'ться	 
 	заснеженные		заснѣ'женные (м. р.), заснѣ'женныя (ж. р. и ср. р.)	 
 	заснеженный		заснѣ'женный, заснѣ'женнаго	 
 	заснём		заснёмъ	 
 	заснёт		заснётъ	 
 	заснёшь		заснёшь	 
 	заснуёт		заснуётъ	 
 	засовеститься		засо'вѣститься	 
 	засоленный		засо'ленный (о проду'ктѣ), засо'лка	 
 	засолённый		засолённый (о по'чвѣ), засоле'ніе	 
 	засопеть		засопѣ'ть, засапѣ'ть	 
 	засорение		засоре'ніе	 
 	засорённый		засорённый	 
 	засосёт		засосётъ	 
 	заспешить		заспѣши'ть	 
 	заставлять		заставля'ть	 
 	заставленный		заста'вленный	 
 	заставьте		заста'вьте	 
 	застаёт		застаётъ	 
 	застанет		заста'нетъ, заста'немъ, заста'нешь	 
 	застарелый		застарѣ'лый, застарѣ'лаго	 
 	застегать		застега'ть	 
 	застёгивать		застёгивать	 
 	застегнётся		застегнётся	 
 	застёжка		застёжка, на застёжкѣ	 
 	застекленеть		застекленѣ'ть	 
 	застекление		застекле'ніе	 
 	застеклено		застеклено'	 
 	застеклённое		застеклённое	 
 	застеклённые		застеклённые (м. р.), застеклённыя (ж. р. и ср. р.)	 
 	застеклённый		застеклённый, застеклённаго	 
 	застеклить		застекли'ть	 
 	застекляет		застекля'етъ, застекля'ете, застекля'емъ, застекля'ешь, застекля'ютъ	 
 	застеклять		застекля'ть	 
 	застенать		застена'ть	 
 	застенок		застѣ'нокъ, въ застѣ'нкѣ	 
 	застенчивый		застѣ'нчивый	 
 	застолблённый		застолблённый	 
 	засточертело		засточертѣ'ло въ головѣ' (си'льно зашумѣ'ло отъ вина')	 
 	застревать		застрева'ть и застрява'ть	 
 	застрекотать		застрекота'ть	 
 	застрел		застрѣ'лъ (цейтно'тъ)	 
 	застрелен		застрѣ'ленъ	 
 	застрелиться		застрѣ'литься	 
 	застрельщик		застрѣ'льщикъ (зачина'тель, зачи'нщикъ)	 
 	застреха		застрѣ'ха (ни'жній, свиса'ющій кра'й кры'ши)	 
 	застроенный		застро'енный, застро'еннаго	 
 	застуженный		засту'женный, засту'женнаго	 
 	заступление		заступле'ніе	 
 	застыжённый		застыжённый, застыжённаго, застыжёнъ, застыжена', застыжены', застыжено'	 
 	засуетиться		засуети'ться	 
 	засуженный		засу'женный, засу'женнаго	 
 	Засулье		Засу'лье	 
 	засученный		засу'ченный	 
 	засушенный		засу'шенный, засу'шеннаго	 
 	засчитан		засчи'танъ, (не зощи'танъ :)	 
 	затаённое		затаённое	 
 	затащенный		зата'щенный	 
 	затвердевать		затвердѣва'ть	 
 	затвердеть		затвердѣ'ть	 
 	затвердить		затверди'ть	 
 	затверженный		затве'рженный и затвержённый, затве'рженъ, затве'рженнаго	 
 	затворённый		затворённый	 
 	затевать		затѣва'ть	 
 	затейливый		затѣ'йливый, затѣ'йливаго	 
 	затейник		затѣ'йникъ (скло'нный къ затѣ'ямъ человѣ'къ; вы'думщикъ)	 
 	затёк		затёкъ	 
 	затекать		затека'ть	 
 	затёкший		затёкшій	 
 	за тем		за тѣ'мъ	 
 	затем		затѣ'мъ (наpѣч.), но за тѣ'мъ лѣ'сомъ	 
 	затемнение		затемне'ніе (отъ затемни'ть), но затемнѣ'ніе (отъ затемнѣ'ть)	 
 	затемнеть		затемнѣ'ть, затемнѣ'ніе; но затемне'ніе (отъ затемни'ть)	 
 	затемнить		затемни'ть, затемне'ніе; но затемнѣ'ніе (отъ затемнѣ'ть)	 
 	затемно		за'темно (прійти за'темно — въ темнотѣ')	 
 	затенение		затѣне'ніе	 
 	затенённый		затѣнённый, затѣнённаго	 
 	затенить		затѣни'ть	 
 	затепленный		зате'пленный	 
 	затеплить		зате'плить (заже'чь лампа'ду, свѣчу'), зате'плиться	 
 	затепло		за'тепло (до холодо'въ)	 
 	затереть		затере'ть	 
 	затерзать		затерза'ть	 
 	затёртый		затёртый	 
 	затёршийся		затёршійся	 
 	затерянный		зате'рянный, зате'ряннаго	 
 	затёсанный		затёсанный	 
 	затесать		затеса'ть	 
 	затесаться		затеса'ться	 
 	затеснение		затѣсне'ніе	 
 	затечёт		затечётъ	 
 	затечь		зате'чь	 
 	затея		затѣ'я, о затѣ'ѣ	 
 	затеять		затѣ'ять	 
 	затишье		зати'шье	 
 	заткнёт		заткнётъ	 
 	затлеть		затлѣ'ть	 
 	затмевать		затмева'ть	 
 	затмение		затме'ніе	 
 	зато		зато' (сoю'зъ — зато' у него' есть...) но вы'пьемъ за то', что' у него' есть...	 
 	затолкнёт		затолкнётъ	 
 	затолчётся		затолчётся	 
 	затопленный		зато'пленный, зато'пленнаго	 
 	заторможенный		затормо'женный	 
 	затормошённый		затормошённый	 
 	заточенный		зато'ченный	 
 	заточённый		заточённый	 
 	заточение		заточе'ніе	 
 	затравленный		затра'вленный, затра'вленнаго	 
 	затрагивать		затра'гивать и затро'гивать	 
 	затрапез		затрапе'зъ (дешёвая гру'бая пло'тная тка'нь въ поло'ску; бу'дничная оде'жда)	 
 	затрапезный		затрапе'зный (бу'дничный, ненаря'дный)	 
 	затраченный		затра'ченный, затра'ченнаго	 
 	затревожиться		затрево'житься	 
 	затрезвонил		затрезво'нилъ	 
 	затрёпанный		затрёпанный	 
 	затрепетал		затрепета'лъ	 
 	затрётся		затрётся	 
 	затрещал		затреща'лъ	 
 	затрещина		затре'щина	 
 	затруднение		затрудне'ніе	 
 	затруднённый		затруднённый, затруднённаго	 
 	затруднителен		затрудни'теленъ	 
 	затруднительное		затрудни'тельное	 
 	затрушенный		затру'шенный	 
 	затрясётся		затрясётся	 
 	затрясся		затря'сся	 
 	затуманенный		затума'ненный	 
 	затупленный		зату'пленный	 
 	затупеть		затупѣ'ть	 
 	затускнеть		затускнѣ'ть	 
 	затучнеть		затучнѣ'ть	 
 	затушёвывание		затушёвываніе	 
 	затхлый		за'тхлый и за'дхлый, за'тхлаго и за'дхлаго	 
 	Зауервейд		Зауерве'йдъ	 
 	за упокой		заупоко'й	 
 	зауряд		зауря'дъ (зауря'дный — обыкнове'нный, посре'дственный), дѣ'йствовалъ зауря'дъ съ други'ми	 
 	зауряд		зауря'дъ- (пе'рвая ча'сть сло'жныхъ словъ въ значе'ніи "исполня'ющій каку'ю-ли'бо до'лжность, но не имѣ'ющій соотвѣ'тствующаго чи'на")	 
 	зауряд-прапорщик		зауря'дъ-пра'порщикъ (вы'сшее во'инское зва'ніе для у'нтеръ-офице'ровъ 1907-1917)	 
 	заусенец		заусе'нецъ и заусе'ница	 
 	заутренний		зау'тренній	 
 	заутреня		зау'треня (церко'вная слу'жба, соверша'емая ра'но у'тромъ), къ зау'тренѣ	 
 	заутюженный		заутю'женный, заутю'женнаго	 
 	заушение		зауше'ніе (уда'ръ по у'ху, по щекѣ')	 
 	заушье		зау'шье (мѣ'сто позади' у'ха)	 
 	Захар		Заха'ръ, Заха'рій	 
 	Захарий		Заха'рій, Заха'ръ	 
 	захваленный		захва'ленный, захва'леннаго	 
 	захваченный		захва'ченный, захва'ченнаго	 
 	захерить		захе'рить (зачеркну'ть)	 
 	захилеть		захилѣ'ть	 
 	захиреет		захирѣ'етъ, захирѣ'ете, захирѣ'емъ, захирѣ'ешь, захирѣ'ю, захирѣ'ютъ	 
 	захирелого		захирѣ'лаго	 
 	захирелое		захирѣ'лое	 
 	захирелость		захирѣ'лость	 
 	захирелые		захирѣ'лые (м. р.), захирѣ'лыя (ж. р. и ср. р.)	 
 	захирелый		захирѣ'лый, захирѣ'лаго	 
 	захламлённый		захламлённый, захламлённаго	 
 	захлебнёшься		захлебнёшься	 
 	захлебнуться		захлебну'ться	 
 	захлёбываться		захлёбываться	 
 	захлёстанный		захлёстанный	 
 	захлестнуть		захлесну'ть	 
 	захмелеть		захмелѣ'ть и захмѣлѣ'ть	 
 	заход		захо'дъ, во второ'мъ захо'дѣ	 
 	заходите		заходи'те и захо'дите	 
 	захождение		захожде'ніе	 
 	захолустье		захолу'стье (глухо'е, отдалённое отъ культу'рныхъ це'нтровъ мѣ'сто; глуха'я, отдалённая отъ це'нтра часть го'рода; окра'ина)	 
 	захоронение		захоро'неніе	 
 	захороненный		захоро'ненный, захоро'неннаго	 
 	захотелось		захотѣ'лось	 
 	захотеть		захотѣ'ть, но захо'четъ	 
 	захочет		захо'четъ, но захотѣ'ть	 
 	захрапеть		захрапѣ'ть	 
 	захребетник		захребе'тникъ (живу'щій за чужо'й счётъ; тунея'децъ, дармоѣ'дъ)	 
 	захрипеть		захрипѣ'ть	 
 	захрустеть		захрустѣ'ть	 
 	зацвёл		зацвѣ'лъ (подъ ударе'ніемъ произно'сится ё), зацвѣла', зацвѣту', зацвѣтётъ	 
 	зацвести		зацвѣсти' и зацвѣ'сть	 
 	зацветший		зацвѣ'тшій	 
 	зацеремониться		зацеремо'ниться	 
 	зацедить		зацѣди'ть	 
 	зацеловать		зацѣлова'ть	 
 	заценить		зацѣни'ть	 
 	зацепить		зацѣпи'ть	 
 	зацепка		зацѣ'пка	 
 	зацеплять		зацѣпля'ть	 
 	зачастую		зачасту'ю	 
 	зачатие		зача'тіе	 
 	зачеканить		зачека'нить	 
 	за чем		за чѣмъ	 
 	зачем		зачѣ'мъ (наpѣч.), но за чѣмъ пришёлъ, то и нашёлъ	 
 	зачервиветь		зачерви'вѣть	 
 	зачёркивание		зачёркиваніе	 
 	зачернённый		зачернённый	 
 	зачернеть		зачернѣ'ть	 
 	зачернить		зачерни'ть	 
 	зачерпнёт		зачерпнётъ	 
 	зачерпнуть		зачерпну'ть	 
 	зачерстветь		зачерствѣ'ть	 
 	зачертыхаться		зачертыха'ться	 
 	зачёс		зачёсъ	 
 	зачесать		зачеса'ть	 
 	зачесть		заче'сть	 
 	зачёт		зачётъ, на зачётѣ (не зачо'тъ :)	 
 	зачехлённый		зачехлённый	 
 	зачинается		зачина'ется (начина'ется)	 
 	зачинщик		зачи'нщикъ (тотъ, кто на'чалъ и'ли побужда'лъ други'хъ нача'ть что'-либо, обы'чно неблагови'дное), о зачи'нщикѣ	 
 	зачисленный		зачи'сленный, зачи'сленнаго	 
 	зачнём		зачнёмъ (начнёмъ)	 
 	зачтённый		зачтённый, зачтённаго	 
 	зачтётся		зачтётся	 
 	зачумлённый		зачумлённый	 
 	зачует		зачу'етъ, зачу'ете	 
 	зашвырнёт		зашвырнётъ	 
 	зашевелиться		зашевели'ться	 
 	зашедший		заше'дшій, заше'дшаго	 
 	зашедшийся		заше'дшійся, заше'дшагося	 
 	зашёл		зашёлъ	 
 	зашелестел		зашелестѣ'лъ	 
 	зашелестеть		зашелестѣ'ть	 
 	зашёлся		зашёлся (ка'шлемъ)	 
 	зашельмовать		зашельмова'ть	 
 	зашепелявить		зашепеля'вить	 
 	зашёптанный		зашёптанный	 
 	зашептать		зашепта'ть	 
 	зашершаветь		зашерша'вѣть	 
 	зашибётся		зашибётся	 
 	зашипеть		зашипѣ'ть	 
 	зашлёпать		зашлёпать	 
 	зашлёшь		зашлёшь	 
 	зашпаклёванный		зашпаклёванный	 
 	зашпиленный		зашпи'ленный	 
 	заштилевать		заштилева'ть	 
 	зашуметь		зашумѣ'ть	 
 	зашумлённый		зашумлённый	 
 	защебетать		защебета'ть	 
 	защеголять		защеголя'ть	 
 	защекотать		защекота'ть	 
 	зашьёт		зашьётъ	 
 	защёлка		защёлка, на защёлкѣ	 
 	защёлкать		защёлкать (па'льцами), защелка'ть (орѣ'хами)	 
 	защемить		защеми'ть	 
 	защемлённый		защемлённый	 
 	защёчный		защёчный	 
 	защищает		защища'етъ, защища'емъ, защища'ешь, защища'ете	 
 	защищённый		защищённый, защищённаго	 
 	защитник		защи'тникъ, о защи'тникѣ	 
 	защищённый		защищённый, защищённаго	 
 	заявление		заявле'ніе	 
 	заявляет		заявля'етъ, заявля'емъ, заявля'ешь	 
 	заяц		за'яцъ, о за'йцѣ, за'йцемъ, за'йцевъ	 
 	заячий		за'ячій, за'ячьяго, за'ячьи	 
 	заячье		за'ячье, за'ячьемъ	 
 	заячьего		за'ячьяго	 
зв 	звание		зва'ніе, зва'ніемъ, зва'нія, зва'ніямъ, о зва'ніи	^
 	званный		зва'нный (пpич. — зва'нный на у'жинъ го'сть), но зва'ный (зва'ный го'сть, обѣ'дъ, у'жинъ)	 
 	званый		зва'ный (пpил. — зва'ный го'сть, обѣ'дъ, у'жинъ), но зва'нный (зва'нный на у'жинъ го'сть)	 
 	звательный		зва'тельный паде'жъ (о'тче, ста'рче, ца'рю, сы'не...), зва'тельнаго	 
 	звёзд		звѣ'здъ (подъ ударе'ніемъ произно'сится ё)	 
 	звезда		звѣзда', къ звѣздѣ', при звѣздѣ'	 
 	звёздах		о звѣ'здахъ (подъ ударе'ніемъ произно'сится ё)	 
 	звезде		къ звѣздѣ', при звѣздѣ'	 
 	звёздного		звѣ'зднаго (подъ ударе'ніемъ произно'сится ё)	 
 	звёздное		звѣ'здное (подъ ударе'ніемъ произно'сится ё)	 
 	звёздные		звѣ'здные (м. р.), звѣ'здныя (ж. р. и ср. р.), звѣ'здныя во'йны (подъ ударе'ніемъ произно'сится ё)	 
 	звёздный		звѣ'здный, звѣ'зднаго (подъ ударе'ніемъ произно'сится ё)	 
 	звездой		звѣздо'й	 
 	звездопад		звѣздопа'дъ	 
 	звездочёт		звѣздочётъ	 
 	звёздочка		звѣ'здочка (подъ ударе'ніемъ произно'сится ё)	 
 	звездою		звѣздо'ю	 
 	звезды		до пе'рвой звѣзды'	 
 	звёзды		я'ркія звѣ'зды (подъ ударе'ніемъ произно'сится ё)	 
 	звенел		звенѣ'лъ, звенѣ'ла, звенѣ'ли, звенѣ'ло	 
 	звенеть		звенѣ'ть (звонъ)	 
 	Звенигородский		Звенигоро'дскій (уѣ'здъ)	 
 	звенит		звени'тъ, звени'шь, звеню', звеня'тъ	 
 	звено		звено', на тре'тьемъ звенѣ'	 
 	звёнышко		звёнышко	 
 	звенящий		звеня'щій, звеня'щаго	 
 	Зверев		Звѣ'ревъ	 
 	звереет		звѣрѣ'етъ, звѣрѣ'емъ, звѣрѣ'ешь, звѣрѣ'ютъ	 
 	зверем		звѣ'ремъ, звѣря'ми, о звѣря'хъ	 
 	звереть		звѣрѣ'ть, звѣрѣ'етъ	 
 	зверёк		звѣрёкъ и звѣро'къ, звѣрька' и звѣрка', о звѣрькѣ' и о звѣркѣ'	 
 	зверёныш		звѣрёнышъ, звѣрёнышемъ, звѣрёнышами	 
 	зверинец		звѣри'нецъ, въ звѣри'нцѣ	 
 	зверобой		звѣробо'й, на звѣробо'ѣ	 
 	зверолов		звѣроло'въ, о звѣроло'вѣ	 
 	зверские		звѣ'рскіе (м. р.), звѣ'рскія (ж. р. и ср. р.)	 
 	зверский		звѣ'рскій, звѣ'рскаго	 
 	зверского		звѣ'рскаго	 
 	зверское		звѣ'рское	 
 	зверство		звѣ'рство, въ звѣ'рствѣ	 
 	зверушка		звѣру'шка и звѣрю'шка, звѣру'шечій	 
 	зверь		звѣ'рь, о звѣ'рѣ, о звѣря'хъ	 
 	зверьё		звѣрьё, о звѣрьѣ', звѣрьёмъ	 
 	звонкие		зво'нкіе (м. р.), зво'нкія (ж. р. и ср. р.)	 
 	звонкий		зво'нкій, зво'нкаго	 
 	звонкое		зво'нкое	 
 	звонче		зво'нче	 
 	звук		звукъ, въ э'томъ зву'кѣ	 
 	звучание		звуча'ніе	 
зд 	здание		зда'ніе	^
 	Здекауер		Здека'уеръ	 
 	здесь		здѣ'сь (не сдѣ'сь; е'сли ника'къ не запо'мнить — пиши' «тутъ»!)	 
 	здешнего		здѣ'шняго	 
 	здешнее		здѣ'шнее	 
 	здешней		здѣ'шней	 
 	здешние		здѣ'шніе (м. р.), здѣ'шнія (ж. р. и ср. р.)	 
 	здешний		здѣ'шній, здѣ'шняго	 
 	здешним		здѣ'шнимъ, здѣ'шними	 
 	здешних		здѣ'шнихъ	 
 	здоровее		здоровѣ'е	 
 	здоровенный		здорове'нный	 
 	здоровёхонький		здоровёхонькій	 
 	здоровёшенький		здоровёшенькій	 
 	здоровое		здоро'вое, здоро'ваго	 
 	здоровье		здоро'вье, о здоро'вьѣ и о здоро'вьи, зало'гъ здоро'вья	 
 	здоровьем		здоро'вьемъ	 
 	здоровьице		здоро'вьице	 
 	здоровые		здоро'вые (м. р.), здоро'выя (ж. р. и ср. р.)	 
 	здравие		здра'віе, въ добромъ здра'віи	 
 	здравии		во здра'віи	 
 	здравия		здра'вія жела'ю	 
 	здравница		здра'вница, въ здра'вницѣ, здра'вницей	 
 	здравомыслящий		здравомы'слящій	 
 	здравствовать		здра'вствовать	 
 	здравствуйте		здра'вствуйте (не здра'ствуйте!), рaзг. здра'сте	 
зе 	Зебид		Зеби'дъ	^
 	зебра		зе'бра, о зе'брѣ	 
 	зебу		зе'бу	 
 	зев		зѣвъ, въ зѣ'вѣ	 
 	зевака		зѣва'ка (тотъ, кто изъ пра'зднаго любопы'тства засма'тривается на что'-либо), о зѣва'кѣ	 
 	зеванётся		зѣванётся	 
 	зевать		зѣва'ть	 
 	Зевес		Зеве'съ, Зе'всъ	 
 	зевнёт		зѣвнётъ	 
 	зевок		зѣво'къ, при зѣвкѣ'	 
 	Зевс		Зе'всъ, Зеве'съ	 
 	зёвывать		зѣ'вывать, зѣ'вывалъ	 
 	Зеебек		Зеебе'къ	 
 	Зейдель		Зе'йдель	 
 	Зеландия		Зела'ндія	 
 	зелен		зе'ленъ (зе'ленъ виногра'дъ)	 
 	зеленее		зеленѣ'е	 
 	зеленеет		зеленѣ'етъ	 
 	зеленеется		зеленѣ'ется	 
 	зеленевший		зеленѣ'вшій	 
 	зелёненький		зелёненькій	 
 	зеленеть		зеленѣ'ть	 
 	зелёнка		зелёнка, въ зелёнкѣ	 
 	зеленной		зеленно'й (отъ зе'лень), зеленна'я ла'вка	 
 	зелено		зе'лено (мо'лодо-зе'лено)	 
 	зелено вино		зелено' вино' (пoэт. во'дка)	 
 	зелёное		зелёное	 
 	Зеленский		Зеле'нскій	 
 	зелёные		зелёные (м. р.), зелёныя (ж. р. и ср. р. — ёлки зелёныя)	 
 	зелёный		зелёный (зелёный змі'й — алкого'ль, допи'ться до зелёнаго змі'я)	 
 	зелень		зе'лень	 
 	зело		зѣло' (о'чень, весьма') — уcтap.	 
 	Зельбург		Зе'льбургъ	 
 	зелье		зе'лье, зе'ліе	 
 	зельно		зѣ'льно, зѣ'льный (оби'льно, о'чень мно'го, весьма' си'льно) — уcтap.	 
 	земель		земе'ль	 
 	земельный		земе'льный, земе'льнаго	 
 	земец		зе'мецъ (зе'мскій дѣ'ятель), о зе'мцѣ	 
 	земле		въ землѣ', на землѣ'	 
 	землеведение		землевѣ'дѣніе	 
 	землевладелец		землевладѣ'лецъ, о землевладѣ'льцѣ, землевладѣ'льцемъ	 
 	земледелец		земледѣ'лецъ, о земледѣ'льцѣ, земледѣ'льцевъ	 
 	земледелие		земледѣ'ліе	 
 	землёй		землёй	 
 	землекоп		землеко'пъ, о землеко'пѣ	 
 	землемер		землемѣ'ръ, о землемѣ'рѣ	 
 	землеройка		землеро'йка	 
 	землетрясение		землетрясе'ніе	 
 	землёю		землёю	 
 	земля		З — земля' — восьма'я бу'ква ру'сской а'збуки	 
 	земля		земля', въ землѣ', на землѣ', земе'ль	 
 	земляк		земля'къ, земля'чка, землячо'къ, земля'цкій	 
 	земляника		земляни'ка, въ земляни'кѣ	 
 	землянистый		земляни'стый	 
 	землянка		земля'нка, въ земля'нкѣ	 
 	Землянск		Земля'нскъ	 
 	земляческий		земля'ческій	 
 	землячество		земля'чество	 
 	земноводный		земново'дный, земново'днаго	 
 	земного		земно'го (не земна'го!)	 
 	земной		земно'й, земно'го, земны'хъ	 
 	земные		земны'е (м. р.), земны'я (ж. р. и ср. р.)	 
 	земский		зе'мскій (состоя'щій на слу'жбѣ въ зе'мствѣ), зе'мскаго	 
 	земство		зе'мство, въ зе'мствѣ (вы'борный о'рганъ мѣ'стнаго самоуправле'нія)	 
 	Земфира		Земфи'ра	 
 	Зенефельдер		Зенефе'льдеръ	 
 	зенит		зени'тъ (наивы'сшая то'чка небе'сной сфе'ры), въ зени'тѣ	 
 	зеница		зѣни'ца (зрачокъ, глазъ; храни'ть, какъ зѣни'цу о'ка — тща'тельно охраня'ть)	 
 	зенки		зѣ'нки, зѣ'ньки (рaзг. глаза')	 
 	зенковка		зенко'вка	 
 	Зенон		Зено'нъ	 
 	Зеньков		Зѣнько'въ	 
 	Зеньковский		Зѣнько'вскій	 
 	Зеравшан		Зеравша'нъ	 
 	зеркало		зе'ркало, въ зе'ркалѣ	 
 	зеркального		зерка'льнаго	 
 	зеркальное		зерка'льное	 
 	зеркальные		зерка'льные (м. р.), зерка'льныя (ж. р. и ср. р.)	 
 	зеркальный		зерка'льный, зерка'льнаго	 
 	зеркальце		зе'ркальце, въ зе'ркальцѣ	 
 	зёрна		зёрна	 
 	зернёный		зернёный	 
 	зернистый		зерни'стый	 
 	зерно		зерно', въ зернѣ'	 
 	зернь		зе'рнь (ме'лкіе ша'рики, напа'иваемые въ ювели'рныхъ издѣ'ліяхъ на орна'ментъ изъ филигра'ни)	 
 	зёрнышко		зёрнышко	 
 	зеро		зеро' (нулево'е очко' при игрѣ' въ руле'тку, фи'шки)	 
 	зерцало		зерца'ло (эмбле'ма правосу'дія въ ви'дѣ увѣ'нчанной двугла'вымъ орло'мъ трёхгра'нной при'змы съ ука'зами Петра' I)	 
 	зефир		зефи'ръ (фрукто'вая пастила'; бѣльева'я тка'нь; лёгкій тёплый вѣтеро'къ)	 
 	Зея		Зе'я, на Зе'ѣ	 
зи 	зигзагообразный		зигзагообра'зный, зигзагообра'знаго	^
 	зиждет		зи'ждетъ но зи'ждить, зижди'тель	 
 	зиждется		зи'ждется но зи'ждиться, зижди'тель	 
 	Зиждитель		Зижди'тель (о Бо'гѣ)	 
 	зиждитель		зижди'тель (творе'цъ, основа'тель), не зижде'тель!	 
 	зиждить		зи'ждить, зи'ждетъ	 
 	зиждиться		зи'ждиться, зи'ждется, зи'ждущійся	 
 	Зильберберг		Зильбербе'ргъ	 
 	зима		зима', по зимѣ'	 
 	зимнего		зи'мняго	 
 	зимнее		зи'мнее	 
 	зимней		зи'мней	 
 	зимние		зи'мніе (м. р.), зи'мнія (ж. р. и ср. р.)	 
 	зимний		зи'мній, зи'мняго	 
 	зимник		зи'мникъ, на зи'мникѣ	 
 	зимовище		зимо'вище	 
 	зимовье		зимо'вье, въ зимо'вьѣ	 
 	зимует		зиму'етъ	 
 	зинзивей		зинзиве'й	 
 	Зиновий		Зино'вій	 
 	зипун		зипу'нъ, въ зипунѣ' (крестья'нскій кафта'нъ безъ воротника', обы'чно изъ гру'баго самодѣ'льнаго сукна')	 
 	зияет		зія'етъ	 
 	зиять		зія'ть	 
зл 	златое		злато'е (золото'е)	^
 	златопёрая		златопёрая	 
 	златые		златы'е (м. р.), златы'я (ж. р. и ср. р.), наобѣща'лъ златы'я го'ры	 
 	злачёный		злачёный (покры'тый позоло'той, золочёный)	 
 	злее		злѣ'е, злѣ'йшій	 
 	злейший		злѣ'йшій	 
 	злоба		зло'ба, въ зло'бѣ, по зло'бѣ (не по злобѣ'!)	 
 	злободневный		злободне'вный, злободне'внаго	 
 	зловеще		зловѣ'ще	 
 	зловещее		зловѣ'щее	 
 	зловещие		зловѣ'щіе (м. р.), зловѣ'щія (ж. р. и ср. р.)	 
 	зловещий		зловѣ'щій, зловѣ'щаго, зловѣ'щимъ	 
 	зловоние		злово'ніе	 
 	зловредный		зловре'дный, зловре'днаго	 
 	злодей		злодѣ'й, о злодѣ'ѣ	 
 	злодейка		злодѣ'йка, о злодѣ'йкѣ	 
 	злодейские		злодѣ'йскіе (м. р.), злодѣ'йскія (ж. р. и ср. р.)	 
 	злодейский		злодѣ'йскій, злодѣ'йскаго	 
 	злодейского		злодѣ'йскаго	 
 	злодейское		злодѣ'йское	 
 	злодейство		злодѣ'йство, въ злодѣ'йствѣ	 
 	злодеяние		злодѣя'ніе	 
 	злое		зло'е	 
 	злокачественный		злока'чественный	 
 	злокозненный		злоко'зненный	 
 	злонамеренный		злонамѣ'ренный	 
 	злоречие		злорѣ'чіе	 
 	злословие		злосло'віе	 
 	злостнее		зло'стнѣе	 
 	злостные		зло'стные (м. р.), зло'стныя (ж. р. и ср. р.)	 
 	злостный		зло'стный, зло'стнаго, зло'стенъ, зло'стное	 
 	злосчастие		злосча'стье и злосча'стіе	 
 	злоумышленник		злоумы'шленникъ, о злоумы'шленникѣ	 
 	злоупотребление		злоупотребле'ніе	 
 	злоупотребляющий		злоупотребля'ющій	 
 	злыдень		злы'день, злы'дней, о злы'днѣ	 
 	злые		злы'е (м. р.), злы'я (ж. р. и ср. р.)	 
зм 	змеевидный		змѣеви'дный, зміеви'дный	^
 	змеевик		змѣеви'къ	 
 	змеелов		змѣело'въ	 
 	Змееносец		Змѣено'сецъ	 
 	змеёныш		змѣёнышъ	 
 	змееяд		змѣея'дъ (не змѣеѣ'дъ!)	 
 	змеиное		змѣи'ное	 
 	змеиного		змѣи'наго	 
 	змеиные		змѣи'ные (м. р.), змѣи'ныя (ж. р. и ср. р.)	 
 	змеиный		змѣи'ный, змѣи'наго	 
 	змеиться		змѣи'ться	 
 	змей		змѣ'й, змі'й, о змѣ'ѣ	 
 	змейка		змѣ'йка	 
 	змея		змѣя', о змѣѣ', змѣ'и, змѣёй, змѣ'ями, о змѣ'яхъ	 
 	Змиев		Змі'евъ	 
 	Змиёв		Зміёвъ	 
 	змий		змі'й (бuбл. змѣ'й; oбрaзн. напи'ться до зелёнаго змі'я)	 
зн 	знавший		зна'вшій, зна'вшаго	^
 	знаем		зна'емъ	 
 	знаемый		зна'емый, зна'емаго	 
 	знает		зна'етъ, зна'ете, зна'ешь, зна'емъ, зна'ютъ	 
 	знаете		зна'ете	 
 	знаете ли		зна'ете-ли	 
 	знаешь		зна'ешь	 
 	знаешь ли		зна'ешь-ли	 
 	знакомец		знако'мецъ	 
 	знакомство		знако'мство, при знако'мствѣ	 
 	знакомцев		знако'мцевъ	 
 	знамёна		знамёна	 
 	знаменатель		знамена'тель	 
 	знаменательный		знамена'тельный	 
 	знаменем		зна'менемъ	 
 	знамение		зна'меніе	 
 	знаменитость		знамени'тость	 
 	знаменитый		знамени'тый, знамени'таго	 
 	знаменный		зна'менный	 
 	знамённый		знамённый	 
 	знаменосец		знамено'сецъ, о знамено'сцѣ	 
 	знамя		зна'мя, зна'мени, зна'менемъ	 
 	знание		зна'ніе, зна'ніемъ, зна'нія, зна'ніями	 
 	знатные		зна'тные (м. р.), зна'тныя (ж. р. и ср. р.)	 
 	знахарь		зна'харь (лѣ'карь-самоу'чка, лѣ'чащій наро'дными сре'дствами, нагово'рами)	 
 	значащий		зна'чащій, зна'чащаго	 
 	значение		значе'ніе, въ значе'ніи	 
 	значительный		значи'тельный, значи'тельнаго	 
 	значить		зна'чить, зна'чащій	 
 	знающего		зна'ющаго	 
 	знающие		зна'ющіе (м. р.), зна'ющія (ж. р. и ср. р.)	 
 	знающий		зна'ющій, зна'ющаго	 
 	зноен		зно'енъ, знойнѣ'е	 
 	зной		зно'й, въ зно'ѣ	 
зо 	зовёмся		зовёмся	^
 	зовётся		зовётся	 
 	зовёшься		зовёшься	 
 	зовущего		зову'щаго	 
 	зовущее		зову'щее	 
 	зовущие		зову'щіе (м. р.), зову'щія (ж. р. и ср. р.)	 
 	зовущиеся		зову'щіеся (м. р.), зову'щіяся (ж. р. и ср. р.)	 
 	зовущий		зову'щій, зову'щаго	 
 	зодиак		зодіа'къ	 
 	зодчего		зо'дчаго	 
 	зодчество		зо'дчество, въ зо'дчествѣ	 
 	зодчий		зо'дчій, зо'дчаго	 
 	золовка		золо'вка (сестра' му'жа)	 
 	золото		зо'лото, въ зо'лотѣ, золоты'хъ дѣ'лъ ма'стеръ	 
 	золотое		золото'е	 
 	золотой		золото'й, золото'го, золото'е	 
 	золотце		зо'лотце (ла'сковое обраще'ніе)	 
 	золотые		золоты'е (м. р.), золоты'я (ж. р. и ср. р.)	 
 	золочёный		золочёный (пpил.), но золочённый (пpич.)	 
 	золочённый		золочённый (пpич.), но золочёный (пpил.)	 
 	зона		зо'на, на зо'нѣ	 
 	зоологический		зоологи'ческій	 
 	зоология		зооло'гія	 
 	зоотехник		зооте'хникъ	 
 	зорённый		зорённый (разорённый), зори'ть (разоря'ть)	 
 	зоркий		зо'ркій, зо'рче	 
 	зорче		зо'рче	 
зр 	зрачок		зрачо'къ, въ зрачкѣ'	^
 	зреем		зрѣ'емъ	 
 	зреет		зрѣ'етъ	 
 	зреешь		зрѣ'ешь	 
 	зрелище		зрѣ'лище	 
 	зрелого		зрѣ'лаго	 
 	зрелое		зрѣ'лое	 
 	зрелость		зрѣ'лость	 
 	зрелые		зрѣ'лые (м. р.), зрѣ'лыя (ж. р. и ср. р.)	 
 	зрелый		зрѣ'лый, зрѣ'лаго	 
 	зрение		зрѣ'ніе	 
 	зрения		зрѣ'нія (то'чка зрѣ'нія)	 
 	зреть		зрѣ'ть (смотрѣ'ть), зрю, зритъ, зрятъ; зри въ ко'рень; не зрить!	 
 	зреть		зрѣ'ть (созрѣва'ть), зрѣ'ю, зрѣ'ешь, зрѣ'етъ, зрѣ'ютъ	 
 	зрею		зрѣ'ю	 
 	зреют		зрѣ'ютъ	 
 	зритель		зри'тель, о зри'телѣ, зри'телемъ, зри'телю	 
 	зрителем		зри'телемъ	 
 	зрительное		зри'тельное	 
 	зрительные		зри'тельные (м. р.), зри'тельныя (ж. р. и ср. р.)	 
 	зрительный		зри'тельный, зри'тельнаго (зре'ніе), но зри'тельскій (зри'тель)	 
 	зрительские		зри'тельскіе (м. р.), зри'тельскія (ж. р. и ср. р.)	 
 	зрительское		зри'тельское, зри'тельскаго (зри'тель), но зри'тельный (зре'ніе)	 
 	зрячего		зря'чаго	 
 	зрячие		зря'чіе (м. р.), зря'чія (ж. р. и ср. р.)	 
 	зрячий		зря'чій	 
зу 	зубёнки		зубёнки	^
 	зубец		зубе'цъ, на зубцѣ', зубцо'въ	 
 	зубодёр		зубодёръ	 
 	зубрёжка		зубрёжка (зубре'ніе до отупѣ'нія), при зубрёжкѣ	 
 	зубрение		зубре'ніе (зау'чиваніе наизу'сть путёмъ многокра'тнаго повторе'нія)	 
 	зубрёнок		зубрёнокъ	 
 	зуд		зудъ, при зу'дѣ	 
 	зудение		зудѣ'ніе	 
 	зуёк		зуёкъ	 
зы 	зыбкий		зы'бкій	^
зю 	Зюдерзее		Зюдерзе'е	^
 	зюзя		зю'зя зю'зей (соверше'нно пья'ный)	 
зя 	зятёк		зятёкъ, зять (мужъ до'чери, сестры', золо'вки), о зятькѣ'	^
 	зять		зять, о зя'тѣ	 
 	зятьёв		зятьёвъ